,Name,Age,position1,position2,position3,Apps,Mins,Assists,AvgP,PS%,Crosses,LongB,ThrB,Rating,KeyP
0,Kevin De Bruyne,30, M(CLR),FW,,25(5),2205,8,45.3,82.5,1,2.4,0.3,7.64,2.9
1,Mohamed Salah,29, AM(CLR),FW,,30(5),2763,13,30.8,79.9,0.2,0.5,0.3,7.54,1.8
2,Son Heung-Min,29, M(CLR),FW,,35,3021,7,29,86.6,1.2,0.5,0.1,7.52,2.1
3,Trent Alexander-Arnold,23, D(R),M(R),,32,2854,12,67.3,78.1,2.6,6.3,0.3,7.51,2.8
4,Kenedy,26, D(L),M(LR),,1,59,1,46,73.9,-,2,-,7.46,2
5,Harry Kane,28, AM(C),FW,,36(1),3232,9,23.6,70.3,0.2,1.8,0.3,7.45,1.4
6,Rodri,25, DMC,,,33,2887,2,86.8,91.8,0.1,5.5,0.1,7.44,0.9
7,Luis Díaz,25, AM(L),,,11(2),964,3,33.8,87.7,0.4,0.5,-,7.44,1.5
8,João Cancelo,28, D(LR),M(R),,36,3228,7,82,85.3,0.6,3.9,0.1,7.43,1.1
9,Ben Chilwell,25, D(L),M(L),,6(1),541,1,38.6,83,1,0.7,-,7.42,1.4
10,Kieran Trippier,31, D(LR),M(R),,5(1),430,-,33.8,65,2,2.8,-,7.38,1.2
11,Christian Eriksen,30, M(CLR),,,10(1),938,4,49.5,80.9,3,5.5,0.1,7.37,2.7
12,Joel Matip,30, D(C),,,31,2790,3,74.8,88.5,-,3.5,0.1,7.35,0.4
13,Phil Foden,22, AM(CLR),FW,,24(4),2133,5,34.3,87.4,1.3,0.7,0.1,7.3,1.4
14,Sadio Mané,30, AM(CLR),FW,,32(2),2825,2,30.5,77.3,0.3,0.7,0.1,7.29,1.2
15,Ivan Toney,26, FW,,,32(1),2908,5,22.2,58.9,0.1,0.4,0.3,7.28,1.3
16,Bernardo Silva,27, M(CLR),FW,,33(2),2861,4,53.9,89.6,0.2,1.2,0.1,7.28,1.7
17,Kristoffer Klaesson,21, Goalkeeper,,,0(1),35,-,9,77.8,-,1,-,7.27,-
18,Danny Ward,28, GK,,,1,90,-,25,88,-,2,-,7.25,-
19,Rodrigo Bentancur,24, M(C),,,16(1),1367,4,59.2,90,0.2,2.2,0.1,7.24,0.9
20,Reece James,22, D(CR),DMC,M(R),22(4),1868,9,53,89.6,0.9,1.7,-,7.24,1.8
21,Ilkay Gündogan,31, M(C),,,20(7),1856,4,47,91.2,0.6,2.3,0.2,7.24,1.4
22,Ferran Torres,22, AM(LR),FW,,4,305,1,17.5,77.1,-,-,-,7.23,0.3
23,Andrew Robertson,28, D(L),M(L),,29,2541,10,66.5,85.2,1.6,2,-,7.23,1.9
24,Gabriel Jesus,25, AM(LR),FW,,21(7),1880,8,26.4,84.8,0.1,0.4,0.1,7.2,1.4
25,Raheem Sterling,27, M(CLR),FW,,23(7),2127,5,27.3,85.4,0.3,0.2,-,7.2,1.4
26,Dejan Kulusevski,22, AM(CR),FW,,14(4),1267,8,25.3,86.4,0.4,0.3,0.1,7.19,1.4
27,Mason Mount,23, M(CLR),,,27(5),2365,10,34.8,85.4,1.3,0.7,0.2,7.19,1.8
28,Virgil van Dijk,30, D(C),,,34,3060,1,77.8,89.5,-,4.9,-,7.18,0.3
29,Jack Grealish,26, AM(CL),FW,,22(4),1917,3,35.7,88.4,0.3,0.5,0.1,7.17,2
30,John McGinn,27, M(C),,,35,3092,4,35.5,79.5,0.9,3.3,0.2,7.17,1.5
31,Zack Steffen,27, GK,,,1,90,-,33,84.8,-,2,-,7.16,-
32,Pierre-Emile Højbjerg,26, M(C),,,36,3199,2,70.3,89.7,0.1,3.7,0.1,7.16,0.7
33,Jarrod Bowen,25, AM(CLR),FW,,34(2),2993,10,19.8,76.2,0.8,1,0.1,7.15,1.1
34,Cristiano Ronaldo,37, M(L),FW,,27(3),2459,3,29.3,81.9,-,0.5,-,7.11,0.9
35,John Stones,28, D(CR),,,12(2),1118,-,69.6,91.5,-,3.8,-,7.1,0.3
36,Allan Saint-Maximin,25, AM(CLR),FW,,31(4),2812,5,19.3,76.3,0.3,0.7,0.1,7.1,1.4
37,Declan Rice,23, D(C),DMC,,35(1),3178,4,59.8,91.6,0.2,3.6,-,7.1,0.7
38,Thiago,31, M(C),,,17(8),1538,4,59.9,89.1,-,4,-,7.1,1.2
39,Marcos Alonso,31, D(CL),M(L),,25(3),2173,4,40.5,81.1,1.1,1.5,-,7.09,1.5
40,Diogo Jota,25, AM(CLR),FW,,27(8),2373,4,21.3,74.9,0.1,0.3,0.1,7.08,1.1
41,Conor Gallagher,22, AM(C),,,33(1),2851,3,30.9,81.2,1.1,1.4,-,7.08,1.1
42,James Maddison,25, AM(CLR),,,28(7),2468,8,27.3,80.7,0.6,1.5,0.1,7.07,1.4
43,Moisés Caicedo,20, M(C),,,8,664,1,34.3,82.1,-,1.1,-,7.07,0.5
44,Thiago Silva,37, D(C),,,28(4),2651,-,81.9,92.8,-,5.3,-,7.06,0.2
45,Bukayo Saka,20, D(L),M(CLR),,36(2),2996,7,27.9,79.5,0.8,0.4,-,7.06,1.8
46,Oleksandr Zinchenko,25, D(L),M(CLR),,10(5),1045,4,64.7,90.7,0.3,1.6,0.1,7.05,1.1
47,Mateo Kovacic,28, M(CL),,,16(9),1557,5,47.7,88.8,-,2.2,0.2,7.04,1.1
48,Bruno Guimarães,24, DMC,,,11(6),1034,1,29.7,85.7,0.3,2.6,0.2,7.04,0.7
49,Bruno Fernandes,27, M(CLR),,,35(1),3120,6,52.8,78.3,1.1,3.3,0.3,7.03,2.5
50,Trevoh Chalobah,22, D(CR),DMC,,17(3),1451,1,63.5,90.6,-,2.2,0.1,7.03,0.2
51,Konstantinos Tsimikas,26, D(L),,,9(4),874,2,39.4,81.3,2,0.8,-,7.03,1.9
52,Caoimhin Kelleher,23, GK,,,2,180,-,39,89.7,-,2,-,7.02,-
53,Kepa Arrizabalaga,27, GK,,,4,360,-,27.3,78.9,-,3.5,-,7.02,-
54,James Ward-Prowse,27, M(CR),,,36,3217,5,50.8,86.3,2.1,1.8,0.1,7.01,2
55,Toti,23, D(C),,,4,360,-,50.3,75.6,-,1.5,-,7.01,-
56,Christian Nørgaard,28, D(C),DMC,,35,3059,4,47.6,79.9,0.1,2.1,0.1,7,0.8
57,N'Golo Kanté,31, DMC,,,21(5),1778,4,49.7,86.7,-,1.3,0.2,7,0.9
58,Fabinho,28, D(CR),DMC,,26(3),2316,1,53.2,87.5,-,2.1,0.1,7,0.6
59,Riyad Mahrez,31, AM(CLR),FW,,15(13),1493,5,29.5,90,0.6,1,0.2,7,1.4
60,Paul Pogba,29, M(CL),,,16(4),1355,9,43.9,83.5,0.2,3.7,0.2,7,1.2
61,Yves Bissouma,25, M(C),,,25(1),2117,2,45.7,89.2,-,1.7,-,6.99,0.3
62,Matt Targett,26, D(L),M(L),,16,1440,-,34.4,74.4,1.5,1.6,-,6.99,1.2
63,Wilfried Zaha,29, AM(LR),FW,,31(2),2761,1,27.5,79.9,0.4,0.4,0.1,6.99,1.4
64,Mason Greenwood,20, AM(R),FW,,16(2),1281,1,25.8,83.8,0.3,1.3,0.2,6.98,0.9
65,Dan Burn,30, D(CL),M(L),,16,1440,1,36.5,78.3,-,1.4,-,6.98,0.3
66,Tomas Soucek,27, DMC,,,34(1),3062,1,38.4,76.6,0.1,1.9,-,6.98,0.6
67,Ethan Pinnock,29, D(C),,,32,2698,1,44.3,75.4,0.1,2,-,6.97,0.3
68,James Tarkowski,29, D(C),,,35,3107,2,33.7,68.8,-,4,-,6.97,0.3
69,Raphinha,25, AM(LR),FW,,34(1),2923,3,30.7,69.3,0.9,1.6,0.1,6.97,1.9
70,Matt Doherty,30, D(LR),M(LR),,9(6),874,4,30.1,83.6,0.4,0.9,0.3,6.96,1
71,Richarlison,25, AM(CLR),FW,,28(2),2528,5,17.5,63.4,0.2,0.3,0.1,6.96,1
72,Philippe Coutinho,29, M(CLR),,,16(3),1339,3,33.1,83.3,0.2,1.4,0.1,6.96,1.3
73,Jorginho,30, DMC,,,26(3),2279,2,64.9,89.3,-,2.1,0.1,6.96,0.9
74,Rayan Aït-Nouri,21, D(L),M(L),,20(3),1828,2,32.8,76.7,1,1.2,-,6.96,0.7
75,Rúben Dias,25, D(C),,,27(2),2404,4,78.2,93.4,-,3.4,-,6.96,0.5
76,Thomas Partey,28, D(R),M(CR),,23(1),2032,1,50.2,85.6,-,3,-,6.96,0.7
77,Dwight McNeil,22, M(LR),,,35(3),3114,1,24.7,77.7,1.1,1.6,0.1,6.96,1.2
78,Sergio Reguilón,25, D(L),M(L),,22(3),1923,3,30.8,78.7,1,0.9,-,6.95,1.2
79,Wilfred Ndidi,25, D(C),DMC,,18(1),1619,-,48.9,80.2,-,1.5,-,6.95,0.1
80,Jamie Vardy,35, AM(L),FW,,20(5),1806,2,10,72.5,0.1,0.3,0.1,6.95,0.7
81,Marc Cucurella,23, D(CL),M(L),,35,3092,1,54.3,82,0.8,1.5,-,6.94,1.2
82,Michail Antonio,32, D(R),M(CLR),FW,34(2),2981,8,17.1,67.5,0.4,0.7,0.1,6.94,1.3
83,Adama Traoré,26, M(CLR),FW,,10(10),1065,-,14.9,77.9,0.5,0.5,0.1,6.94,0.9
84,Lucas Digne,28, D(CL),M(L),,16,1272,4,37.6,81.2,1.6,0.6,-,6.94,1.9
85,Cristian Romero,24, D(C),,,21(1),1846,-,59.8,86.7,-,2.6,-,6.92,0.3
86,Hakim Ziyech,29, M(CLR),,,14(9),1317,3,27.5,81.2,0.8,1,-,6.92,1.3
87,Jason Steele,31, GK,,,1,90,-,36,88.9,-,3,-,6.92,-
88,Nathan Aké,27, D(CL),DMC,,10(4),921,-,60.7,90.8,-,1,-,6.92,0.1
89,Dominic Calvert-Lewin,25, AM(L),FW,,15(2),1286,2,16.3,60.3,-,0.1,-,6.92,0.6
90,Ben Mee,32, D(CL),,,21,1840,-,35.8,70.4,-,4.2,-,6.91,0.2
91,Aymeric Laporte,28, D(CL),,,33,2836,-,88.5,94.8,0.1,4.3,0.1,6.91,0.3
92,Aaron Wan-Bissaka,24, D(R),M(R),,20,1794,-,46.9,81,0.4,0.9,-,6.91,0.7
93,Matthew Cash,24, D(R),M(CLR),,38,3380,3,32.1,72.4,0.5,1.4,-,6.91,0.7
94,Ricardo Pereira,28, D(LR),M(R),,13(1),994,3,38.4,79,0.1,0.8,-,6.91,0.7
95,Martin Ødegaard,23, AM(CR),,,32(4),2793,4,43.3,86,0.5,1.2,0.2,6.91,2.1
96,Youri Tielemans,25, M(C),,,29(3),2634,4,53.4,83.5,0.4,2.3,0.1,6.9,1.2
97,Neco Williams,21, D(R),M(L),,0(1),7,1,8,100,-,-,-,6.9,1
98,Ollie Watkins,26, AM(LR),FW,,33(2),2955,2,19.3,70.9,-,0.2,0.1,6.9,1
99,Leandro Trossard,27, M(CLR),FW,,32(2),2812,3,32.9,77.9,0.4,2.1,0.1,6.9,1.4
100,Scott McTominay,25, D(C),DMC,,28(2),2393,1,41.1,85.6,0.1,1.9,-,6.89,0.8
101,Alex Telles,29, D(L),M(L),,18(3),1660,4,44.5,80.3,1.4,1.1,-,6.89,1.2
102,Andreas Christensen,26, D(C),DMC,,17(2),1496,-,69.5,90,0.1,3.2,0.1,6.89,0.3
103,Nathan Collins,21, D(CR),,,18(1),1670,-,33.2,69.2,0.1,2.4,0.1,6.89,0.3
104,Ibrahima Konaté,23, D(C),,,11,990,-,68.2,88.1,-,2.1,-,6.89,-
105,Emmanuel Dennis,24, M(LR),FW,,30(3),2591,6,17.4,68.3,0.2,0.3,0.1,6.89,1
106,Shane Duffy,30, D(C),,,15(3),1434,-,57.2,87.4,0.1,3.6,-,6.88,0.2
107,Maximilian Kilman,25, D(C),,,30,2689,-,50.8,85.8,-,2.8,-,6.87,0.1
108,Ruben Loftus-Cheek,26, M(CLR),,,13(11),1388,2,40,89.7,0.1,0.6,-,6.87,0.8
109,Alisson,29, GK,,,36,3240,1,32.7,85.5,-,4.2,-,6.87,-
110,Wesley Fofana,21, D(C),,,7,630,-,75.3,89,-,2.3,-,6.87,0.3
111,Saïd Benrahma,26, AM(CLR),,,26(6),2184,6,23.8,81.1,0.3,0.5,0.1,6.87,1
112,Emerson Royal,23, D(R),M(R),,26(5),2291,1,36.6,82.3,0.6,0.6,-,6.87,0.9
113,Fred,29, M(C),,,24(4),2036,4,48,84.1,-,2.2,0.2,6.87,1
114,Oriol Romeu,30, DMC,,,34(2),2899,2,46.5,82,0.1,2.8,0.1,6.87,1
115,Hassane Kamara,28, D(L),M(L),,18(1),1625,-,37.3,70.5,0.3,1.5,0.1,6.86,0.5
116,Jordan Henderson,31, D(C),M(CLR),,29(6),2604,5,61.6,85.5,0.5,2.8,0.1,6.86,1.1
117,Davinson Sánchez,25, D(C),,,17(6),1626,-,49,87.8,-,1.7,-,6.86,0.2
118,Josh Brownhill,26, M(CR),,,32(3),2953,3,32.1,77.4,0.5,1.7,-,6.86,1.1
119,Curtis Jones,21, AM(C),,,10(5),856,1,39.1,90.5,0.1,1,-,6.86,0.7
120,Gabriel Martinelli,20, AM(L),FW,,21(8),1866,6,18.1,79.7,0.4,0.5,-,6.86,1.2
121,Diogo Dalot,23, D(LR),M(R),,19(5),1799,-,40,80.2,0.6,3,-,6.86,0.7
122,Liam Cooper,30, D(C),,,21,1815,1,56,83.1,-,2.8,-,6.85,0.2
123,Antonio Rüdiger,29, D(CR),,,34,3035,-,73.4,88.1,0.1,4.7,0.1,6.85,0.4
124,Kai Havertz,22, M(CR),FW,,22(7),1816,3,22.6,81.3,0.1,0.3,0.1,6.85,0.7
125,Roberto Firmino,30, M(CLR),FW,,10(10),987,4,24.3,78.8,0.1,0.5,0.1,6.85,0.8
126,Rúben Neves,25, DMC,,,31(2),2663,2,58.5,84,0.3,6,0.2,6.85,0.8
127,James McArthur,34, M(CLR),,,15(6),1438,3,43.3,83.1,0.3,1.9,-,6.84,0.8
128,Romain Saïss,32, D(C),DMC,,31,2709,-,57.5,80.1,-,3.5,-,6.84,0.2
129,Mohammed Salisu,23, D(CL),,,33(1),2972,-,51.2,77.9,0.1,2.6,-,6.83,0.3
130,Kyle Walker-Peters,25, D(LR),M(R),,29(3),2632,2,34,81.3,0.2,1.3,0.1,6.83,0.8
131,Takehiro Tomiyasu,23, D(CR),,,20(1),1682,1,43.9,81.1,0.6,1.7,-,6.83,0.6
132,Joelinton,25, AM(CLR),FW,,30(5),2559,1,26,77.6,0.1,0.7,-,6.83,0.8
133,Romelu Lukaku,29, AM(R),FW,,16(10),1586,-,12.2,72.9,-,0.2,-,6.83,0.9
134,Lucas Moura,29, AM(CLR),FW,,19(15),1774,6,21.3,76.7,0.2,0.3,0.1,6.82,1
135,Nélson Semedo,28, D(LR),M(R),,25,2137,1,36.5,77.4,0.2,0.8,-,6.82,0.7
136,Charlie Taylor,28, D(L),M(L),,30(1),2731,3,31.6,71.1,0.6,2.4,-,6.82,0.7
137,Ross Barkley,28, M(CLR),,,1(5),176,-,20.2,85.1,0.5,0.7,0.2,6.82,1.3
138,César Azpilicueta,32, D(CLR),M(R),,24(3),2075,2,59.4,85.7,0.2,1.7,-,6.81,0.6
139,José Sá,29, GK,,,37,3286,1,24,63,-,3.9,-,6.81,0.1
140,Nick Pope,30, GK,,,36,3240,-,25.8,44.5,-,9.2,-,6.81,0.1
141,Jan Bednarek,26, D(C),,,30(1),2633,-,46.6,81.7,-,2.8,-,6.81,0.2
142,Dan Burn,30, D(CL),M(L),,12(1),1023,-,48.9,81.8,-,1.9,-,6.8,0.2
143,Pablo Fornals,26, M(CLR),,,32(4),2804,3,36.6,78.1,0.5,1.9,0.1,6.8,1.3
144,David Raya,26, GK,,,24,2160,-,40,64.5,-,10.8,-,6.8,-
145,Joël Veltman,30, D(CR),M(R),,33(1),2881,1,46.6,79.7,0.2,1.9,0.1,6.8,0.5
146,Lucas Digne,28, D(CL),M(L),,13,1170,-,39.1,76,1.2,1,-,6.8,1.7
147,Calum Chambers,27, D(CR),DMC,,9(2),829,-,43.5,82.8,0.1,2.9,0.1,6.79,0.2
148,Pascal Groß,30, M(CR),FW,,24(5),2043,4,38.3,82.8,2,2.1,0.1,6.79,2.1
149,Harvey Barnes,24, AM(CL),,,24(8),2107,10,22,76.4,0.2,0.3,0.1,6.79,0.9
150,Naby Keïta,27, M(C),,,14(9),1175,1,32.3,86,-,0.6,-,6.79,0.7
151,Hugo Lloris,35, GK,,,38,3420,-,20.9,76.8,-,4.1,-,6.78,0.1
152,Raphaël Varane,29, D(C),,,20(2),1829,1,52.3,87.8,-,3.6,-,6.78,0.2
153,Demarai Gray,25, AM(CLR),FW,,28(6),2352,4,18.6,81.5,1,0.8,-,6.78,1.2
154,Stuart Dallas,31, D(LR),M(CLR),,34,2929,1,39.8,78.8,0.7,1.6,0.1,6.78,0.9
155,João Pedro,20, AM(L),FW,,15(13),1639,1,19.6,69.9,0.1,0.9,0.1,6.78,0.7
156,Daniel Podence,26, AM(CLR),FW,,15(11),1486,3,22.2,74.1,0.5,1,0.1,6.78,1.4
157,Benjamin White,24, D(CR),DMC,,32,2880,-,56.6,84.6,-,2.8,0.1,6.78,0.4
158,Douglas Luiz,24, M(C),,,31(3),2720,3,42.7,86.8,0.6,1.6,0.1,6.77,1.1
159,Ben Davies,29, D(CL),M(L),,28(1),2540,1,54.6,85,0.2,1.6,-,6.77,0.4
160,Callum Hudson-Odoi,21, M(CLR),,,11(4),966,2,23.6,85.3,0.3,0.6,-,6.77,1.7
161,Jacob Ramsey,21, AM(C),,,29(5),2477,1,29.8,87,0.1,0.7,-,6.77,0.6
162,Kieran Tierney,25, D(CL),M(L),,22,1919,3,41.1,82.5,0.7,2,-,6.77,0.9
163,Marc Guéhi,21, D(C),,,36,3223,1,65.2,87.4,-,4.4,-,6.76,0.2
164,Pontus Jansson,31, D(C),,,37,3322,1,40.2,80.9,-,1,-,6.76,0.1
165,Eric Dier,28, D(CR),DMC,,35,3072,-,66.4,88.1,-,3.7,0.1,6.76,0.2
166,Lukasz Fabianski,37, GK,,,37,3330,-,22.9,59.2,-,5.9,-,6.76,-
167,Jonny Evans,34, D(CL),,,16(2),1350,1,55.9,83.2,-,3.4,0.1,6.76,0.2
168,Malang Sarr,23, D(CL),,,6(2),546,-,58.4,88.2,0.1,1.8,0.1,6.76,0.4
169,Tyrick Mitchell,22, D(L),,,35(1),3103,2,41.5,71.9,0.6,1.8,-,6.75,0.6
170,Alexis Mac Allister,23, M(CL),FW,,22(11),2118,2,30.2,84.4,0.5,1.5,0.1,6.75,0.9
171,Marçal,33, D(CL),M(L),,17(1),1453,-,38.3,77.7,0.6,1.1,-,6.75,0.6
172,Aaron Cresswell,32, D(CL),M(L),,31,2728,3,55.1,82.6,1.1,2.6,-,6.75,1
173,Emiliano Buendía,25, M(CLR),,,22(13),1902,6,24.3,81.6,0.1,0.8,0.3,6.75,1.4
174,Gabriel Magalhães,24, D(C),,,35,3068,-,58.2,89.5,-,2.5,-,6.74,0.3
175,Kurt Zouma,27, D(CR),,,24,2080,-,41.5,87.7,-,1.8,-,6.74,0.1
176,Luke Thomas,20, D(L),M(L),,21(1),1912,1,46.4,80.3,0.2,1.1,0.1,6.74,0.5
177,Emile Smith Rowe,21, AM(CL),,,21(12),1922,2,23.2,87.4,0.2,0.4,0.1,6.74,0.9
178,Pierre-Emerick Aubameyang,32, M(CLR),FW,,12(2),1040,1,13.9,70.1,-,0.2,0.1,6.74,0.6
179,Jonny,28, D(CLR),M(LR),,10(3),1023,-,39,83,0.5,1.5,0.1,6.74,0.8
180,Asmir Begovic,34, GK,,,3,270,-,26.7,43.8,-,6.7,-,6.74,-
181,Bryan Mbeumo,22, AM(LR),FW,,34(1),2916,7,20.9,69,0.5,0.7,-,6.74,1
182,Çaglar Söyüncü,26, D(C),,,28,2498,-,68.6,84.6,0.1,3.1,-,6.74,0.1
183,Kasper Schmeichel,35, GK,,,37,3330,-,30.4,69.7,-,7.1,-,6.74,-
184,Tyrone Mings,29, D(CL),,,35(1),3188,3,46.1,79.6,-,2.8,0.1,6.74,0.3
185,Alexandre Lacazette,31, M(CLR),FW,,20(10),1789,7,14.8,76.4,0.1,0.3,0.1,6.74,1
186,Valentino Livramento,19, D(R),,,25(3),2203,1,32.4,78.6,0.4,1,-,6.73,0.7
187,Lewis Dunk,30, D(C),,,29,2574,-,67.1,88.4,-,4.7,-,6.73,0.1
188,Kyle Walker,32, D(CR),M(R),,20,1756,2,75,90.3,0.3,3.8,0.1,6.73,0.6
189,Kristoffer Ajer,24, D(CR),DMC,,23(1),1987,3,30.1,69.7,0.1,1.3,0.1,6.73,0.3
190,Vitaly Janelt,24, DMC,,,27(4),2309,-,30.6,77.9,0.2,1.7,0.1,6.73,0.7
191,Cheikhou Kouyaté,32, D(CR),DMC,,23(4),1978,1,29.6,82,-,1.1,-,6.73,0.2
192,Grant Hanley,30, D(C),,,33,2899,-,39.7,83.1,-,2.1,-,6.73,0.2
193,Abdoulaye Doucouré,29, M(C),,,29(1),2538,4,36.1,79.6,-,1,0.1,6.72,0.6
194,Jeffrey Schlupp,29, D(L),M(CLR),,20(12),1846,1,20,76.3,0.1,0.6,0.1,6.72,0.6
195,Che Adams,25, AM(CL),FW,,23(7),2043,3,15.4,65.7,-,0.4,0.1,6.72,0.9
196,Michael Keane,29, D(CR),,,31(1),2793,2,37.8,76.5,-,3.9,-,6.72,0.3
197,Chris Wood,30, FW,,,15(2),1328,-,18.9,52.5,-,0.2,0.1,6.72,0.6
198,Joel Ward,32, D(LR),DMC,M(R),27(1),2486,-,51.6,79.2,0.1,2.4,-,6.72,0.3
199,Adam Webster,27, D(C),,,16(6),1432,-,52.4,81,-,3,-,6.72,-
200,Matt Targett,26, D(L),M(L),,17,1434,1,37.8,73.7,0.9,1.9,-,6.71,1.2
201,Timothy Castagne,26, D(CLR),M(LR),,22(5),2126,-,40.8,82,0.4,1.3,-,6.71,0.6
202,Andros Townsend,30, AM(LR),FW,,17(4),1459,2,18.7,78.1,1.3,0.3,-,6.71,1.5
203,Erik Pieters,33, D(L),M(L),,8(4),727,1,21.2,67.7,0.2,1.2,0.1,6.71,0.2
204,James Justin,24, D(CLR),M(LR),,11(2),997,-,42.9,80.6,0.2,1.2,-,6.7,0.7
205,Ederson,28, GK,,,37,3330,-,25.9,88.8,-,4,-,6.7,-
206,Craig Dawson,32, D(CR),,,30(4),2754,2,37.5,80.9,-,3,-,6.7,0.1
207,Fraser Forster,34, GK,,,19,1710,-,27.9,54.7,-,6.4,-,6.7,-
208,Fernandinho,37, D(CR),DMC,,10(9),960,1,44.1,88.8,0.1,1.8,0.1,6.7,0.5
209,Fabian Schär,30, D(C),,,25,2161,2,39.4,69.6,-,5.1,-,6.7,0.4
210,Anthony Gordon,21, AM(LR),,,25(10),2285,2,17.5,74.2,0.7,0.2,-,6.7,1
211,Leo Fuhr Hjelde,18, D(C),,,0(2),148,-,40,68.8,-,1.5,-,6.7,0.5
212,Vitalii Mykolenko,23, D(CL),M(L),,12(1),1056,-,24.6,73.4,0.6,1,0.1,6.69,0.6
213,Joshua King,30, AM(CLR),FW,,27(5),2251,3,15.6,72.9,0.1,0.1,0.1,6.69,1.1
214,Danny Welbeck,31, AM(CLR),FW,,15(10),1477,2,10.9,77.7,-,0.1,-,6.69,0.7
215,João Moutinho,35, M(C),,,34(1),2975,1,54.9,86.7,0.8,3.8,-,6.69,1.1
216,Maxwel Cornet,25, D(L),M(LR),FW,21(5),1778,1,14.5,70.6,0.4,0.2,-,6.69,0.6
217,Moussa Sissoko,32, M(CR),,,36,3221,1,31.8,78.3,0.4,1.6,0.1,6.68,1
218,Vicente Guaita,35, GK,,,30,2656,-,26.6,74.9,-,4.5,-,6.68,-
219,Arthur Masuaku,28, D(L),M(L),,6(7),645,1,24.5,79.9,0.2,0.5,-,6.68,0.2
220,Ryan Sessegnon,22, D(L),M(LR),,13(2),1054,2,21.5,76.8,0.5,0.4,-,6.68,0.9
221,Kiernan Dewsbury-Hall,23, M(C),,,23(5),2106,2,41,81.2,0.3,1.1,0.1,6.68,1.3
222,Christian Pulisic,23, M(CLR),FW,,13(9),1286,2,19.9,80.3,0.1,0.3,-,6.67,0.7
223,Jordan Ayew,30, AM(CLR),FW,,23(8),2024,3,21.6,83.6,0.3,0.3,0.2,6.67,0.7
224,Granit Xhaka,29, D(L),M(C),,27,2331,2,57.1,86.8,0.3,2,0.2,6.67,1.2
225,Jack Harrison,25, AM(CLR),FW,,32(3),2652,1,24.9,70.5,0.5,0.6,0.1,6.67,1.2
226,Chris Wood,30, FW,,,17,1378,-,17.9,58.6,-,0.2,-,6.66,0.5
227,Joachim Andersen,26, D(C),,,32(2),2915,3,68.6,81.6,0.1,7.4,0.1,6.66,0.6
228,Angelo Ogbonna,34, D(C),,,11,922,-,43.1,85.2,-,1.5,-,6.66,-
229,Raúl Jiménez,31, FW,,,30(4),2640,4,22.1,71.8,0.1,0.7,0.1,6.66,1.1
230,Enock Mwepu,24, M(CR),,,12(6),997,4,21.4,74.5,0.1,0.3,0.1,6.66,0.5
231,Michael Olise,20, AM(CLR),,,12(14),1138,5,21,81.4,0.7,1.1,0.1,6.66,0.9
232,Odsonne Édouard,24, AM(L),FW,,18(10),1567,3,14.8,73.7,-,0.1,-,6.66,0.8
233,Jadon Sancho,22, AM(CLR),,,20(9),1904,3,32.2,83.5,0.3,0.4,0.1,6.66,1.4
234,Christian Benteke,31, FW,,,11(14),1136,1,11.9,64.4,-,0.3,-,6.66,0.5
235,Édouard Mendy,30, GK,,,34,3060,-,23.6,82,-,3.5,-,6.65,-
236,Ben Johnson,22, D(LR),M(L),,16(4),1401,-,28.1,70.8,0.7,1.8,-,6.65,0.5
237,Martin Dúbravka,33, GK,,,26,2340,-,29,59.4,-,8.6,-,6.65,0.1
238,Pablo Marí,28, D(C),,,2,180,-,46,85.9,-,2,-,6.65,0.5
239,Aaron Ramsdale,24, GK,,,34,3060,-,29.7,62.6,-,4.7,-,6.65,-
240,Manuel Lanzini,29, M(CLR),,,19(11),1789,3,40.1,91.9,0.2,1.1,-,6.65,0.8
241,Harry Maguire,29, D(C),,,28(2),2514,-,52.1,86.4,-,4,-,6.65,0.1
242,Danny Ings,29, AM(C),FW,,22(8),1906,6,12,69.3,-,0.3,-,6.65,0.5
243,Jean-Philippe Mateta,24, FW,,,13(9),1152,1,10.5,67.8,0.1,-,-,6.64,0.3
244,David de Gea,31, GK,,,38,3420,-,20.7,68.9,-,3.1,-,6.64,-
245,Ademola Lookman,24, AM(CLR),FW,,16(10),1459,-,19.5,78.3,0.1,0.1,0.1,6.64,0.9
246,Conor Coady,29, D(CR),DMC,,38,3364,-,44.4,89.7,-,3.8,-,6.64,0.1
247,Luke Shaw,26, D(CL),M(L),,19(1),1603,3,46.2,84.1,1.5,1.6,0.2,6.64,2
248,Robert Sánchez,24, GK,,,37,3330,-,36,67.4,-,5.5,-,6.63,0.1
249,Nemanja Matic,33, DMC,,,16(7),1384,4,45.2,87.1,0.1,2.2,0.2,6.63,0.6
250,Emiliano Martínez,29, GK,,,36,3240,-,26,70.4,-,4.8,-,6.63,-
251,Juraj Kucka,35, M(CLR),,,22(4),1924,1,26.1,68.7,0.2,1,-,6.63,0.4
252,Alex McCarthy,32, GK,,,17,1530,-,25.3,56.5,-,4.8,-,6.63,0.1
253,Wout Weghorst,29, FW,,,17(3),1457,3,21.3,64.3,0.1,0.2,-,6.62,0.7
254,Adam Masina,28, D(L),M(L),,13(2),1077,1,28.1,69.7,0.5,2.1,-,6.62,0.5
255,Mohamed Elyounoussi,27, AM(CLR),FW,,23(7),2046,2,20.1,70.7,0.1,0.4,-,6.62,0.9
256,Yerry Mina,27, D(C),,,11(2),847,-,27.4,80.1,0.1,1.7,-,6.61,0.1
257,Fabian Delph,32, D(L),M(CL),,8(3),666,-,27.8,84.3,-,2.5,-,6.61,0.4
258,Séamus Coleman,33, D(CR),M(R),,30,2658,-,31.7,74.2,0.4,1.8,-,6.61,0.4
259,Dimitris Giannoulis,26, D(L),M(L),,14(4),1169,1,30.7,76.5,0.3,0.6,-,6.61,0.5
260,Illan Meslier,22, GK,,,38,3385,-,29.3,69,-,4,-,6.61,-
261,Connor Roberts,26, D(LR),M(R),,19(2),1693,1,30.8,72.9,0.3,1.1,-,6.61,0.6
262,Jordan Pickford,28, GK,,,35,3150,-,29.2,48.1,-,8.2,-,6.6,0.1
263,Eddie Nketiah,23, FW,,,8(13),825,1,10.7,77.7,-,-,-,6.6,0.6
264,James Milner,36, D(LR),M(CLR),,9(15),851,1,29.3,86,0.5,1.1,0.1,6.6,0.9
265,Divock Origi,27, AM(LR),FW,,0(7),127,-,5.3,75.7,-,0.1,-,6.6,-
266,Benjamin Mendy,27, D(L),DMC,M(L),1,79,-,77,92.2,1,1,-,6.6,2
267,Nathan Redmond,28, AM(CLR),FW,,20(7),1834,5,24.8,73.1,0.7,0.9,0.1,6.6,1.3
268,Hamza Choudhury,24, DMC,,,4(2),287,-,24.8,82.6,-,1.2,-,6.6,-
269,Armando Broja,20, FW,,,21(11),1981,-,12.4,61.4,-,-,-,6.59,0.3
270,Joseph Willock,22, M(C),,,24(5),2047,-,18.8,81.6,0.1,0.6,-,6.59,0.6
271,Solly March,27, M(CLR),,,17(14),1739,2,20.6,77.4,0.8,1.3,-,6.59,1.1
272,Emil Krafth,27, D(CR),,,18(2),1638,1,29.6,73.3,0.2,0.6,-,6.59,0.3
273,Matthew Lowton,32, D(LR),M(R),,20(5),1772,2,25.9,67.4,0.4,2.5,-,6.59,0.7
274,Diego Llorente,28, D(C),DMC,,28,2344,-,48.5,81.4,-,3.1,-,6.58,0.1
275,Callum Wilson,30, FW,,,16(2),1395,-,8.4,68.2,0.1,0.1,0.1,6.58,0.6
276,Ismaïla Sarr,24, AM(LR),FW,,21(1),1865,2,18.8,77.5,0.4,0.5,-,6.58,1
277,Alexander Iwobi,26, M(CLR),,,22(6),2037,2,24.9,79.6,0.4,1,0.1,6.58,1.3
278,Trincão,22, AM(CR),,,16(12),1340,1,15.3,80.8,0.3,0.6,-,6.58,0.5
279,Kortney Hause,26, D(CL),,,4(3),397,-,31.7,78.8,-,2.4,-,6.58,-
280,Willy Boly,31, D(C),,,10,900,-,55.6,84,-,1.5,-,6.58,0.1
281,Francisco Sierralta,25, D(C),,,5,428,-,36.4,78,-,0.8,-,6.57,-
282,Rodrigo,31, M(CLR),FW,,27(4),2275,1,28.1,75.5,0.4,1.3,0.2,6.57,1.2
283,Oliver Skipp,21, DMC,,,14(4),1349,-,46.9,90.1,0.1,1.1,0.1,6.57,0.4
284,Jonjo Shelvey,30, M(C),,,22(2),1986,1,37.5,81.3,0.4,4.9,0.1,6.57,0.7
285,Vladimír Coufal,29, D(R),M(R),,25(3),2211,4,37.4,71.4,0.7,1.3,-,6.57,0.8
286,Harvey Elliott,19, AM(CR),,,4(2),346,-,40.2,84.2,0.5,1,-,6.57,1.5
287,Kalvin Phillips,26, D(C),DMC,,18(2),1596,1,47.4,82,0.2,3.5,-,6.56,0.5
288,Angus Gunn,26, GK,,,9,810,-,28.7,62.8,-,7,-,6.56,-
289,Alex Oxlade Chamberlain,28, M(CLR),,,9(8),787,1,22.2,82.3,0.2,1.4,-,6.56,0.6
290,Joe Gomez,25, D(CLR),,,4(4),331,1,29.9,83.3,0.5,1.1,-,6.56,0.4
291,Alphonse Areola,29, GK,,,1,90,-,37,48.6,-,10,-,6.56,-
292,Anthony Elanga,20, AM(LR),,,14(7),1217,2,19.7,78.2,0.2,0.2,-,6.56,0.4
293,Mathias Normann,26, M(C),,,20(3),1653,2,32.5,71.8,0.3,2.8,0.2,6.56,0.6
294,Nathaniel Clyne,31, D(LR),M(R),,15(1),1351,1,34.9,79.2,0.2,0.9,0.1,6.55,0.4
295,Chiquinho,22, AM(R),,,1(7),204,3,9.4,73.3,0.9,0.3,-,6.55,0.6
296,Charlie Goode,26, D(C),,,4(2),448,-,38.3,70,0.3,2.7,-,6.55,1.2
297,Marc Albrighton,32, D(R),M(LR),,11(6),1128,2,25.1,67.2,0.9,0.8,-,6.54,0.6
298,Yan Valery,23, D(CR),M(R),,3(2),369,-,27.8,72.7,0.2,0.2,-,6.54,0.2
299,Imrân Louza,23, M(CLR),,,17(3),1423,-,32.5,77.5,0.5,2.3,0.1,6.54,0.8
300,Brandon Williams,21, D(L),M(L),,23(3),2123,1,35.9,81.8,0.1,1.6,0.2,6.54,0.8
301,Rico Henry,24, D(L),M(L),,33(1),2784,-,30.1,74.4,0.6,1,-,6.54,0.5
302,Tariq Lamptey,21, D(R),M(R),,16(14),1558,2,20.5,85.8,0.6,0.2,-,6.54,0.7
303,Dele Alli,26, M(CL),FW,,8(2),658,-,21.8,78.9,0.1,0.4,-,6.53,0.2
304,Timo Werner,26, AM(CLR),FW,,15(6),1286,1,17.7,78.2,-,0.2,-,6.53,0.4
305,Mason Holgate,25, D(CR),DMC,M(R),23(2),2134,1,33.7,68.4,-,3,-,6.53,0.1
306,Eberechi Eze,23, AM(CLR),,,6(7),603,1,21,82.4,0.6,0.8,-,6.53,0.8
307,Samir,27, D(CL),,,19,1676,-,35.1,80.7,-,2.1,-,6.53,0.1
308,Hwang Hee-Chan,26, AM(CLR),FW,,20(10),1822,1,20.9,81,0.1,0.7,-,6.53,0.5
309,Daniel James,24, AM(LR),FW,,2,128,-,14.5,69,-,-,-,6.53,1
310,Will Hughes,27, M(CLR),,,13(3),1058,1,31.3,85.6,0.4,1.3,-,6.53,0.6
311,Andrew Omobamidele,19, D(C),,,4(1),381,-,45.4,84.1,-,2.8,-,6.53,-
312,Cédric Soares,30, D(LR),M(R),,16(5),1487,1,41.6,83.5,1,1.5,-,6.53,0.9
313,Yoane Wissa,25, AM(L),FW,,12(18),1275,1,9.1,68.1,-,0.2,-,6.52,0.3
314,Kelechi Iheanacho,25, AM(C),FW,,13(13),1263,5,13.4,77.4,0.1,0.2,0.2,6.52,0.7
315,Japhet Tanganga,23, D(CR),,,10(1),740,-,31.5,84.1,0.2,0.8,-,6.52,0.2
316,Paul Dummett,30, D(CL),,,2(1),194,-,17.3,73.1,-,0.3,-,6.52,-
317,Cucho Hernández,23, AM(LR),FW,,11(14),1143,2,13.5,65.6,0.5,0.7,-,6.51,0.8
318,Stuart Armstrong,30, AM(CLR),,,15(10),1470,-,28,82,0.4,0.5,-,6.51,1
319,Ben Godfrey,24, D(CLR),,,23,2031,-,30.7,76.6,0.2,1,-,6.51,0.5
320,Albert Sambi Lokonga,22, DMC,,,12(7),1133,-,43.1,88.4,0.1,1.8,0.1,6.51,0.9
321,Adam Lallana,34, M(CLR),,,18(6),1561,1,39.9,87.1,-,0.8,-,6.5,0.3
322,Jamaal Lascelles,28, D(C),,,22(4),2055,-,26.5,74.6,-,1.3,-,6.5,0.2
323,Allan,31, DMC,,,25(3),2188,2,34.2,80,0.1,1.4,-,6.5,0.5
324,Jack Stephens,28, D(CR),,,9(2),811,-,42.1,77.3,-,2.5,-,6.5,0.4
325,Victor Lindelöf,27, D(CR),,,26(2),2355,2,49.2,87.8,-,2.3,0.1,6.5,0.1
326,Daniel Bachmann,27, GK,,,12,1080,-,26.3,54.3,-,6.6,-,6.49,-
327,Junior Firpo,25, D(L),M(L),,19(5),1716,2,32.4,81.4,0.3,0.9,-,6.49,0.9
328,Liam Delap,19, Forward,,,0(1),9,-,1,100,-,-,-,6.49,-
329,Saúl Ñíguez,27, D(CL),M(CLR),,5(5),480,-,32.5,88.9,0.2,1.3,-,6.49,0.3
330,Sergi Canós,25, M(LR),,,25(6),2094,2,21.5,62.9,0.5,0.9,0.1,6.49,0.5
331,Neal Maupay,25, AM(C),FW,,25(7),2276,2,18.8,77.8,0.1,0.3,0.1,6.49,0.7
332,Luke Ayling,30, D(CR),M(R),,26,2275,2,54.5,77.4,0.2,4.1,0.1,6.48,0.5
333,Rob Holding,26, D(CR),,,9(6),840,-,31.7,86.8,-,1.1,-,6.48,-
334,Pierre Lees-Melou,29, M(CLR),,,27(6),2273,-,30,79.6,0.3,2.6,0.1,6.48,0.8
335,Edo Kayembe,24, DMC,,,9(4),801,-,33.3,85.9,0.1,2.2,0.1,6.48,0.5
336,Patrick Bamford,28, AM(CLR),FW,,7(2),560,2,11.6,81.7,0.2,0.2,-,6.48,0.6
337,Javier Manquillo,28, D(LR),M(R),,15(4),1267,2,16.6,73,0.1,0.4,-,6.48,0.2
338,Nicolas Nkoulou,32, D(C),,,2(1),168,-,19,87.7,-,1.3,-,6.47,0.3
339,Teemu Pukki,32, AM(C),FW,,37,3261,3,14.2,75.2,0.1,0.4,-,6.47,0.7
340,Zanka,32, D(C),,,6(2),517,-,33.6,80.7,0.3,1.9,-,6.47,0.4
341,Donny van de Beek,25, M(C),,,5(2),484,-,34.6,84.7,-,0.3,-,6.47,0.3
342,Tim Iroegbunam,18, Midfielder,,,1(2),91,-,9,81.5,-,-,-,6.46,-
343,Sam Byram,28, D(CLR),M(R),,11(4),1024,-,29.4,77.1,-,0.7,-,6.46,0.3
344,Mohamed Elneny,29, DMC,,,8(6),802,2,40.4,93.5,-,1.3,-,6.46,0.6
345,Daniel Amartey,27, D(CR),DMC,,23(5),2120,-,54.8,90.7,-,1.8,-,6.46,0.1
346,Finley Stevens,19, Defender,,,0(1),14,-,6,83.3,-,-,-,6.46,1
347,Álvaro Fernández,24, GK,,,12,1080,-,38,60.5,-,6.7,-,6.46,-
348,Ryan Fraser,28, M(CLR),FW,,18(9),1471,3,14.3,77.5,1.2,0.5,-,6.46,0.9
349,Tanguy Ndombele,25, M(C),,,6(3),486,1,29.3,87.1,-,0.7,0.2,6.46,0.4
350,Saman Ghoddos,28, AM(CLR),FW,,4(13),528,1,11.2,71.6,0.2,0.5,0.1,6.46,0.4
351,Issa Diop,25, D(C),,,10(3),962,1,36.7,85.1,-,1.2,0.2,6.46,0.1
352,Jeremy Ngakia,21, D(R),,,9(7),900,-,21,73.8,0.3,1.2,-,6.45,0.3
353,Patson Daka,23, FW,,,13(10),1163,3,9.6,74.5,-,0.1,-,6.45,0.6
354,Jamie Shackleton,22, D(R),DMC,,7(7),709,-,24.7,86.4,-,0.2,-,6.45,0.1
355,Marvelous Nakamba,28, DMC,,,10(6),905,-,24,85.2,-,0.8,-,6.45,0.1
356,Dan Gosling,32, M(C),,,2(2),165,-,15.8,85.7,0.3,0.5,-,6.45,0.3
357,Jack Butland,29, GK,,,8(1),765,-,27.4,70.4,-,3.4,-,6.45,-
358,Jakub Moder,23, M(CL),,,19(9),1702,3,27.1,74.6,0.3,0.4,0.1,6.45,0.6
359,Kiko Femenía,31, D(LR),M(R),,26(1),2150,5,32.5,73.7,0.9,1.2,-,6.45,0.9
360,Pedro Neto,22, AM(CLR),FW,,5(8),466,1,15.3,84.9,0.8,0.2,-,6.45,1
361,Jannik Vestergaard,29, D(C),,,6(4),564,-,37.7,88.9,-,2.5,-,6.44,0.1
362,Kenny McLean,30, M(C),,,29(2),2707,-,33.4,74.5,0.1,1.5,-,6.44,0.3
363,Miguel Almirón,28, AM(CLR),FW,,19(11),1721,-,16.2,81.6,0.1,0.4,-,6.44,0.6
364,Leander Dendoncker,27, D(C),M(C),,21(9),1948,2,27.1,86.9,-,0.6,-,6.44,0.4
365,Danny Rose,31, D(L),M(L),,7(1),689,-,28.4,68.3,0.3,2.8,0.1,6.44,0.6
366,Jay Rodriguez,32, AM(CLR),FW,,13(16),1375,2,10.4,59.9,0.1,0.1,-,6.44,0.4
367,Daniel James,24, AM(LR),FW,,29(3),2368,4,13.8,71.7,0.2,0.3,-,6.44,0.8
368,Luka Milivojevic,31, DMC,,,9(6),776,-,30,85.6,1,1.5,0.1,6.44,0.7
369,Jóhann Gudmundsson,31, AM(CLR),,,13(5),1105,1,16.3,67.6,0.6,0.3,-,6.44,0.4
370,Nicolas Pépé,27, AM(LR),FW,,5(15),682,2,16,83.7,0.6,0.2,-,6.44,0.6
371,Isaac Hayden,27, D(C),DMC,,12(2),1003,-,23.7,78.6,-,0.6,-,6.44,0.1
372,Wayne Hennessey,35, GK,,,2,180,-,35.5,47.9,-,14.5,-,6.44,1.5
373,Max Aarons,22, D(R),,,32(2),2882,2,32.3,77.2,0.3,1.1,0.1,6.43,0.6
374,Ezri Konsa,24, D(CR),,,29,2482,-,34.7,86.4,-,1.1,-,6.43,0.1
375,Ashley Young,36, D(LR),M(LR),,10(14),1241,2,21.6,80,0.3,0.9,-,6.43,0.5
376,Cole Palmer,20, Midfielder,,,1(3),122,-,12.8,90.2,-,0.3,0.3,6.43,0.5
377,Harry Winks,26, DMC,,,9(10),908,1,34.4,88.2,0.4,1.6,0.2,6.43,0.6
378,Phil Jones,30, D(CR),DMC,,2(2),163,-,20.3,87.7,-,0.3,-,6.42,-
379,James Tomkins,33, D(CR),,,6(2),546,-,39.9,86.5,-,3.3,-,6.42,0.3
380,Boubakary Soumaré,23, DMC,,,12(7),1102,1,28.2,82.5,0.1,0.7,-,6.42,0.3
381,Ashley Westwood,32, DMC,,,26(1),2290,3,41.2,75.2,1.1,2.9,0.1,6.42,1.2
382,Steven Alzate,23, DMC,M(L),,5(4),407,-,25.8,87.5,-,1.3,-,6.42,0.2
383,Nuno Tavares,22, D(L),,,13(9),1171,1,26.6,82.1,0.4,0.6,-,6.42,0.5
384,Tim Krul,34, GK,,,29,2610,-,31.1,65.4,-,6.7,-,6.42,-
385,Mathias Jensen,26, M(C),,,19(12),1602,1,22.8,76.2,1,2.2,0.1,6.42,1.1
386,Milot Rashica,25, AM(CLR),FW,,25(6),2240,2,14.8,70.8,0.9,0.7,-,6.42,1.2
387,Bernd Leno,30, GK,,,4,360,-,25.3,62.4,-,5.5,-,6.41,-
388,Romain Perraud,24, D(L),M(L),,18(2),1625,1,26.7,70.6,0.3,0.6,-,6.41,0.4
389,John Ruddy,35, GK,,,1(1),135,-,14.5,62.1,-,1,-,6.4,-
390,Edinson Cavani,35, AM(LR),FW,,7(8),765,1,15.3,76.1,-,0.5,-,6.4,0.5
391,Matt Ritchie,32, D(L),M(CLR),,14(4),1335,2,28,78,1.6,2.3,-,6.4,1.6
392,Leon Bailey,24, M(LR),FW,,7(11),757,2,10.4,76.6,0.2,0.5,0.1,6.4,0.4
393,Sean Longstaff,24, DMC,,,15(9),1461,1,24.6,81,0.1,1.8,-,6.39,0.3
394,Billy Gilmour,20, DMC,,,21(3),1858,1,47.3,83.7,1.4,3.4,-,6.39,1
395,Jacob Murphy,27, D(R),M(LR),,13(20),1455,2,13.7,64.5,0.3,0.4,-,6.38,0.6
396,Adam Armstrong,25, AM(CLR),FW,,17(6),1415,2,13.2,74.9,-,0.4,0.1,6.38,0.6
397,Ibrahima Diallo,23, DMC,,,10(13),1019,2,19.3,80.6,0.1,0.7,-,6.38,0.7
398,CJ Egan-Riley,19, Defender,,,0(1),3,-,1,100,-,-,-,6.38,-
399,Tariqe Fosu-Henry,26, M(CLR),,,0(1),16,-,6,83.3,1,-,-,6.38,-
400,Jack Cork,32, DMC,,,20,1676,-,28.3,74.2,0.2,1.3,-,6.38,0.3
401,Takumi Minamino,27, AM(CLR),FW,,1(10),179,-,6.2,85.3,-,0.2,0.1,6.38,0.2
402,Mateusz Klich,31, M(C),,,26(7),2095,2,29.6,79.9,0.2,0.8,0.1,6.37,0.9
403,Christian Kabasele,31, D(C),,,12(4),1191,-,29.3,78.5,0.1,1.9,-,6.37,0.1
404,Craig Cathcart,33, D(CR),,,27(4),2396,1,29.1,81.3,-,2.7,-,6.37,0.1
405,Lyanco,25, D(C),,,9(6),906,-,25.9,72.2,-,1.4,-,6.37,0.2
406,Federico Fernández,33, D(C),,,5(2),522,-,29.6,87.4,-,2.4,0.1,6.37,0.1
407,Frank Onyeka,24, DMC,,,12(8),1051,-,15.7,80.2,0.1,0.6,-,6.37,0.2
408,Ozan Kabak,22, D(C),,,11,925,-,39,81.4,-,1.4,-,6.36,0.2
409,Pascal Struijk,22, D(C),DMC,,22(7),2053,-,43.2,85.2,-,2.1,-,6.36,0.4
410,Robin Koch,25, D(C),DMC,,17(3),1575,-,34.9,77.4,-,1.6,-,6.35,0.3
411,Adam Idah,21, FW,,,6(11),620,1,7.8,67.4,0.2,0.2,-,6.35,0.3
412,Ayoze Pérez,28, AM(CLR),FW,,6(8),444,3,10.7,80.7,0.1,0.1,-,6.35,0.8
413,Ben Gibson,29, D(CL),,,28,2495,-,48.8,81.3,-,3.4,-,6.35,0.1
414,Marcus Rashford,24, AM(CLR),FW,,13(12),1233,2,15.7,76.1,-,0.2,-,6.35,0.4
415,Ainsley Maitland-Niles,24, D(LR),M(CLR),,2(6),265,-,16.9,77,0.1,0.5,0.1,6.35,0.4
416,Shane Long,35, AM(R),FW,,3(10),303,-,5.5,60.6,-,-,-,6.34,0.2
417,Morgan Sanson,27, M(CLR),,,3(7),352,-,15.3,78.4,0.2,0.3,-,6.34,0.1
418,Jeff Hendrick,30, M(CR),,,0(3),70,-,9.7,93.1,-,0.3,-,6.34,0.3
419,Jacob Sørensen,24, D(L),DMC,,6(4),601,-,30.2,81.5,0.1,1.8,-,6.34,-
420,Sam Greenwood,20, Forward,,,1(6),232,2,10.4,74,-,0.1,-,6.34,0.6
421,Luke Cundle,20, Midfielder,,,2(2),180,-,25.8,93.2,-,1.5,0.3,6.34,0.5
422,Adam Forshaw,30, M(C),,,17(5),1530,1,37.5,83.5,-,2.4,-,6.33,0.6
423,Jamal Lewis,24, D(L),M(L),,4(1),263,-,15.8,78.5,-,0.8,-,6.33,0.2
424,Matej Vydra,30, AM(CL),FW,,5(17),668,3,4.6,73.5,-,-,-,6.33,0.3
425,Anwar El Ghazi,27, AM(LR),FW,,4(5),383,1,11.4,76.7,0.3,0.2,-,6.33,0.6
426,Tyler Roberts,23, AM(C),FW,,7(16),979,1,12.2,73.9,0.1,0.4,-,6.32,0.7
427,Shandon Baptiste,24, M(C),,,9(13),905,-,13.5,85.2,-,0.4,-,6.32,0.4
428,Joshua Sargent,22, AM(CR),FW,,18(8),1579,1,15.1,72.8,-,0.2,-,6.32,0.4
429,Nampalys Mendy,29, M(C),,,12(2),1035,-,46.1,91.9,-,1.3,-,6.32,0.1
430,Juan Mata,34, AM(CLR),,,2(5),232,-,29.7,88.9,0.3,1,-,6.31,0.3
431,Peter Etebo,26, M(CL),FW,,4(5),398,-,18.3,90.9,0.1,1.7,-,6.31,0.2
432,Anthony Martial,26, AM(LR),FW,,2(6),210,-,10.3,81.7,-,-,0.1,6.31,-
433,Tom Cleverley,32, M(CLR),,,20(8),1626,2,21.3,76.5,0.6,0.9,-,6.31,0.7
434,Ki-Jana Hoever,20, M(R),,,4(4),307,-,14.8,69.5,0.1,0.1,-,6.31,0.1
435,Donny van de Beek,25, M(C),,,0(8),69,-,4.1,78.8,-,0.1,0.1,6.3,0.4
436,Giovani Lo Celso,26, M(CR),FW,,2(7),233,-,16.7,83.3,0.2,0.7,-,6.3,0.6
437,Ken Sema,28, M(CLR),,,7(11),846,-,10.4,64.9,0.7,0.4,-,6.29,0.7
438,Bertrand Traoré,26, AM(R),FW,,1(8),213,-,8.7,76.9,-,0.2,-,6.28,-
439,Joe Gelhardt,20, FW,,,5(15),738,2,8,65,0.1,0.1,0.1,6.28,0.5
440,Aaron Lennon,35, M(LR),,,17(11),1548,-,12,73.5,0.1,0.3,-,6.28,0.3
441,Eric Bailly,28, D(CR),,,3(1),218,-,21.3,80,-,0.8,-,6.28,-
442,Jonjoe Kenny,25, D(LR),M(R),,11(4),1017,1,24.1,73.7,0.7,1.2,-,6.27,0.7
443,Ben Foster,39, GK,,,26,2340,1,30.9,44,-,8.2,-,6.27,-
444,Mads Bech Sørensen,23, D(CL),,,9(2),834,-,39.2,81.4,0.3,1.7,-,6.27,0.6
445,Mads Roerslev,22, D(R),M(R),,12(9),1235,1,14.1,67,0.4,0.5,-,6.27,0.3
446,William Troost-Ekong,28, D(C),,,15(2),1388,-,35.4,77.2,-,3.9,-,6.27,0.1
447,Dele Alli,26, M(CL),FW,,1(10),332,-,13.5,73,0.1,0.5,0.2,6.26,0.6
448,Samuel Kalu,24, M(LR),,,2(2),222,-,15.3,88.5,0.5,-,-,6.25,0.3
449,Nathan Tella,22, AM(LR),FW,,10(4),811,1,11.5,62.1,0.2,0.2,-,6.25,0.5
450,Steven Bergwijn,24, AM(CLR),FW,,4(21),551,1,6.6,84.2,-,-,-,6.25,0.3
451,Willy Caballero,40, GK,,,2,180,-,30,61.7,-,9.5,-,6.25,-
452,Ciaran Clark,32, D(CL),,,12(1),1015,1,28,79.1,0.1,1.2,-,6.24,0.3
453,Jesse Lingard,29, AM(CLR),FW,,2(14),356,-,9.1,88.3,-,-,-,6.24,0.5
454,Lukas Rupp,31, M(CR),,,7(12),764,-,20.2,83.3,0.1,0.6,0.1,6.23,0.5
455,Todd Cantwell,24, AM(CLR),,,5(3),441,-,18.9,84.1,-,0.6,0.3,6.23,0.3
456,Crysencio Summerville,20, AM(R),,,0(6),126,-,11,75.8,-,0.2,-,6.23,0.3
457,Mark Noble,35, M(C),,,3(8),327,-,27,87.9,-,1,-,6.23,0.1
458,Kevin Long,31, D(C),,,4(2),408,-,17,77.5,-,1.3,-,6.22,-
459,Kieran Dowell,24, AM(CLR),,,11(8),913,1,15.4,73,0.5,0.5,-,6.22,0.8
460,Nikola Vlasic,24, AM(CLR),FW,,6(13),555,-,10.7,80.8,0.1,0.2,-,6.22,0.5
461,Karl Darlow,31, GK,,,8,720,-,27.6,57.5,-,9.8,-,6.22,-
462,Tom Davies,23, M(C),,,2(4),233,-,13.5,74.1,-,0.2,-,6.22,-
463,Ellis Simms,21, FW,,,1,62,-,12,58.3,-,-,-,6.21,-
464,Carney Chukwuemeka,18, Midfielder,,,2(10),295,1,10,81.7,-,0.2,-,6.2,0.2
465,Dane Scarlett,18, Forward,,,0(1),3,-,1,100,-,-,-,6.2,-
466,Przemyslaw Placheta,24, AM(LR),,,6(6),506,-,11,74.2,0.4,0.5,0.1,6.2,0.3
467,William Smallbone,22, M(R),,,2(2),134,-,8.3,57.6,0.3,-,-,6.19,0.3
468,Ashley Barnes,32, AM(CL),FW,,8(15),803,-,8.3,63.7,-,0.1,-,6.19,0.3
469,Troy Deeney,33, FW,,,0(2),23,-,3.5,42.9,-,-,-,6.19,0.5
470,Charlie Cresswell,19, Defender,,,1(4),131,-,20.8,72.1,-,0.8,-,6.19,-
471,Salomón Rondón,32, FW,,,8(12),783,1,9.3,62.4,0.1,0.2,-,6.19,0.4
472,Moussa Djenepo,23, AM(LR),,,5(7),455,-,11.7,75.7,0.2,0.1,0.1,6.18,0.5
473,Axel Tuanzebe,24, D(CR),,,6(3),506,-,26.7,86.3,-,1.1,-,6.18,-
474,André Gomes,28, M(CLR),,,7(7),619,1,19.7,77.2,0.4,0.9,-,6.17,0.3
475,Harrison Ashby,20, Defender,,,0(1),6,-,6,100,-,1,-,6.17,-
476,Jonathan Rowe,19, Forward,,,0(13),211,1,5.1,71.2,0.1,-,0.1,6.17,0.4
477,Dale Stephens,32, M(C),,,1(2),123,-,19,80.7,-,1.3,-,6.17,0.3
478,Ryan Fredericks,29, D(R),M(R),,3(4),304,-,17,78.2,0.1,0.1,-,6.15,0.3
479,Jarrad Branthwaite,19, D(C),,,4(2),388,-,19.2,75.7,-,0.8,-,6.15,-
480,Marcus Forss,22, FW,,,1(6),203,1,5.1,61.1,-,0.4,-,6.15,0.1
481,Andrii Yarmolenko,32, AM(CR),FW,,1(18),304,-,5.3,77.2,0.1,0.1,-,6.15,0.2
482,Bryan Gil,21, AM(CLR),,,0(9),86,-,6.2,83.9,0.2,-,-,6.15,0.2
483,Jesurun Rak-Sakyi,19, Midfielder,,,1(1),81,-,12,87.5,0.5,-,-,6.15,-
484,Robin Olsen,32, GK,,,1,90,-,39,46.2,-,10,-,6.14,-
485,Josh Dasilva,23, M(C),,,2(7),252,-,9.7,82.8,0.1,0.1,-,6.14,0.3
486,Taylor Richards,21, AM(C),,,0(2),23,-,13.5,77.8,-,1,-,6.14,0.5
487,Chem Campbell,19, Forward,,,0(1),12,-,9,88.9,-,-,-,6.13,-
488,James McAtee,19, Midfielder,,,0(2),19,-,6.5,69.2,-,-,-,6.13,-
489,Calum Chambers,27, D(CR),DMC,,2,171,-,41,81.7,0.5,1.5,-,6.13,0.5
490,Tyler Morton,19, M(C),,,1(1),66,-,17.5,85.7,-,0.5,-,6.13,-
491,Jairo Riedewald,25, D(CL),DMC,,1(2),117,-,17.7,84.9,0.3,0.3,-,6.12,0.7
492,Lewis Brunt,21, Midfielder,,,0(1),23,-,21,100,-,1,-,6.12,-
493,Ryan Bertrand,32, D(CL),M(L),,4,338,-,36.3,81.4,0.5,0.8,-,6.1,-
494,Aaron Connolly,22, FW,,,1(3),155,-,4.8,73.7,-,-,-,6.1,0.3
495,Joe Rodon,24, D(C),,,0(3),87,-,11.7,82.9,-,1,-,6.09,-
496,Christoph Zimmermann,29, D(C),,,2(1),158,-,21,73,-,0.7,-,6.09,-
497,Kayky,18, Forward,,,0(1),6,-,2,100,-,-,-,6.09,-
498,Theo Walcott,33, M(CLR),FW,,5(4),381,-,9,71.6,-,0.2,-,6.09,0.1
499,Fábio Silva,19, FW,,,6(16),565,-,6.2,68.4,-,0.1,-,6.09,0.1
500,Kaide Gordon,17, Forward,,,0(1),8,-,4,100,-,-,-,6.08,-
501,Sonny Perkins,18, Midfielder,,,0(1),3,-,1,-,-,-,-,6.08,-
502,Jean-Philippe Gbamin,26, D(CR),DMC,,1(2),67,-,7.3,72.7,-,-,-,6.07,-
503,Christos Tzolis,20, AM(L),,,3(11),330,-,6.9,75,0.1,0.2,-,6.06,0.6
504,Mads Bidstrup,21, Midfielder,,,0(4),38,-,3.3,76.9,-,-,-,6.06,-
505,Ozan Tufan,27, D(R),M(CR),,4(3),338,-,16.4,73.9,-,0.4,-,6.06,0.6
506,Ashley Fletcher,26, AM(CL),FW,,0(3),28,-,2,50,-,-,-,6.05,-
507,Bali Mumba,20, M(R),,,0(1),45,-,9,77.8,-,-,-,6.05,-
508,Shola Shoretire,18, Forward,,,0(1),16,-,5,100,-,-,-,6.05,-
509,Anwar El Ghazi,27, AM(LR),FW,,0(2),11,-,4.5,77.8,-,-,-,6.05,-
510,Jürgen Locadia,28, AM(LR),FW,,0(1),22,-,1,100,-,-,-,6.04,-
511,Reiss Nelson,22, M(LR),,,0(1),19,-,12,66.7,-,-,-,6.04,1
512,Cody Drameh,20, D(R),,,1(2),126,-,18.3,74.5,0.3,0.7,-,6.03,0.3
513,Emerson,27, D(L),M(L),,0(1),4,-,2,50,-,-,-,6.03,-
514,Trézéguet,27, AM(LR),,,0(1),10,-,6,100,-,1,-,6.03,-
515,Dwight Gayle,32, AM(LR),FW,,0(8),34,-,2,81.3,-,-,-,6.02,0.3
516,Tyler Onyango,19, Midfielder,,,0(3),27,-,0.7,50,-,-,-,6.02,-
517,Cameron Archer,20, FW,,,0(3),24,-,1.3,100,-,-,-,6.02,-
518,Kasey McAteer,20, Midfielder,,,0(1),2,-,1,100,-,-,-,6.01,-
519,Dominic Thompson,21, D(L),M(L),,2,148,-,18.5,54.1,-,0.5,-,6.01,-
520,Jeremy Sarmiento,19, Forward,,,1(4),45,-,3.6,72.2,-,-,-,6,-
521,Alex Král,24, DMC,,,0(1),1,-,2,-,-,-,-,6,-
522,Daniel Chesters,20, Midfielder,,,0(1),1,-,-,-,-,-,-,6,-
523,Hélder Costa,28, AM(CLR),,,0(1),20,-,5,100,-,-,-,6,-
524,Moise Kean,22, AM(L),FW,,0(1),1,-,1,100,-,-,-,6,-
525,Nohan Kenneh,19, Midfielder,,,1,1,-,-,-,-,-,-,6,-
526,Wesley Moraes,25, FW,,,0(1),1,-,2,100,-,-,-,6,-
527,Stuart McKinstry,19, Midfielder,,,0(1),3,-,3,66.7,-,-,-,5.99,-
528,Lewis Dobbin,19, Forward,,,0(3),30,-,2.7,62.5,-,0.3,-,5.99,-
529,Alejandro Garnacho,17, Midfielder,,,0(2),12,-,1.5,100,-,-,-,5.98,-
530,Nathan Ferguson,21, D(LR),,,0(1),8,-,3,33.3,-,-,-,5.98,-
531,Nathan Young-Coombes,19, Forward,,,0(1),3,-,-,-,-,-,-,5.98,-
532,Tony Springett,19, Midfielder,,,1(2),141,-,12,66.7,0.3,-,-,5.97,0.7
533,Hannibal Mejbri,19, Midfielder,,,1(1),68,-,10.5,81,-,-,-,5.97,-
534,Cenk Tosun,31, FW,,,0(1),6,-,1,100,-,-,-,5.96,-
535,Jaden Philogene-Bidace,20, AM(L),,,0(1),4,-,2,-,-,-,-,5.95,-
536,Folarin Balogun,20, FW,,,1(1),70,-,4.5,44.4,-,-,-,5.95,-
537,Morgan Gibbs-White,22, AM(CR),FW,,0(2),7,-,4.5,77.8,-,-,-,5.94,-
538,Evan Ferguson,17, Forward,,,0(1),22,-,5,80,1,-,-,5.93,-
539,Keinan Davis,24, FW,,,0(1),11,-,3,100,-,-,-,5.92,-
540,Liam McCarron,21, Midfielder,,,0(1),9,-,2,100,-,-,-,5.91,-
541,Lewis Bate,19, Midfielder,,,1(2),147,-,20.3,73.8,-,1,-,5.82,-
542,Freddie Woodman,25, GK,,,4,360,-,26.8,58.9,-,6,-,5.81,-
543,Sead Kolasinac,28, D(CL),DMC,M(L),1(1),91,-,7,92.9,-,-,-,5.72,-
544,Isaac Price,18, Midfielder,,,0(1),12,-,2,50,-,-,-,5.7,-
545,Jonas Lössl,33, GK,,,2,180,-,27.5,65.5,-,6,-,5.55,-
546,Jed Steer,29, GK,,,1,90,-,31,74.2,-,4,-,5.46,-
