Player.1,Age,position1,position2,position3,Apps,Mins,Assists,AvgP,PS%,Crosses,LongB,ThrB,Rating,KeyP
Kevin De Bruyne Man City,30, M(CLR),FW,,25(5),2205,8,45.3,82.5,1,2.4,0.3,7.64,2.9
Mohamed Salah Liverpool,29, AM(CLR),FW,,30(5),2763,13,30.8,79.9,0.2,0.5,0.3,7.54,1.8
Son Heung-Min Tottenham,29, M(CLR),FW,,35,3021,7,29,86.6,1.2,0.5,0.1,7.52,2.1
Trent Alexander-Arnold Liverpool,23, D(R),M(R),,32,2854,12,67.3,78.1,2.6,6.3,0.3,7.51,2.8
Kenedy Chelsea,26, D(L),M(LR),,1,59,1,46,73.9,-,2,-,7.46,2
Harry Kane Tottenham,28, AM(C),FW,,36(1),3232,9,23.6,70.3,0.2,1.8,0.3,7.45,1.4
Rodri Man City,25, DMC,,,33,2887,2,86.8,91.8,0.1,5.5,0.1,7.44,0.9
Luis Díaz Liverpool,25, AM(L),,,11(2),964,3,33.8,87.7,0.4,0.5,-,7.44,1.5
João Cancelo Man City,28, D(LR),M(R),,36,3228,7,82,85.3,0.6,3.9,0.1,7.43,1.1
Ben Chilwell Chelsea,25, D(L),M(L),,6(1),541,1,38.6,83,1,0.7,-,7.42,1.4
Kieran Trippier Newcastle,31, D(LR),M(R),,5(1),430,-,33.8,65,2,2.8,-,7.38,1.2
Christian Eriksen Brentford,30, M(CLR),,,10(1),938,4,49.5,80.9,3,5.5,0.1,7.37,2.7
Joel Matip Liverpool,30, D(C),,,31,2790,3,74.8,88.5,-,3.5,0.1,7.35,0.4
Phil Foden Man City,22, AM(CLR),FW,,24(4),2133,5,34.3,87.4,1.3,0.7,0.1,7.3,1.4
Sadio Mané Liverpool,30, AM(CLR),FW,,32(2),2825,2,30.5,77.3,0.3,0.7,0.1,7.29,1.2
Ivan Toney Brentford,26, FW,,,32(1),2908,5,22.2,58.9,0.1,0.4,0.3,7.28,1.3
Bernardo Silva Man City,27, M(CLR),FW,,33(2),2861,4,53.9,89.6,0.2,1.2,0.1,7.28,1.7
Kristoffer Klaesson Leeds,21, Goalkeeper,,,0(1),35,-,9,77.8,-,1,-,7.27,-
Danny Ward Leicester,28, GK,,,1,90,-,25,88,-,2,-,7.25,-
Rodrigo Bentancur Tottenham,24, M(C),,,16(1),1367,4,59.2,90,0.2,2.2,0.1,7.24,0.9
Reece James Chelsea,22, D(CR),DMC,M(R),22(4),1868,9,53,89.6,0.9,1.7,-,7.24,1.8
Ilkay Gündogan Man City,31, M(C),,,20(7),1856,4,47,91.2,0.6,2.3,0.2,7.24,1.4
Ferran Torres Man City,22, AM(LR),FW,,4,305,1,17.5,77.1,-,-,-,7.23,0.3
Andrew Robertson Liverpool,28, D(L),M(L),,29,2541,10,66.5,85.2,1.6,2,-,7.23,1.9
Gabriel Jesus Man City,25, AM(LR),FW,,21(7),1880,8,26.4,84.8,0.1,0.4,0.1,7.2,1.4
Raheem Sterling Man City,27, M(CLR),FW,,23(7),2127,5,27.3,85.4,0.3,0.2,-,7.2,1.4
Dejan Kulusevski Tottenham,22, AM(CR),FW,,14(4),1267,8,25.3,86.4,0.4,0.3,0.1,7.19,1.4
Mason Mount Chelsea,23, M(CLR),,,27(5),2365,10,34.8,85.4,1.3,0.7,0.2,7.19,1.8
Virgil van Dijk Liverpool,30, D(C),,,34,3060,1,77.8,89.5,-,4.9,-,7.18,0.3
Jack Grealish Man City,26, AM(CL),FW,,22(4),1917,3,35.7,88.4,0.3,0.5,0.1,7.17,2
John McGinn Aston Villa,27, M(C),,,35,3092,4,35.5,79.5,0.9,3.3,0.2,7.17,1.5
Zack Steffen Man City,27, GK,,,1,90,-,33,84.8,-,2,-,7.16,-
Pierre-Emile Højbjerg Tottenham,26, M(C),,,36,3199,2,70.3,89.7,0.1,3.7,0.1,7.16,0.7
Jarrod Bowen West Ham,25, AM(CLR),FW,,34(2),2993,10,19.8,76.2,0.8,1,0.1,7.15,1.1
Cristiano Ronaldo Man Utd,37, M(L),FW,,27(3),2459,3,29.3,81.9,-,0.5,-,7.11,0.9
John Stones Man City,28, D(CR),,,12(2),1118,-,69.6,91.5,-,3.8,-,7.1,0.3
Allan Saint-Maximin Newcastle,25, AM(CLR),FW,,31(4),2812,5,19.3,76.3,0.3,0.7,0.1,7.1,1.4
Declan Rice West Ham,23, D(C),DMC,,35(1),3178,4,59.8,91.6,0.2,3.6,-,7.1,0.7
Thiago Liverpool,31, M(C),,,17(8),1538,4,59.9,89.1,-,4,-,7.1,1.2
Marcos Alonso Chelsea,31, D(CL),M(L),,25(3),2173,4,40.5,81.1,1.1,1.5,-,7.09,1.5
Diogo Jota Liverpool,25, AM(CLR),FW,,27(8),2373,4,21.3,74.9,0.1,0.3,0.1,7.08,1.1
Conor Gallagher Crystal Palace,22, AM(C),,,33(1),2851,3,30.9,81.2,1.1,1.4,-,7.08,1.1
James Maddison Leicester,25, AM(CLR),,,28(7),2468,8,27.3,80.7,0.6,1.5,0.1,7.07,1.4
Moisés Caicedo Brighton,20, M(C),,,8,664,1,34.3,82.1,-,1.1,-,7.07,0.5
Thiago Silva Chelsea,37, D(C),,,28(4),2651,-,81.9,92.8,-,5.3,-,7.06,0.2
Bukayo Saka Arsenal,20, D(L),M(CLR),,36(2),2996,7,27.9,79.5,0.8,0.4,-,7.06,1.8
Oleksandr Zinchenko Man City,25, D(L),M(CLR),,10(5),1045,4,64.7,90.7,0.3,1.6,0.1,7.05,1.1
Mateo Kovacic Chelsea,28, M(CL),,,16(9),1557,5,47.7,88.8,-,2.2,0.2,7.04,1.1
Bruno Guimarães Newcastle,24, DMC,,,11(6),1034,1,29.7,85.7,0.3,2.6,0.2,7.04,0.7
Bruno Fernandes Man Utd,27, M(CLR),,,35(1),3120,6,52.8,78.3,1.1,3.3,0.3,7.03,2.5
Trevoh Chalobah Chelsea,22, D(CR),DMC,,17(3),1451,1,63.5,90.6,-,2.2,0.1,7.03,0.2
Konstantinos Tsimikas Liverpool,26, D(L),,,9(4),874,2,39.4,81.3,2,0.8,-,7.03,1.9
Caoimhin Kelleher Liverpool,23, GK,,,2,180,-,39,89.7,-,2,-,7.02,-
Kepa Arrizabalaga Chelsea,27, GK,,,4,360,-,27.3,78.9,-,3.5,-,7.02,-
James Ward-Prowse Southampton,27, M(CR),,,36,3217,5,50.8,86.3,2.1,1.8,0.1,7.01,2
Toti Wolves,23, D(C),,,4,360,-,50.3,75.6,-,1.5,-,7.01,-
Christian Nørgaard Brentford,28, D(C),DMC,,35,3059,4,47.6,79.9,0.1,2.1,0.1,7,0.8
N'Golo Kanté Chelsea,31, DMC,,,21(5),1778,4,49.7,86.7,-,1.3,0.2,7,0.9
Fabinho Liverpool,28, D(CR),DMC,,26(3),2316,1,53.2,87.5,-,2.1,0.1,7,0.6
Riyad Mahrez Man City,31, AM(CLR),FW,,15(13),1493,5,29.5,90,0.6,1,0.2,7,1.4
Paul Pogba Man Utd,29, M(CL),,,16(4),1355,9,43.9,83.5,0.2,3.7,0.2,7,1.2
Yves Bissouma Brighton,25, M(C),,,25(1),2117,2,45.7,89.2,-,1.7,-,6.99,0.3
Matt Targett Newcastle,26, D(L),M(L),,16,1440,-,34.4,74.4,1.5,1.6,-,6.99,1.2
Wilfried Zaha Crystal Palace,29, AM(LR),FW,,31(2),2761,1,27.5,79.9,0.4,0.4,0.1,6.99,1.4
Mason Greenwood Man Utd,20, AM(R),FW,,16(2),1281,1,25.8,83.8,0.3,1.3,0.2,6.98,0.9
Dan Burn Newcastle,30, D(CL),M(L),,16,1440,1,36.5,78.3,-,1.4,-,6.98,0.3
Tomas Soucek West Ham,27, DMC,,,34(1),3062,1,38.4,76.6,0.1,1.9,-,6.98,0.6
Ethan Pinnock Brentford,29, D(C),,,32,2698,1,44.3,75.4,0.1,2,-,6.97,0.3
James Tarkowski Burnley,29, D(C),,,35,3107,2,33.7,68.8,-,4,-,6.97,0.3
Raphinha Leeds,25, AM(LR),FW,,34(1),2923,3,30.7,69.3,0.9,1.6,0.1,6.97,1.9
Matt Doherty Tottenham,30, D(LR),M(LR),,9(6),874,4,30.1,83.6,0.4,0.9,0.3,6.96,1
Richarlison Everton,25, AM(CLR),FW,,28(2),2528,5,17.5,63.4,0.2,0.3,0.1,6.96,1
Philippe Coutinho Aston Villa,29, M(CLR),,,16(3),1339,3,33.1,83.3,0.2,1.4,0.1,6.96,1.3
Jorginho Chelsea,30, DMC,,,26(3),2279,2,64.9,89.3,-,2.1,0.1,6.96,0.9
Rayan Aït-Nouri Wolves,21, D(L),M(L),,20(3),1828,2,32.8,76.7,1,1.2,-,6.96,0.7
Rúben Dias Man City,25, D(C),,,27(2),2404,4,78.2,93.4,-,3.4,-,6.96,0.5
Thomas Partey Arsenal,28, D(R),M(CR),,23(1),2032,1,50.2,85.6,-,3,-,6.96,0.7
Dwight McNeil Burnley,22, M(LR),,,35(3),3114,1,24.7,77.7,1.1,1.6,0.1,6.96,1.2
Sergio Reguilón Tottenham,25, D(L),M(L),,22(3),1923,3,30.8,78.7,1,0.9,-,6.95,1.2
Wilfred Ndidi Leicester,25, D(C),DMC,,18(1),1619,-,48.9,80.2,-,1.5,-,6.95,0.1
Jamie Vardy Leicester,35, AM(L),FW,,20(5),1806,2,10,72.5,0.1,0.3,0.1,6.95,0.7
Marc Cucurella Brighton,23, D(CL),M(L),,35,3092,1,54.3,82,0.8,1.5,-,6.94,1.2
Michail Antonio West Ham,32, D(R),M(CLR),FW,34(2),2981,8,17.1,67.5,0.4,0.7,0.1,6.94,1.3
Adama Traoré Wolves,26, M(CLR),FW,,10(10),1065,-,14.9,77.9,0.5,0.5,0.1,6.94,0.9
Lucas Digne Aston Villa,28, D(CL),M(L),,16,1272,4,37.6,81.2,1.6,0.6,-,6.94,1.9
Cristian Romero Tottenham,24, D(C),,,21(1),1846,-,59.8,86.7,-,2.6,-,6.92,0.3
Hakim Ziyech Chelsea,29, M(CLR),,,14(9),1317,3,27.5,81.2,0.8,1,-,6.92,1.3
Jason Steele Brighton,31, GK,,,1,90,-,36,88.9,-,3,-,6.92,-
Nathan Aké Man City,27, D(CL),DMC,,10(4),921,-,60.7,90.8,-,1,-,6.92,0.1
Dominic Calvert-Lewin Everton,25, AM(L),FW,,15(2),1286,2,16.3,60.3,-,0.1,-,6.92,0.6
Ben Mee Burnley,32, D(CL),,,21,1840,-,35.8,70.4,-,4.2,-,6.91,0.2
Aymeric Laporte Man City,28, D(CL),,,33,2836,-,88.5,94.8,0.1,4.3,0.1,6.91,0.3
Aaron Wan-Bissaka Man Utd,24, D(R),M(R),,20,1794,-,46.9,81,0.4,0.9,-,6.91,0.7
Matthew Cash Aston Villa,24, D(R),M(CLR),,38,3380,3,32.1,72.4,0.5,1.4,-,6.91,0.7
Ricardo Pereira Leicester,28, D(LR),M(R),,13(1),994,3,38.4,79,0.1,0.8,-,6.91,0.7
Martin Ødegaard Arsenal,23, AM(CR),,,32(4),2793,4,43.3,86,0.5,1.2,0.2,6.91,2.1
Youri Tielemans Leicester,25, M(C),,,29(3),2634,4,53.4,83.5,0.4,2.3,0.1,6.9,1.2
Neco Williams Liverpool,21, D(R),M(L),,0(1),7,1,8,100,-,-,-,6.9,1
Ollie Watkins Aston Villa,26, AM(LR),FW,,33(2),2955,2,19.3,70.9,-,0.2,0.1,6.9,1
Leandro Trossard Brighton,27, M(CLR),FW,,32(2),2812,3,32.9,77.9,0.4,2.1,0.1,6.9,1.4
Scott McTominay Man Utd,25, D(C),DMC,,28(2),2393,1,41.1,85.6,0.1,1.9,-,6.89,0.8
Alex Telles Man Utd,29, D(L),M(L),,18(3),1660,4,44.5,80.3,1.4,1.1,-,6.89,1.2
Andreas Christensen Chelsea,26, D(C),DMC,,17(2),1496,-,69.5,90,0.1,3.2,0.1,6.89,0.3
Nathan Collins Burnley,21, D(CR),,,18(1),1670,-,33.2,69.2,0.1,2.4,0.1,6.89,0.3
Ibrahima Konaté Liverpool,23, D(C),,,11,990,-,68.2,88.1,-,2.1,-,6.89,-
Emmanuel Dennis Watford,24, M(LR),FW,,30(3),2591,6,17.4,68.3,0.2,0.3,0.1,6.89,1
Shane Duffy Brighton,30, D(C),,,15(3),1434,-,57.2,87.4,0.1,3.6,-,6.88,0.2
Maximilian Kilman Wolves,25, D(C),,,30,2689,-,50.8,85.8,-,2.8,-,6.87,0.1
Ruben Loftus-Cheek Chelsea,26, M(CLR),,,13(11),1388,2,40,89.7,0.1,0.6,-,6.87,0.8
Alisson Liverpool,29, GK,,,36,3240,1,32.7,85.5,-,4.2,-,6.87,-
Wesley Fofana Leicester,21, D(C),,,7,630,-,75.3,89,-,2.3,-,6.87,0.3
Saïd Benrahma West Ham,26, AM(CLR),,,26(6),2184,6,23.8,81.1,0.3,0.5,0.1,6.87,1
Emerson Royal Tottenham,23, D(R),M(R),,26(5),2291,1,36.6,82.3,0.6,0.6,-,6.87,0.9
Fred Man Utd,29, M(C),,,24(4),2036,4,48,84.1,-,2.2,0.2,6.87,1
Oriol Romeu Southampton,30, DMC,,,34(2),2899,2,46.5,82,0.1,2.8,0.1,6.87,1
Hassane Kamara Watford,28, D(L),M(L),,18(1),1625,-,37.3,70.5,0.3,1.5,0.1,6.86,0.5
Jordan Henderson Liverpool,31, D(C),M(CLR),,29(6),2604,5,61.6,85.5,0.5,2.8,0.1,6.86,1.1
Davinson Sánchez Tottenham,25, D(C),,,17(6),1626,-,49,87.8,-,1.7,-,6.86,0.2
Josh Brownhill Burnley,26, M(CR),,,32(3),2953,3,32.1,77.4,0.5,1.7,-,6.86,1.1
Curtis Jones Liverpool,21, AM(C),,,10(5),856,1,39.1,90.5,0.1,1,-,6.86,0.7
Gabriel Martinelli Arsenal,20, AM(L),FW,,21(8),1866,6,18.1,79.7,0.4,0.5,-,6.86,1.2
Diogo Dalot Man Utd,23, D(LR),M(R),,19(5),1799,-,40,80.2,0.6,3,-,6.86,0.7
Liam Cooper Leeds,30, D(C),,,21,1815,1,56,83.1,-,2.8,-,6.85,0.2
Antonio Rüdiger Chelsea,29, D(CR),,,34,3035,-,73.4,88.1,0.1,4.7,0.1,6.85,0.4
Kai Havertz Chelsea,22, M(CR),FW,,22(7),1816,3,22.6,81.3,0.1,0.3,0.1,6.85,0.7
Roberto Firmino Liverpool,30, M(CLR),FW,,10(10),987,4,24.3,78.8,0.1,0.5,0.1,6.85,0.8
Rúben Neves Wolves,25, DMC,,,31(2),2663,2,58.5,84,0.3,6,0.2,6.85,0.8
James McArthur Crystal Palace,34, M(CLR),,,15(6),1438,3,43.3,83.1,0.3,1.9,-,6.84,0.8
Romain Saïss Wolves,32, D(C),DMC,,31,2709,-,57.5,80.1,-,3.5,-,6.84,0.2
Mohammed Salisu Southampton,23, D(CL),,,33(1),2972,-,51.2,77.9,0.1,2.6,-,6.83,0.3
Kyle Walker-Peters Southampton,25, D(LR),M(R),,29(3),2632,2,34,81.3,0.2,1.3,0.1,6.83,0.8
Takehiro Tomiyasu Arsenal,23, D(CR),,,20(1),1682,1,43.9,81.1,0.6,1.7,-,6.83,0.6
Joelinton Newcastle,25, AM(CLR),FW,,30(5),2559,1,26,77.6,0.1,0.7,-,6.83,0.8
Romelu Lukaku Chelsea,29, AM(R),FW,,16(10),1586,-,12.2,72.9,-,0.2,-,6.83,0.9
Lucas Moura Tottenham,29, AM(CLR),FW,,19(15),1774,6,21.3,76.7,0.2,0.3,0.1,6.82,1
Nélson Semedo Wolves,28, D(LR),M(R),,25,2137,1,36.5,77.4,0.2,0.8,-,6.82,0.7
Charlie Taylor Burnley,28, D(L),M(L),,30(1),2731,3,31.6,71.1,0.6,2.4,-,6.82,0.7
Ross Barkley Chelsea,28, M(CLR),,,1(5),176,-,20.2,85.1,0.5,0.7,0.2,6.82,1.3
César Azpilicueta Chelsea,32, D(CLR),M(R),,24(3),2075,2,59.4,85.7,0.2,1.7,-,6.81,0.6
José Sá Wolves,29, GK,,,37,3286,1,24,63,-,3.9,-,6.81,0.1
Nick Pope Burnley,30, GK,,,36,3240,-,25.8,44.5,-,9.2,-,6.81,0.1
Jan Bednarek Southampton,26, D(C),,,30(1),2633,-,46.6,81.7,-,2.8,-,6.81,0.2
Dan Burn Brighton,30, D(CL),M(L),,12(1),1023,-,48.9,81.8,-,1.9,-,6.8,0.2
Pablo Fornals West Ham,26, M(CLR),,,32(4),2804,3,36.6,78.1,0.5,1.9,0.1,6.8,1.3
David Raya Brentford,26, GK,,,24,2160,-,40,64.5,-,10.8,-,6.8,-
Joël Veltman Brighton,30, D(CR),M(R),,33(1),2881,1,46.6,79.7,0.2,1.9,0.1,6.8,0.5
Lucas Digne Everton,28, D(CL),M(L),,13,1170,-,39.1,76,1.2,1,-,6.8,1.7
Calum Chambers Aston Villa,27, D(CR),DMC,,9(2),829,-,43.5,82.8,0.1,2.9,0.1,6.79,0.2
Pascal Groß Brighton,30, M(CR),FW,,24(5),2043,4,38.3,82.8,2,2.1,0.1,6.79,2.1
Harvey Barnes Leicester,24, AM(CL),,,24(8),2107,10,22,76.4,0.2,0.3,0.1,6.79,0.9
Naby Keïta Liverpool,27, M(C),,,14(9),1175,1,32.3,86,-,0.6,-,6.79,0.7
Hugo Lloris Tottenham,35, GK,,,38,3420,-,20.9,76.8,-,4.1,-,6.78,0.1
Raphaël Varane Man Utd,29, D(C),,,20(2),1829,1,52.3,87.8,-,3.6,-,6.78,0.2
Demarai Gray Everton,25, AM(CLR),FW,,28(6),2352,4,18.6,81.5,1,0.8,-,6.78,1.2
Stuart Dallas Leeds,31, D(LR),M(CLR),,34,2929,1,39.8,78.8,0.7,1.6,0.1,6.78,0.9
João Pedro Watford,20, AM(L),FW,,15(13),1639,1,19.6,69.9,0.1,0.9,0.1,6.78,0.7
Daniel Podence Wolves,26, AM(CLR),FW,,15(11),1486,3,22.2,74.1,0.5,1,0.1,6.78,1.4
Benjamin White Arsenal,24, D(CR),DMC,,32,2880,-,56.6,84.6,-,2.8,0.1,6.78,0.4
Douglas Luiz Aston Villa,24, M(C),,,31(3),2720,3,42.7,86.8,0.6,1.6,0.1,6.77,1.1
Ben Davies Tottenham,29, D(CL),M(L),,28(1),2540,1,54.6,85,0.2,1.6,-,6.77,0.4
Callum Hudson-Odoi Chelsea,21, M(CLR),,,11(4),966,2,23.6,85.3,0.3,0.6,-,6.77,1.7
Jacob Ramsey Aston Villa,21, AM(C),,,29(5),2477,1,29.8,87,0.1,0.7,-,6.77,0.6
Kieran Tierney Arsenal,25, D(CL),M(L),,22,1919,3,41.1,82.5,0.7,2,-,6.77,0.9
Marc Guéhi Crystal Palace,21, D(C),,,36,3223,1,65.2,87.4,-,4.4,-,6.76,0.2
Pontus Jansson Brentford,31, D(C),,,37,3322,1,40.2,80.9,-,1,-,6.76,0.1
Eric Dier Tottenham,28, D(CR),DMC,,35,3072,-,66.4,88.1,-,3.7,0.1,6.76,0.2
Lukasz Fabianski West Ham,37, GK,,,37,3330,-,22.9,59.2,-,5.9,-,6.76,-
Jonny Evans Leicester,34, D(CL),,,16(2),1350,1,55.9,83.2,-,3.4,0.1,6.76,0.2
Malang Sarr Chelsea,23, D(CL),,,6(2),546,-,58.4,88.2,0.1,1.8,0.1,6.76,0.4
Tyrick Mitchell Crystal Palace,22, D(L),,,35(1),3103,2,41.5,71.9,0.6,1.8,-,6.75,0.6
Alexis Mac Allister Brighton,23, M(CL),FW,,22(11),2118,2,30.2,84.4,0.5,1.5,0.1,6.75,0.9
Marçal Wolves,33, D(CL),M(L),,17(1),1453,-,38.3,77.7,0.6,1.1,-,6.75,0.6
Aaron Cresswell West Ham,32, D(CL),M(L),,31,2728,3,55.1,82.6,1.1,2.6,-,6.75,1
Emiliano Buendía Aston Villa,25, M(CLR),,,22(13),1902,6,24.3,81.6,0.1,0.8,0.3,6.75,1.4
Gabriel Magalhães Arsenal,24, D(C),,,35,3068,-,58.2,89.5,-,2.5,-,6.74,0.3
Kurt Zouma West Ham,27, D(CR),,,24,2080,-,41.5,87.7,-,1.8,-,6.74,0.1
Luke Thomas Leicester,20, D(L),M(L),,21(1),1912,1,46.4,80.3,0.2,1.1,0.1,6.74,0.5
Emile Smith Rowe Arsenal,21, AM(CL),,,21(12),1922,2,23.2,87.4,0.2,0.4,0.1,6.74,0.9
Pierre-Emerick Aubameyang Arsenal,32, M(CLR),FW,,12(2),1040,1,13.9,70.1,-,0.2,0.1,6.74,0.6
Jonny Wolves,28, D(CLR),M(LR),,10(3),1023,-,39,83,0.5,1.5,0.1,6.74,0.8
Asmir Begovic Everton,34, GK,,,3,270,-,26.7,43.8,-,6.7,-,6.74,-
Bryan Mbeumo Brentford,22, AM(LR),FW,,34(1),2916,7,20.9,69,0.5,0.7,-,6.74,1
Çaglar Söyüncü Leicester,26, D(C),,,28,2498,-,68.6,84.6,0.1,3.1,-,6.74,0.1
Kasper Schmeichel Leicester,35, GK,,,37,3330,-,30.4,69.7,-,7.1,-,6.74,-
Tyrone Mings Aston Villa,29, D(CL),,,35(1),3188,3,46.1,79.6,-,2.8,0.1,6.74,0.3
Alexandre Lacazette Arsenal,31, M(CLR),FW,,20(10),1789,7,14.8,76.4,0.1,0.3,0.1,6.74,1
Valentino Livramento Southampton,19, D(R),,,25(3),2203,1,32.4,78.6,0.4,1,-,6.73,0.7
Lewis Dunk Brighton,30, D(C),,,29,2574,-,67.1,88.4,-,4.7,-,6.73,0.1
Kyle Walker Man City,32, D(CR),M(R),,20,1756,2,75,90.3,0.3,3.8,0.1,6.73,0.6
Kristoffer Ajer Brentford,24, D(CR),DMC,,23(1),1987,3,30.1,69.7,0.1,1.3,0.1,6.73,0.3
Vitaly Janelt Brentford,24, DMC,,,27(4),2309,-,30.6,77.9,0.2,1.7,0.1,6.73,0.7
Cheikhou Kouyaté Crystal Palace,32, D(CR),DMC,,23(4),1978,1,29.6,82,-,1.1,-,6.73,0.2
Grant Hanley Norwich,30, D(C),,,33,2899,-,39.7,83.1,-,2.1,-,6.73,0.2
Abdoulaye Doucouré Everton,29, M(C),,,29(1),2538,4,36.1,79.6,-,1,0.1,6.72,0.6
Jeffrey Schlupp Crystal Palace,29, D(L),M(CLR),,20(12),1846,1,20,76.3,0.1,0.6,0.1,6.72,0.6
Che Adams Southampton,25, AM(CL),FW,,23(7),2043,3,15.4,65.7,-,0.4,0.1,6.72,0.9
Michael Keane Everton,29, D(CR),,,31(1),2793,2,37.8,76.5,-,3.9,-,6.72,0.3
Chris Wood Newcastle,30, FW,,,15(2),1328,-,18.9,52.5,-,0.2,0.1,6.72,0.6
Joel Ward Crystal Palace,32, D(LR),DMC,M(R),27(1),2486,-,51.6,79.2,0.1,2.4,-,6.72,0.3
Adam Webster Brighton,27, D(C),,,16(6),1432,-,52.4,81,-,3,-,6.72,-
Matt Targett Aston Villa,26, D(L),M(L),,17,1434,1,37.8,73.7,0.9,1.9,-,6.71,1.2
Timothy Castagne Leicester,26, D(CLR),M(LR),,22(5),2126,-,40.8,82,0.4,1.3,-,6.71,0.6
Andros Townsend Everton,30, AM(LR),FW,,17(4),1459,2,18.7,78.1,1.3,0.3,-,6.71,1.5
Erik Pieters Burnley,33, D(L),M(L),,8(4),727,1,21.2,67.7,0.2,1.2,0.1,6.71,0.2
James Justin Leicester,24, D(CLR),M(LR),,11(2),997,-,42.9,80.6,0.2,1.2,-,6.7,0.7
Ederson Man City,28, GK,,,37,3330,-,25.9,88.8,-,4,-,6.7,-
Craig Dawson West Ham,32, D(CR),,,30(4),2754,2,37.5,80.9,-,3,-,6.7,0.1
Fraser Forster Southampton,34, GK,,,19,1710,-,27.9,54.7,-,6.4,-,6.7,-
Fernandinho Man City,37, D(CR),DMC,,10(9),960,1,44.1,88.8,0.1,1.8,0.1,6.7,0.5
Fabian Schär Newcastle,30, D(C),,,25,2161,2,39.4,69.6,-,5.1,-,6.7,0.4
Anthony Gordon Everton,21, AM(LR),,,25(10),2285,2,17.5,74.2,0.7,0.2,-,6.7,1
Leo Fuhr Hjelde Leeds,18, D(C),,,0(2),148,-,40,68.8,-,1.5,-,6.7,0.5
Vitalii Mykolenko Everton,23, D(CL),M(L),,12(1),1056,-,24.6,73.4,0.6,1,0.1,6.69,0.6
Joshua King Watford,30, AM(CLR),FW,,27(5),2251,3,15.6,72.9,0.1,0.1,0.1,6.69,1.1
Danny Welbeck Brighton,31, AM(CLR),FW,,15(10),1477,2,10.9,77.7,-,0.1,-,6.69,0.7
João Moutinho Wolves,35, M(C),,,34(1),2975,1,54.9,86.7,0.8,3.8,-,6.69,1.1
Maxwel Cornet Burnley,25, D(L),M(LR),FW,21(5),1778,1,14.5,70.6,0.4,0.2,-,6.69,0.6
Moussa Sissoko Watford,32, M(CR),,,36,3221,1,31.8,78.3,0.4,1.6,0.1,6.68,1
Vicente Guaita Crystal Palace,35, GK,,,30,2656,-,26.6,74.9,-,4.5,-,6.68,-
Arthur Masuaku West Ham,28, D(L),M(L),,6(7),645,1,24.5,79.9,0.2,0.5,-,6.68,0.2
Ryan Sessegnon Tottenham,22, D(L),M(LR),,13(2),1054,2,21.5,76.8,0.5,0.4,-,6.68,0.9
Kiernan Dewsbury-Hall Leicester,23, M(C),,,23(5),2106,2,41,81.2,0.3,1.1,0.1,6.68,1.3
Christian Pulisic Chelsea,23, M(CLR),FW,,13(9),1286,2,19.9,80.3,0.1,0.3,-,6.67,0.7
Jordan Ayew Crystal Palace,30, AM(CLR),FW,,23(8),2024,3,21.6,83.6,0.3,0.3,0.2,6.67,0.7
Granit Xhaka Arsenal,29, D(L),M(C),,27,2331,2,57.1,86.8,0.3,2,0.2,6.67,1.2
Jack Harrison Leeds,25, AM(CLR),FW,,32(3),2652,1,24.9,70.5,0.5,0.6,0.1,6.67,1.2
Chris Wood Burnley,30, FW,,,17,1378,-,17.9,58.6,-,0.2,-,6.66,0.5
Joachim Andersen Crystal Palace,26, D(C),,,32(2),2915,3,68.6,81.6,0.1,7.4,0.1,6.66,0.6
Angelo Ogbonna West Ham,34, D(C),,,11,922,-,43.1,85.2,-,1.5,-,6.66,-
Raúl Jiménez Wolves,31, FW,,,30(4),2640,4,22.1,71.8,0.1,0.7,0.1,6.66,1.1
Enock Mwepu Brighton,24, M(CR),,,12(6),997,4,21.4,74.5,0.1,0.3,0.1,6.66,0.5
Michael Olise Crystal Palace,20, AM(CLR),,,12(14),1138,5,21,81.4,0.7,1.1,0.1,6.66,0.9
Odsonne Édouard Crystal Palace,24, AM(L),FW,,18(10),1567,3,14.8,73.7,-,0.1,-,6.66,0.8
Jadon Sancho Man Utd,22, AM(CLR),,,20(9),1904,3,32.2,83.5,0.3,0.4,0.1,6.66,1.4
Christian Benteke Crystal Palace,31, FW,,,11(14),1136,1,11.9,64.4,-,0.3,-,6.66,0.5
Édouard Mendy Chelsea,30, GK,,,34,3060,-,23.6,82,-,3.5,-,6.65,-
Ben Johnson West Ham,22, D(LR),M(L),,16(4),1401,-,28.1,70.8,0.7,1.8,-,6.65,0.5
Martin Dúbravka Newcastle,33, GK,,,26,2340,-,29,59.4,-,8.6,-,6.65,0.1
Pablo Marí Arsenal,28, D(C),,,2,180,-,46,85.9,-,2,-,6.65,0.5
Aaron Ramsdale Arsenal,24, GK,,,34,3060,-,29.7,62.6,-,4.7,-,6.65,-
Manuel Lanzini West Ham,29, M(CLR),,,19(11),1789,3,40.1,91.9,0.2,1.1,-,6.65,0.8
Harry Maguire Man Utd,29, D(C),,,28(2),2514,-,52.1,86.4,-,4,-,6.65,0.1
Danny Ings Aston Villa,29, AM(C),FW,,22(8),1906,6,12,69.3,-,0.3,-,6.65,0.5
Jean-Philippe Mateta Crystal Palace,24, FW,,,13(9),1152,1,10.5,67.8,0.1,-,-,6.64,0.3
David de Gea Man Utd,31, GK,,,38,3420,-,20.7,68.9,-,3.1,-,6.64,-
Ademola Lookman Leicester,24, AM(CLR),FW,,16(10),1459,-,19.5,78.3,0.1,0.1,0.1,6.64,0.9
Conor Coady Wolves,29, D(CR),DMC,,38,3364,-,44.4,89.7,-,3.8,-,6.64,0.1
Luke Shaw Man Utd,26, D(CL),M(L),,19(1),1603,3,46.2,84.1,1.5,1.6,0.2,6.64,2
Robert Sánchez Brighton,24, GK,,,37,3330,-,36,67.4,-,5.5,-,6.63,0.1
Nemanja Matic Man Utd,33, DMC,,,16(7),1384,4,45.2,87.1,0.1,2.2,0.2,6.63,0.6
Emiliano Martínez Aston Villa,29, GK,,,36,3240,-,26,70.4,-,4.8,-,6.63,-
Juraj Kucka Watford,35, M(CLR),,,22(4),1924,1,26.1,68.7,0.2,1,-,6.63,0.4
Alex McCarthy Southampton,32, GK,,,17,1530,-,25.3,56.5,-,4.8,-,6.63,0.1
Wout Weghorst Burnley,29, FW,,,17(3),1457,3,21.3,64.3,0.1,0.2,-,6.62,0.7
Adam Masina Watford,28, D(L),M(L),,13(2),1077,1,28.1,69.7,0.5,2.1,-,6.62,0.5
Mohamed Elyounoussi Southampton,27, AM(CLR),FW,,23(7),2046,2,20.1,70.7,0.1,0.4,-,6.62,0.9
Yerry Mina Everton,27, D(C),,,11(2),847,-,27.4,80.1,0.1,1.7,-,6.61,0.1
Fabian Delph Everton,32, D(L),M(CL),,8(3),666,-,27.8,84.3,-,2.5,-,6.61,0.4
Séamus Coleman Everton,33, D(CR),M(R),,30,2658,-,31.7,74.2,0.4,1.8,-,6.61,0.4
Dimitris Giannoulis Norwich,26, D(L),M(L),,14(4),1169,1,30.7,76.5,0.3,0.6,-,6.61,0.5
Illan Meslier Leeds,22, GK,,,38,3385,-,29.3,69,-,4,-,6.61,-
Connor Roberts Burnley,26, D(LR),M(R),,19(2),1693,1,30.8,72.9,0.3,1.1,-,6.61,0.6
Jordan Pickford Everton,28, GK,,,35,3150,-,29.2,48.1,-,8.2,-,6.6,0.1
Eddie Nketiah Arsenal,23, FW,,,8(13),825,1,10.7,77.7,-,-,-,6.6,0.6
James Milner Liverpool,36, D(LR),M(CLR),,9(15),851,1,29.3,86,0.5,1.1,0.1,6.6,0.9
Divock Origi Liverpool,27, AM(LR),FW,,0(7),127,-,5.3,75.7,-,0.1,-,6.6,-
Benjamin Mendy Man City,27, D(L),DMC,M(L),1,79,-,77,92.2,1,1,-,6.6,2
Nathan Redmond Southampton,28, AM(CLR),FW,,20(7),1834,5,24.8,73.1,0.7,0.9,0.1,6.6,1.3
Hamza Choudhury Leicester,24, DMC,,,4(2),287,-,24.8,82.6,-,1.2,-,6.6,-
Armando Broja Southampton,20, FW,,,21(11),1981,-,12.4,61.4,-,-,-,6.59,0.3
Joseph Willock Newcastle,22, M(C),,,24(5),2047,-,18.8,81.6,0.1,0.6,-,6.59,0.6
Solly March Brighton,27, M(CLR),,,17(14),1739,2,20.6,77.4,0.8,1.3,-,6.59,1.1
Emil Krafth Newcastle,27, D(CR),,,18(2),1638,1,29.6,73.3,0.2,0.6,-,6.59,0.3
Matthew Lowton Burnley,32, D(LR),M(R),,20(5),1772,2,25.9,67.4,0.4,2.5,-,6.59,0.7
Diego Llorente Leeds,28, D(C),DMC,,28,2344,-,48.5,81.4,-,3.1,-,6.58,0.1
Callum Wilson Newcastle,30, FW,,,16(2),1395,-,8.4,68.2,0.1,0.1,0.1,6.58,0.6
Ismaïla Sarr Watford,24, AM(LR),FW,,21(1),1865,2,18.8,77.5,0.4,0.5,-,6.58,1
Alexander Iwobi Everton,26, M(CLR),,,22(6),2037,2,24.9,79.6,0.4,1,0.1,6.58,1.3
Trincão Wolves,22, AM(CR),,,16(12),1340,1,15.3,80.8,0.3,0.6,-,6.58,0.5
Kortney Hause Aston Villa,26, D(CL),,,4(3),397,-,31.7,78.8,-,2.4,-,6.58,-
Willy Boly Wolves,31, D(C),,,10,900,-,55.6,84,-,1.5,-,6.58,0.1
Francisco Sierralta Watford,25, D(C),,,5,428,-,36.4,78,-,0.8,-,6.57,-
Rodrigo Leeds,31, M(CLR),FW,,27(4),2275,1,28.1,75.5,0.4,1.3,0.2,6.57,1.2
Oliver Skipp Tottenham,21, DMC,,,14(4),1349,-,46.9,90.1,0.1,1.1,0.1,6.57,0.4
Jonjo Shelvey Newcastle,30, M(C),,,22(2),1986,1,37.5,81.3,0.4,4.9,0.1,6.57,0.7
Vladimír Coufal West Ham,29, D(R),M(R),,25(3),2211,4,37.4,71.4,0.7,1.3,-,6.57,0.8
Harvey Elliott Liverpool,19, AM(CR),,,4(2),346,-,40.2,84.2,0.5,1,-,6.57,1.5
Kalvin Phillips Leeds,26, D(C),DMC,,18(2),1596,1,47.4,82,0.2,3.5,-,6.56,0.5
Angus Gunn Norwich,26, GK,,,9,810,-,28.7,62.8,-,7,-,6.56,-
Alex Oxlade Chamberlain Liverpool,28, M(CLR),,,9(8),787,1,22.2,82.3,0.2,1.4,-,6.56,0.6
Joe Gomez Liverpool,25, D(CLR),,,4(4),331,1,29.9,83.3,0.5,1.1,-,6.56,0.4
Alphonse Areola West Ham,29, GK,,,1,90,-,37,48.6,-,10,-,6.56,-
Anthony Elanga Man Utd,20, AM(LR),,,14(7),1217,2,19.7,78.2,0.2,0.2,-,6.56,0.4
Mathias Normann Norwich,26, M(C),,,20(3),1653,2,32.5,71.8,0.3,2.8,0.2,6.56,0.6
Nathaniel Clyne Crystal Palace,31, D(LR),M(R),,15(1),1351,1,34.9,79.2,0.2,0.9,0.1,6.55,0.4
Chiquinho Wolves,22, AM(R),,,1(7),204,3,9.4,73.3,0.9,0.3,-,6.55,0.6
Charlie Goode Brentford,26, D(C),,,4(2),448,-,38.3,70,0.3,2.7,-,6.55,1.2
Marc Albrighton Leicester,32, D(R),M(LR),,11(6),1128,2,25.1,67.2,0.9,0.8,-,6.54,0.6
Yan Valery Southampton,23, D(CR),M(R),,3(2),369,-,27.8,72.7,0.2,0.2,-,6.54,0.2
Imrân Louza Watford,23, M(CLR),,,17(3),1423,-,32.5,77.5,0.5,2.3,0.1,6.54,0.8
Brandon Williams Norwich,21, D(L),M(L),,23(3),2123,1,35.9,81.8,0.1,1.6,0.2,6.54,0.8
Rico Henry Brentford,24, D(L),M(L),,33(1),2784,-,30.1,74.4,0.6,1,-,6.54,0.5
Tariq Lamptey Brighton,21, D(R),M(R),,16(14),1558,2,20.5,85.8,0.6,0.2,-,6.54,0.7
Dele Alli Tottenham,26, M(CL),FW,,8(2),658,-,21.8,78.9,0.1,0.4,-,6.53,0.2
Timo Werner Chelsea,26, AM(CLR),FW,,15(6),1286,1,17.7,78.2,-,0.2,-,6.53,0.4
Mason Holgate Everton,25, D(CR),DMC,M(R),23(2),2134,1,33.7,68.4,-,3,-,6.53,0.1
Eberechi Eze Crystal Palace,23, AM(CLR),,,6(7),603,1,21,82.4,0.6,0.8,-,6.53,0.8
Samir Watford,27, D(CL),,,19,1676,-,35.1,80.7,-,2.1,-,6.53,0.1
Hwang Hee-Chan Wolves,26, AM(CLR),FW,,20(10),1822,1,20.9,81,0.1,0.7,-,6.53,0.5
Daniel James Man Utd,24, AM(LR),FW,,2,128,-,14.5,69,-,-,-,6.53,1
Will Hughes Crystal Palace,27, M(CLR),,,13(3),1058,1,31.3,85.6,0.4,1.3,-,6.53,0.6
Andrew Omobamidele Norwich,19, D(C),,,4(1),381,-,45.4,84.1,-,2.8,-,6.53,-
Cédric Soares Arsenal,30, D(LR),M(R),,16(5),1487,1,41.6,83.5,1,1.5,-,6.53,0.9
Yoane Wissa Brentford,25, AM(L),FW,,12(18),1275,1,9.1,68.1,-,0.2,-,6.52,0.3
Kelechi Iheanacho Leicester,25, AM(C),FW,,13(13),1263,5,13.4,77.4,0.1,0.2,0.2,6.52,0.7
Japhet Tanganga Tottenham,23, D(CR),,,10(1),740,-,31.5,84.1,0.2,0.8,-,6.52,0.2
Paul Dummett Newcastle,30, D(CL),,,2(1),194,-,17.3,73.1,-,0.3,-,6.52,-
Cucho Hernández Watford,23, AM(LR),FW,,11(14),1143,2,13.5,65.6,0.5,0.7,-,6.51,0.8
Stuart Armstrong Southampton,30, AM(CLR),,,15(10),1470,-,28,82,0.4,0.5,-,6.51,1
Ben Godfrey Everton,24, D(CLR),,,23,2031,-,30.7,76.6,0.2,1,-,6.51,0.5
Albert Sambi Lokonga Arsenal,22, DMC,,,12(7),1133,-,43.1,88.4,0.1,1.8,0.1,6.51,0.9
Adam Lallana Brighton,34, M(CLR),,,18(6),1561,1,39.9,87.1,-,0.8,-,6.5,0.3
Jamaal Lascelles Newcastle,28, D(C),,,22(4),2055,-,26.5,74.6,-,1.3,-,6.5,0.2
Allan Everton,31, DMC,,,25(3),2188,2,34.2,80,0.1,1.4,-,6.5,0.5
Jack Stephens Southampton,28, D(CR),,,9(2),811,-,42.1,77.3,-,2.5,-,6.5,0.4
Victor Lindelöf Man Utd,27, D(CR),,,26(2),2355,2,49.2,87.8,-,2.3,0.1,6.5,0.1
Daniel Bachmann Watford,27, GK,,,12,1080,-,26.3,54.3,-,6.6,-,6.49,-
Junior Firpo Leeds,25, D(L),M(L),,19(5),1716,2,32.4,81.4,0.3,0.9,-,6.49,0.9
Liam Delap Man City,19, Forward,,,0(1),9,-,1,100,-,-,-,6.49,-
Saúl Ñíguez Chelsea,27, D(CL),M(CLR),,5(5),480,-,32.5,88.9,0.2,1.3,-,6.49,0.3
Sergi Canós Brentford,25, M(LR),,,25(6),2094,2,21.5,62.9,0.5,0.9,0.1,6.49,0.5
Neal Maupay Brighton,25, AM(C),FW,,25(7),2276,2,18.8,77.8,0.1,0.3,0.1,6.49,0.7
Luke Ayling Leeds,30, D(CR),M(R),,26,2275,2,54.5,77.4,0.2,4.1,0.1,6.48,0.5
Rob Holding Arsenal,26, D(CR),,,9(6),840,-,31.7,86.8,-,1.1,-,6.48,-
Pierre Lees-Melou Norwich,29, M(CLR),,,27(6),2273,-,30,79.6,0.3,2.6,0.1,6.48,0.8
Edo Kayembe Watford,24, DMC,,,9(4),801,-,33.3,85.9,0.1,2.2,0.1,6.48,0.5
Patrick Bamford Leeds,28, AM(CLR),FW,,7(2),560,2,11.6,81.7,0.2,0.2,-,6.48,0.6
Javier Manquillo Newcastle,28, D(LR),M(R),,15(4),1267,2,16.6,73,0.1,0.4,-,6.48,0.2
Nicolas Nkoulou Watford,32, D(C),,,2(1),168,-,19,87.7,-,1.3,-,6.47,0.3
Teemu Pukki Norwich,32, AM(C),FW,,37,3261,3,14.2,75.2,0.1,0.4,-,6.47,0.7
Zanka Brentford,32, D(C),,,6(2),517,-,33.6,80.7,0.3,1.9,-,6.47,0.4
Donny van de Beek Everton,25, M(C),,,5(2),484,-,34.6,84.7,-,0.3,-,6.47,0.3
Tim Iroegbunam Aston Villa,18, Midfielder,,,1(2),91,-,9,81.5,-,-,-,6.46,-
Sam Byram Norwich,28, D(CLR),M(R),,11(4),1024,-,29.4,77.1,-,0.7,-,6.46,0.3
Mohamed Elneny Arsenal,29, DMC,,,8(6),802,2,40.4,93.5,-,1.3,-,6.46,0.6
Daniel Amartey Leicester,27, D(CR),DMC,,23(5),2120,-,54.8,90.7,-,1.8,-,6.46,0.1
Finley Stevens Brentford,19, Defender,,,0(1),14,-,6,83.3,-,-,-,6.46,1
Álvaro Fernández Brentford,24, GK,,,12,1080,-,38,60.5,-,6.7,-,6.46,-
Ryan Fraser Newcastle,28, M(CLR),FW,,18(9),1471,3,14.3,77.5,1.2,0.5,-,6.46,0.9
Tanguy Ndombele Tottenham,25, M(C),,,6(3),486,1,29.3,87.1,-,0.7,0.2,6.46,0.4
Saman Ghoddos Brentford,28, AM(CLR),FW,,4(13),528,1,11.2,71.6,0.2,0.5,0.1,6.46,0.4
Issa Diop West Ham,25, D(C),,,10(3),962,1,36.7,85.1,-,1.2,0.2,6.46,0.1
Jeremy Ngakia Watford,21, D(R),,,9(7),900,-,21,73.8,0.3,1.2,-,6.45,0.3
Patson Daka Leicester,23, FW,,,13(10),1163,3,9.6,74.5,-,0.1,-,6.45,0.6
Jamie Shackleton Leeds,22, D(R),DMC,,7(7),709,-,24.7,86.4,-,0.2,-,6.45,0.1
Marvelous Nakamba Aston Villa,28, DMC,,,10(6),905,-,24,85.2,-,0.8,-,6.45,0.1
Dan Gosling Watford,32, M(C),,,2(2),165,-,15.8,85.7,0.3,0.5,-,6.45,0.3
Jack Butland Crystal Palace,29, GK,,,8(1),765,-,27.4,70.4,-,3.4,-,6.45,-
Jakub Moder Brighton,23, M(CL),,,19(9),1702,3,27.1,74.6,0.3,0.4,0.1,6.45,0.6
Kiko Femenía Watford,31, D(LR),M(R),,26(1),2150,5,32.5,73.7,0.9,1.2,-,6.45,0.9
Pedro Neto Wolves,22, AM(CLR),FW,,5(8),466,1,15.3,84.9,0.8,0.2,-,6.45,1
Jannik Vestergaard Leicester,29, D(C),,,6(4),564,-,37.7,88.9,-,2.5,-,6.44,0.1
Kenny McLean Norwich,30, M(C),,,29(2),2707,-,33.4,74.5,0.1,1.5,-,6.44,0.3
Miguel Almirón Newcastle,28, AM(CLR),FW,,19(11),1721,-,16.2,81.6,0.1,0.4,-,6.44,0.6
Leander Dendoncker Wolves,27, D(C),M(C),,21(9),1948,2,27.1,86.9,-,0.6,-,6.44,0.4
Danny Rose Watford,31, D(L),M(L),,7(1),689,-,28.4,68.3,0.3,2.8,0.1,6.44,0.6
Jay Rodriguez Burnley,32, AM(CLR),FW,,13(16),1375,2,10.4,59.9,0.1,0.1,-,6.44,0.4
Daniel James Leeds,24, AM(LR),FW,,29(3),2368,4,13.8,71.7,0.2,0.3,-,6.44,0.8
Luka Milivojevic Crystal Palace,31, DMC,,,9(6),776,-,30,85.6,1,1.5,0.1,6.44,0.7
Jóhann Gudmundsson Burnley,31, AM(CLR),,,13(5),1105,1,16.3,67.6,0.6,0.3,-,6.44,0.4
Nicolas Pépé Arsenal,27, AM(LR),FW,,5(15),682,2,16,83.7,0.6,0.2,-,6.44,0.6
Isaac Hayden Newcastle,27, D(C),DMC,,12(2),1003,-,23.7,78.6,-,0.6,-,6.44,0.1
Wayne Hennessey Burnley,35, GK,,,2,180,-,35.5,47.9,-,14.5,-,6.44,1.5
Max Aarons Norwich,22, D(R),,,32(2),2882,2,32.3,77.2,0.3,1.1,0.1,6.43,0.6
Ezri Konsa Aston Villa,24, D(CR),,,29,2482,-,34.7,86.4,-,1.1,-,6.43,0.1
Ashley Young Aston Villa,36, D(LR),M(LR),,10(14),1241,2,21.6,80,0.3,0.9,-,6.43,0.5
Cole Palmer Man City,20, Midfielder,,,1(3),122,-,12.8,90.2,-,0.3,0.3,6.43,0.5
Harry Winks Tottenham,26, DMC,,,9(10),908,1,34.4,88.2,0.4,1.6,0.2,6.43,0.6
Phil Jones Man Utd,30, D(CR),DMC,,2(2),163,-,20.3,87.7,-,0.3,-,6.42,-
James Tomkins Crystal Palace,33, D(CR),,,6(2),546,-,39.9,86.5,-,3.3,-,6.42,0.3
Boubakary Soumaré Leicester,23, DMC,,,12(7),1102,1,28.2,82.5,0.1,0.7,-,6.42,0.3
Ashley Westwood Burnley,32, DMC,,,26(1),2290,3,41.2,75.2,1.1,2.9,0.1,6.42,1.2
Steven Alzate Brighton,23, DMC,M(L),,5(4),407,-,25.8,87.5,-,1.3,-,6.42,0.2
Nuno Tavares Arsenal,22, D(L),,,13(9),1171,1,26.6,82.1,0.4,0.6,-,6.42,0.5
Tim Krul Norwich,34, GK,,,29,2610,-,31.1,65.4,-,6.7,-,6.42,-
Mathias Jensen Brentford,26, M(C),,,19(12),1602,1,22.8,76.2,1,2.2,0.1,6.42,1.1
Milot Rashica Norwich,25, AM(CLR),FW,,25(6),2240,2,14.8,70.8,0.9,0.7,-,6.42,1.2
Bernd Leno Arsenal,30, GK,,,4,360,-,25.3,62.4,-,5.5,-,6.41,-
Romain Perraud Southampton,24, D(L),M(L),,18(2),1625,1,26.7,70.6,0.3,0.6,-,6.41,0.4
John Ruddy Wolves,35, GK,,,1(1),135,-,14.5,62.1,-,1,-,6.4,-
Edinson Cavani Man Utd,35, AM(LR),FW,,7(8),765,1,15.3,76.1,-,0.5,-,6.4,0.5
Matt Ritchie Newcastle,32, D(L),M(CLR),,14(4),1335,2,28,78,1.6,2.3,-,6.4,1.6
Leon Bailey Aston Villa,24, M(LR),FW,,7(11),757,2,10.4,76.6,0.2,0.5,0.1,6.4,0.4
Sean Longstaff Newcastle,24, DMC,,,15(9),1461,1,24.6,81,0.1,1.8,-,6.39,0.3
Billy Gilmour Norwich,20, DMC,,,21(3),1858,1,47.3,83.7,1.4,3.4,-,6.39,1
Jacob Murphy Newcastle,27, D(R),M(LR),,13(20),1455,2,13.7,64.5,0.3,0.4,-,6.38,0.6
Adam Armstrong Southampton,25, AM(CLR),FW,,17(6),1415,2,13.2,74.9,-,0.4,0.1,6.38,0.6
Ibrahima Diallo Southampton,23, DMC,,,10(13),1019,2,19.3,80.6,0.1,0.7,-,6.38,0.7
CJ Egan-Riley Man City,19, Defender,,,0(1),3,-,1,100,-,-,-,6.38,-
Tariqe Fosu-Henry Brentford,26, M(CLR),,,0(1),16,-,6,83.3,1,-,-,6.38,-
Jack Cork Burnley,32, DMC,,,20,1676,-,28.3,74.2,0.2,1.3,-,6.38,0.3
Takumi Minamino Liverpool,27, AM(CLR),FW,,1(10),179,-,6.2,85.3,-,0.2,0.1,6.38,0.2
Mateusz Klich Leeds,31, M(C),,,26(7),2095,2,29.6,79.9,0.2,0.8,0.1,6.37,0.9
Christian Kabasele Watford,31, D(C),,,12(4),1191,-,29.3,78.5,0.1,1.9,-,6.37,0.1
Craig Cathcart Watford,33, D(CR),,,27(4),2396,1,29.1,81.3,-,2.7,-,6.37,0.1
Lyanco Southampton,25, D(C),,,9(6),906,-,25.9,72.2,-,1.4,-,6.37,0.2
Federico Fernández Newcastle,33, D(C),,,5(2),522,-,29.6,87.4,-,2.4,0.1,6.37,0.1
Frank Onyeka Brentford,24, DMC,,,12(8),1051,-,15.7,80.2,0.1,0.6,-,6.37,0.2
Ozan Kabak Norwich,22, D(C),,,11,925,-,39,81.4,-,1.4,-,6.36,0.2
Pascal Struijk Leeds,22, D(C),DMC,,22(7),2053,-,43.2,85.2,-,2.1,-,6.36,0.4
Robin Koch Leeds,25, D(C),DMC,,17(3),1575,-,34.9,77.4,-,1.6,-,6.35,0.3
Adam Idah Norwich,21, FW,,,6(11),620,1,7.8,67.4,0.2,0.2,-,6.35,0.3
Ayoze Pérez Leicester,28, AM(CLR),FW,,6(8),444,3,10.7,80.7,0.1,0.1,-,6.35,0.8
Ben Gibson Norwich,29, D(CL),,,28,2495,-,48.8,81.3,-,3.4,-,6.35,0.1
Marcus Rashford Man Utd,24, AM(CLR),FW,,13(12),1233,2,15.7,76.1,-,0.2,-,6.35,0.4
Ainsley Maitland-Niles Arsenal,24, D(LR),M(CLR),,2(6),265,-,16.9,77,0.1,0.5,0.1,6.35,0.4
Shane Long Southampton,35, AM(R),FW,,3(10),303,-,5.5,60.6,-,-,-,6.34,0.2
Morgan Sanson Aston Villa,27, M(CLR),,,3(7),352,-,15.3,78.4,0.2,0.3,-,6.34,0.1
Jeff Hendrick Newcastle,30, M(CR),,,0(3),70,-,9.7,93.1,-,0.3,-,6.34,0.3
Jacob Sørensen Norwich,24, D(L),DMC,,6(4),601,-,30.2,81.5,0.1,1.8,-,6.34,-
Sam Greenwood Leeds,20, Forward,,,1(6),232,2,10.4,74,-,0.1,-,6.34,0.6
Luke Cundle Wolves,20, Midfielder,,,2(2),180,-,25.8,93.2,-,1.5,0.3,6.34,0.5
Adam Forshaw Leeds,30, M(C),,,17(5),1530,1,37.5,83.5,-,2.4,-,6.33,0.6
Jamal Lewis Newcastle,24, D(L),M(L),,4(1),263,-,15.8,78.5,-,0.8,-,6.33,0.2
Matej Vydra Burnley,30, AM(CL),FW,,5(17),668,3,4.6,73.5,-,-,-,6.33,0.3
Anwar El Ghazi Aston Villa,27, AM(LR),FW,,4(5),383,1,11.4,76.7,0.3,0.2,-,6.33,0.6
Tyler Roberts Leeds,23, AM(C),FW,,7(16),979,1,12.2,73.9,0.1,0.4,-,6.32,0.7
Shandon Baptiste Brentford,24, M(C),,,9(13),905,-,13.5,85.2,-,0.4,-,6.32,0.4
Joshua Sargent Norwich,22, AM(CR),FW,,18(8),1579,1,15.1,72.8,-,0.2,-,6.32,0.4
Nampalys Mendy Leicester,29, M(C),,,12(2),1035,-,46.1,91.9,-,1.3,-,6.32,0.1
Juan Mata Man Utd,34, AM(CLR),,,2(5),232,-,29.7,88.9,0.3,1,-,6.31,0.3
Peter Etebo Watford,26, M(CL),FW,,4(5),398,-,18.3,90.9,0.1,1.7,-,6.31,0.2
Anthony Martial Man Utd,26, AM(LR),FW,,2(6),210,-,10.3,81.7,-,-,0.1,6.31,-
Tom Cleverley Watford,32, M(CLR),,,20(8),1626,2,21.3,76.5,0.6,0.9,-,6.31,0.7
Ki-Jana Hoever Wolves,20, M(R),,,4(4),307,-,14.8,69.5,0.1,0.1,-,6.31,0.1
Donny van de Beek Man Utd,25, M(C),,,0(8),69,-,4.1,78.8,-,0.1,0.1,6.3,0.4
Giovani Lo Celso Tottenham,26, M(CR),FW,,2(7),233,-,16.7,83.3,0.2,0.7,-,6.3,0.6
Ken Sema Watford,28, M(CLR),,,7(11),846,-,10.4,64.9,0.7,0.4,-,6.29,0.7
Bertrand Traoré Aston Villa,26, AM(R),FW,,1(8),213,-,8.7,76.9,-,0.2,-,6.28,-
Joe Gelhardt Leeds,20, FW,,,5(15),738,2,8,65,0.1,0.1,0.1,6.28,0.5
Aaron Lennon Burnley,35, M(LR),,,17(11),1548,-,12,73.5,0.1,0.3,-,6.28,0.3
Eric Bailly Man Utd,28, D(CR),,,3(1),218,-,21.3,80,-,0.8,-,6.28,-
Jonjoe Kenny Everton,25, D(LR),M(R),,11(4),1017,1,24.1,73.7,0.7,1.2,-,6.27,0.7
Ben Foster Watford,39, GK,,,26,2340,1,30.9,44,-,8.2,-,6.27,-
Mads Bech Sørensen Brentford,23, D(CL),,,9(2),834,-,39.2,81.4,0.3,1.7,-,6.27,0.6
Mads Roerslev Brentford,22, D(R),M(R),,12(9),1235,1,14.1,67,0.4,0.5,-,6.27,0.3
William Troost-Ekong Watford,28, D(C),,,15(2),1388,-,35.4,77.2,-,3.9,-,6.27,0.1
Dele Alli Everton,26, M(CL),FW,,1(10),332,-,13.5,73,0.1,0.5,0.2,6.26,0.6
Samuel Kalu Watford,24, M(LR),,,2(2),222,-,15.3,88.5,0.5,-,-,6.25,0.3
Nathan Tella Southampton,22, AM(LR),FW,,10(4),811,1,11.5,62.1,0.2,0.2,-,6.25,0.5
Steven Bergwijn Tottenham,24, AM(CLR),FW,,4(21),551,1,6.6,84.2,-,-,-,6.25,0.3
Willy Caballero Southampton,40, GK,,,2,180,-,30,61.7,-,9.5,-,6.25,-
Ciaran Clark Newcastle,32, D(CL),,,12(1),1015,1,28,79.1,0.1,1.2,-,6.24,0.3
Jesse Lingard Man Utd,29, AM(CLR),FW,,2(14),356,-,9.1,88.3,-,-,-,6.24,0.5
Lukas Rupp Norwich,31, M(CR),,,7(12),764,-,20.2,83.3,0.1,0.6,0.1,6.23,0.5
Todd Cantwell Norwich,24, AM(CLR),,,5(3),441,-,18.9,84.1,-,0.6,0.3,6.23,0.3
Crysencio Summerville Leeds,20, AM(R),,,0(6),126,-,11,75.8,-,0.2,-,6.23,0.3
Mark Noble West Ham,35, M(C),,,3(8),327,-,27,87.9,-,1,-,6.23,0.1
Kevin Long Burnley,31, D(C),,,4(2),408,-,17,77.5,-,1.3,-,6.22,-
Kieran Dowell Norwich,24, AM(CLR),,,11(8),913,1,15.4,73,0.5,0.5,-,6.22,0.8
Nikola Vlasic West Ham,24, AM(CLR),FW,,6(13),555,-,10.7,80.8,0.1,0.2,-,6.22,0.5
Karl Darlow Newcastle,31, GK,,,8,720,-,27.6,57.5,-,9.8,-,6.22,-
Tom Davies Everton,23, M(C),,,2(4),233,-,13.5,74.1,-,0.2,-,6.22,-
Ellis Simms Everton,21, FW,,,1,62,-,12,58.3,-,-,-,6.21,-
Carney Chukwuemeka Aston Villa,18, Midfielder,,,2(10),295,1,10,81.7,-,0.2,-,6.2,0.2
Dane Scarlett Tottenham,18, Forward,,,0(1),3,-,1,100,-,-,-,6.2,-
Przemyslaw Placheta Norwich,24, AM(LR),,,6(6),506,-,11,74.2,0.4,0.5,0.1,6.2,0.3
William Smallbone Southampton,22, M(R),,,2(2),134,-,8.3,57.6,0.3,-,-,6.19,0.3
Ashley Barnes Burnley,32, AM(CL),FW,,8(15),803,-,8.3,63.7,-,0.1,-,6.19,0.3
Troy Deeney Watford,33, FW,,,0(2),23,-,3.5,42.9,-,-,-,6.19,0.5
Charlie Cresswell Leeds,19, Defender,,,1(4),131,-,20.8,72.1,-,0.8,-,6.19,-
Salomón Rondón Everton,32, FW,,,8(12),783,1,9.3,62.4,0.1,0.2,-,6.19,0.4
Moussa Djenepo Southampton,23, AM(LR),,,5(7),455,-,11.7,75.7,0.2,0.1,0.1,6.18,0.5
Axel Tuanzebe Aston Villa,24, D(CR),,,6(3),506,-,26.7,86.3,-,1.1,-,6.18,-
André Gomes Everton,28, M(CLR),,,7(7),619,1,19.7,77.2,0.4,0.9,-,6.17,0.3
Harrison Ashby West Ham,20, Defender,,,0(1),6,-,6,100,-,1,-,6.17,-
Jonathan Rowe Norwich,19, Forward,,,0(13),211,1,5.1,71.2,0.1,-,0.1,6.17,0.4
Dale Stephens Burnley,32, M(C),,,1(2),123,-,19,80.7,-,1.3,-,6.17,0.3
Ryan Fredericks West Ham,29, D(R),M(R),,3(4),304,-,17,78.2,0.1,0.1,-,6.15,0.3
Jarrad Branthwaite Everton,19, D(C),,,4(2),388,-,19.2,75.7,-,0.8,-,6.15,-
Marcus Forss Brentford,22, FW,,,1(6),203,1,5.1,61.1,-,0.4,-,6.15,0.1
Andrii Yarmolenko West Ham,32, AM(CR),FW,,1(18),304,-,5.3,77.2,0.1,0.1,-,6.15,0.2
Bryan Gil Tottenham,21, AM(CLR),,,0(9),86,-,6.2,83.9,0.2,-,-,6.15,0.2
Jesurun Rak-Sakyi Crystal Palace,19, Midfielder,,,1(1),81,-,12,87.5,0.5,-,-,6.15,-
Robin Olsen Aston Villa,32, GK,,,1,90,-,39,46.2,-,10,-,6.14,-
Josh Dasilva Brentford,23, M(C),,,2(7),252,-,9.7,82.8,0.1,0.1,-,6.14,0.3
Taylor Richards Brighton,21, AM(C),,,0(2),23,-,13.5,77.8,-,1,-,6.14,0.5
Chem Campbell Wolves,19, Forward,,,0(1),12,-,9,88.9,-,-,-,6.13,-
James McAtee Man City,19, Midfielder,,,0(2),19,-,6.5,69.2,-,-,-,6.13,-
Calum Chambers Arsenal,27, D(CR),DMC,,2,171,-,41,81.7,0.5,1.5,-,6.13,0.5
Tyler Morton Liverpool,19, M(C),,,1(1),66,-,17.5,85.7,-,0.5,-,6.13,-
Jairo Riedewald Crystal Palace,25, D(CL),DMC,,1(2),117,-,17.7,84.9,0.3,0.3,-,6.12,0.7
Lewis Brunt Leicester,21, Midfielder,,,0(1),23,-,21,100,-,1,-,6.12,-
Ryan Bertrand Leicester,32, D(CL),M(L),,4,338,-,36.3,81.4,0.5,0.8,-,6.1,-
Aaron Connolly Brighton,22, FW,,,1(3),155,-,4.8,73.7,-,-,-,6.1,0.3
Joe Rodon Tottenham,24, D(C),,,0(3),87,-,11.7,82.9,-,1,-,6.09,-
Christoph Zimmermann Norwich,29, D(C),,,2(1),158,-,21,73,-,0.7,-,6.09,-
Kayky Man City,18, Forward,,,0(1),6,-,2,100,-,-,-,6.09,-
Theo Walcott Southampton,33, M(CLR),FW,,5(4),381,-,9,71.6,-,0.2,-,6.09,0.1
Fábio Silva Wolves,19, FW,,,6(16),565,-,6.2,68.4,-,0.1,-,6.09,0.1
Kaide Gordon Liverpool,17, Forward,,,0(1),8,-,4,100,-,-,-,6.08,-
Sonny Perkins West Ham,18, Midfielder,,,0(1),3,-,1,-,-,-,-,6.08,-
Jean-Philippe Gbamin Everton,26, D(CR),DMC,,1(2),67,-,7.3,72.7,-,-,-,6.07,-
Christos Tzolis Norwich,20, AM(L),,,3(11),330,-,6.9,75,0.1,0.2,-,6.06,0.6
Mads Bidstrup Brentford,21, Midfielder,,,0(4),38,-,3.3,76.9,-,-,-,6.06,-
Ozan Tufan Watford,27, D(R),M(CR),,4(3),338,-,16.4,73.9,-,0.4,-,6.06,0.6
Ashley Fletcher Watford,26, AM(CL),FW,,0(3),28,-,2,50,-,-,-,6.05,-
Bali Mumba Norwich,20, M(R),,,0(1),45,-,9,77.8,-,-,-,6.05,-
Shola Shoretire Man Utd,18, Forward,,,0(1),16,-,5,100,-,-,-,6.05,-
Anwar El Ghazi Everton,27, AM(LR),FW,,0(2),11,-,4.5,77.8,-,-,-,6.05,-
Jürgen Locadia Brighton,28, AM(LR),FW,,0(1),22,-,1,100,-,-,-,6.04,-
Reiss Nelson Arsenal,22, M(LR),,,0(1),19,-,12,66.7,-,-,-,6.04,1
Cody Drameh Leeds,20, D(R),,,1(2),126,-,18.3,74.5,0.3,0.7,-,6.03,0.3
Emerson Chelsea,27, D(L),M(L),,0(1),4,-,2,50,-,-,-,6.03,-
Trézéguet Aston Villa,27, AM(LR),,,0(1),10,-,6,100,-,1,-,6.03,-
Dwight Gayle Newcastle,32, AM(LR),FW,,0(8),34,-,2,81.3,-,-,-,6.02,0.3
Tyler Onyango Everton,19, Midfielder,,,0(3),27,-,0.7,50,-,-,-,6.02,-
Cameron Archer Aston Villa,20, FW,,,0(3),24,-,1.3,100,-,-,-,6.02,-
Kasey McAteer Leicester,20, Midfielder,,,0(1),2,-,1,100,-,-,-,6.01,-
Dominic Thompson Brentford,21, D(L),M(L),,2,148,-,18.5,54.1,-,0.5,-,6.01,-
Jeremy Sarmiento Brighton,19, Forward,,,1(4),45,-,3.6,72.2,-,-,-,6,-
Alex Král West Ham,24, DMC,,,0(1),1,-,2,-,-,-,-,6,-
Daniel Chesters West Ham,20, Midfielder,,,0(1),1,-,-,-,-,-,-,6,-
Hélder Costa Leeds,28, AM(CLR),,,0(1),20,-,5,100,-,-,-,6,-
Moise Kean Everton,22, AM(L),FW,,0(1),1,-,1,100,-,-,-,6,-
Nohan Kenneh Leeds,19, Midfielder,,,1,1,-,-,-,-,-,-,6,-
Wesley Moraes Aston Villa,25, FW,,,0(1),1,-,2,100,-,-,-,6,-
Stuart McKinstry Leeds,19, Midfielder,,,0(1),3,-,3,66.7,-,-,-,5.99,-
Lewis Dobbin Everton,19, Forward,,,0(3),30,-,2.7,62.5,-,0.3,-,5.99,-
Alejandro Garnacho Man Utd,17, Midfielder,,,0(2),12,-,1.5,100,-,-,-,5.98,-
Nathan Ferguson Crystal Palace,21, D(LR),,,0(1),8,-,3,33.3,-,-,-,5.98,-
Nathan Young-Coombes Brentford,19, Forward,,,0(1),3,-,-,-,-,-,-,5.98,-
Tony Springett Norwich,19, Midfielder,,,1(2),141,-,12,66.7,0.3,-,-,5.97,0.7
Hannibal Mejbri Man Utd,19, Midfielder,,,1(1),68,-,10.5,81,-,-,-,5.97,-
Cenk Tosun Everton,31, FW,,,0(1),6,-,1,100,-,-,-,5.96,-
Jaden Philogene-Bidace Aston Villa,20, AM(L),,,0(1),4,-,2,-,-,-,-,5.95,-
Folarin Balogun Arsenal,20, FW,,,1(1),70,-,4.5,44.4,-,-,-,5.95,-
Morgan Gibbs-White Wolves,22, AM(CR),FW,,0(2),7,-,4.5,77.8,-,-,-,5.94,-
Evan Ferguson Brighton,17, Forward,,,0(1),22,-,5,80,1,-,-,5.93,-
Keinan Davis Aston Villa,24, FW,,,0(1),11,-,3,100,-,-,-,5.92,-
Liam McCarron Leeds,21, Midfielder,,,0(1),9,-,2,100,-,-,-,5.91,-
Lewis Bate Leeds,19, Midfielder,,,1(2),147,-,20.3,73.8,-,1,-,5.82,-
Freddie Woodman Newcastle,25, GK,,,4,360,-,26.8,58.9,-,6,-,5.81,-
Sead Kolasinac Arsenal,28, D(CL),DMC,M(L),1(1),91,-,7,92.9,-,-,-,5.72,-
Isaac Price Everton,18, Midfielder,,,0(1),12,-,2,50,-,-,-,5.7,-
Jonas Lössl Brentford,33, GK,,,2,180,-,27.5,65.5,-,6,-,5.55,-
Jed Steer Aston Villa,29, GK,,,1,90,-,31,74.2,-,4,-,5.46,-
