,#,player,Unnamed: 2,Date of birth / Age,Nat.,Market value
0,50,Gianluigi DonnarummaG. Donnarumma Goalkeeper,Gianluigi Donnarumma,"Feb 25, 1999 (23)",,€50.00m
1,,Gianluigi DonnarummaG. Donnarumma,,,,
2,,Goalkeeper,,,,
3,1,Keylor NavasK. NavasGoalkeeper,Keylor Navas,"Dec 15, 1986 (35)",,€8.00m
4,,Keylor NavasK. Navas,,,,
5,,Goalkeeper,,,,
6,60,Alexandre LetellierA. LetellierGoalkeeper,Alexandre Letellier,"Dec 11, 1990 (31)",,€400Th.
7,,Alexandre LetellierA. Letellier,,,,
8,,Goalkeeper,,,,
9,-,Garissone InnocentG. InnocentGoalkeeper,Garissone Innocent,"Apr 16, 2000 (22)",,€300Th.
10,,Garissone InnocentG. Innocent,,,,
11,,Goalkeeper,,,,
12,40,Denis FranchiD. FranchiGoalkeeper,Denis Franchi,"Oct 22, 2002 (19)",,€250Th.
13,,Denis FranchiD. Franchi,,,,
14,,Goalkeeper,,,,
15,5,MarquinhosMarquinhos Centre-Back,Marquinhos,"May 14, 1994 (28)",,€70.00m
16,,MarquinhosMarquinhos,,,,
17,,Centre-Back,,,,
18,3,Presnel KimpembeP. KimpembeCentre-Back,Presnel Kimpembe,"Aug 13, 1995 (26)",,€40.00m
19,,Presnel KimpembeP. Kimpembe,,,,
20,,Centre-Back,,,,
21,24,Thilo KehrerT. KehrerCentre-Back,Thilo Kehrer,"Sep 21, 1996 (25)",,€22.00m
22,,Thilo KehrerT. Kehrer,,,,
23,,Centre-Back,,,,
24,4,Sergio RamosS. RamosCentre-Back,Sergio Ramos,"Mar 30, 1986 (36)",,€6.00m
25,,Sergio RamosS. Ramos,,,,
26,,Centre-Back,,,,
27,31,El Chadaille BitshiabuE. BitshiabuCentre-Back,El Chadaille Bitshiabu,"May 16, 2005 (17)",,€2.00m
28,,El Chadaille BitshiabuE. Bitshiabu,,,,
29,,Centre-Back,,,,
30,25,Nuno MendesN. MendesLeft-Back,Nuno Mendes,"Jun 19, 2002 (19)",,€40.00m
31,,Nuno MendesN. Mendes,,,,
32,,Left-Back,,,,
33,22,Abdou DialloA. DialloLeft-Back,Abdou Diallo,"May 4, 1996 (26)",,€18.00m
34,,Abdou DialloA. Diallo,,,,
35,,Left-Back,,,,
36,14,Juan BernatJ. BernatLeft-Back,Juan Bernat,"Mar 1, 1993 (29)",,€12.00m
37,,Juan BernatJ. Bernat,,,,
38,,Left-Back,,,,
39,20,Layvin KurzawaL. KurzawaLeft-Back,Layvin Kurzawa,"Sep 4, 1992 (29)",,€5.00m
40,,Layvin KurzawaL. Kurzawa,,,,
41,,Left-Back,,,,
42,2,Achraf HakimiA. HakimiRight-Back,Achraf Hakimi,"Nov 4, 1998 (23)",,€65.00m
43,,Achraf HakimiA. Hakimi,,,,
44,,Right-Back,,,,
45,17,Colin DagbaC. DagbaRight-Back,Colin Dagba,"Sep 9, 1998 (23)",,€7.00m
46,,Colin DagbaC. Dagba,,,,
47,,Right-Back,,,,
48,8,Leandro ParedesL. Paredes Defensive Midfield,Leandro Paredes,"Jun 29, 1994 (27)",,€17.00m
49,,Leandro ParedesL. Paredes,,,,
50,,Defensive Midfield,,,,
51,15,Danilo PereiraD. PereiraDefensive Midfield,Danilo Pereira,"Sep 9, 1991 (30)",,€14.00m
52,,Danilo PereiraD. Pereira,,,,
53,,Defensive Midfield,,,,
54,39,Nathan BitumazalaN. BitumazalaDefensive Midfield,Nathan Bitumazala,"Dec 10, 2002 (19)",,€400Th.
55,,Nathan BitumazalaN. Bitumazala,,,,
56,,Defensive Midfield,,,,
57,41,Anfane AhamadaA. AhamadaDefensive Midfield,Anfane Ahamada,"May 7, 2002 (20)",,€100Th.
58,,Anfane AhamadaA. Ahamada,,,,
59,,Defensive Midfield,,,,
60,6,Marco VerrattiM. Verratti Central Midfield,Marco Verratti,"Nov 5, 1992 (29)",,€50.00m
61,,Marco VerrattiM. Verratti,,,,
62,,Central Midfield,,,,
63,18,Georginio WijnaldumG. WijnaldumCentral Midfield,Georginio Wijnaldum,"Nov 11, 1990 (31)",,€18.00m
64,,Georginio WijnaldumG. Wijnaldum,,,,
65,,Central Midfield,,,,
66,27,Idrissa GueyeI. GueyeCentral Midfield,Idrissa Gueye,"Sep 26, 1989 (32)",,€12.00m
67,,Idrissa GueyeI. Gueye,,,,
68,,Central Midfield,,,,
69,21,Ander HerreraA. HerreraCentral Midfield,Ander Herrera,"Aug 14, 1989 (32)",,€10.00m
70,,Ander HerreraA. Herrera,,,,
71,,Central Midfield,,,,
72,28,Junior Dina EbimbeJ. Dina EbimbeCentral Midfield,Junior Dina Ebimbe,"Nov 21, 2000 (21)",,€5.00m
73,,Junior Dina EbimbeJ. Dina Ebimbe,,,,
74,,Central Midfield,,,,
75,34,Xavi SimonsX. SimonsAttacking Midfield,Xavi Simons,"Apr 21, 2003 (19)",,€4.00m
76,,Xavi SimonsX. Simons,,,,
77,,Attacking Midfield,,,,
78,38,Edouard MichutE. MichutAttacking Midfield,Edouard Michut,"Mar 4, 2003 (19)",,€3.00m
79,,Edouard MichutE. Michut,,,,
80,,Attacking Midfield,,,,
81,35,Ismaël GharbiI. GharbiAttacking Midfield,Ismaël Gharbi,"Apr 10, 2004 (18)",,€1.50m
82,,Ismaël GharbiI. Gharbi,,,,
83,,Attacking Midfield,,,,
84,10,NeymarNeymarLeft Winger,Neymar,"Feb 5, 1992 (30)",,€75.00m
85,,NeymarNeymar,,,,
86,,Left Winger,,,,
87,23,Julian DraxlerJ. Draxler Left Winger,Julian Draxler,"Sep 20, 1993 (28)",,€18.00m
88,,Julian DraxlerJ. Draxler,,,,
89,,Left Winger,,,,
90,30,Lionel MessiL. MessiRight Winger,Lionel Messi,"Jun 24, 1987 (34)",,€50.00m
91,,Lionel MessiL. Messi,,,,
92,,Right Winger,,,,
93,11,Ángel Di MaríaÁ. Di MaríaRight Winger,Ángel Di María,"Feb 14, 1988 (34)",,€12.00m
94,,Ángel Di MaríaÁ. Di María,,,,
95,,Right Winger,,,,
96,7,Kylian MbappéK. MbappéCentre-Forward,Kylian Mbappé,"Dec 20, 1998 (23)",,€160.00m
97,,Kylian MbappéK. Mbappé,,,,
98,,Centre-Forward,,,,
99,9,Mauro IcardiM. IcardiCentre-Forward,Mauro Icardi,"Feb 19, 1993 (29)",,€22.00m
100,,Mauro IcardiM. Icardi,,,,
101,,Centre-Forward,,,,
0,1.0,Anthony LopesA. LopesGoalkeeper,Anthony Lopes,"Oct 1, 1990 (31)",,€10.00m
1,,Anthony LopesA. Lopes,,,,
2,,Goalkeeper,,,,
3,30.0,Julian PollersbeckJ. PollersbeckGoalkeeper,Julian Pollersbeck,"Aug 16, 1994 (27)",,€800Th.
4,,Julian PollersbeckJ. Pollersbeck,,,,
5,,Goalkeeper,,,,
6,16.0,Malcolm BarcolaM. BarcolaGoalkeeper,Malcolm Barcola,"May 14, 1999 (23)",,€250Th.
7,,Malcolm BarcolaM. Barcola,,,,
8,,Goalkeeper,,,,
9,4.0,Castello LukebaC. LukebaCentre-Back,Castello Lukeba,"Dec 17, 2002 (19)",,€20.00m
10,,Castello LukebaC. Lukeba,,,,
11,,Centre-Back,,,,
12,5.0,Jason DenayerJ. DenayerCentre-Back,Jason Denayer,"Jun 28, 1995 (26)",,€14.00m
13,,Jason DenayerJ. Denayer,,,,
14,,Centre-Back,,,,
15,2.0,Sinaly DiomandéS. DiomandéCentre-Back,Sinaly Diomandé,"Apr 9, 2001 (21)",,€5.00m
16,,Sinaly DiomandéS. Diomandé,,,,
17,,Centre-Back,,,,
18,27.0,Jérôme BoatengJ. BoatengCentre-Back,Jérôme Boateng,"Sep 3, 1988 (33)",,€3.50m
19,,Jérôme BoatengJ. Boateng,,,,
20,,Centre-Back,,,,
21,21.0,Damien Da SilvaD. Da SilvaCentre-Back,Damien Da Silva,"May 17, 1988 (34)",,€1.00m
22,,Damien Da SilvaD. Da Silva,,,,
23,,Centre-Back,,,,
24,3.0,EmersonEmersonLeft-Back,Emerson,"Aug 3, 1994 (27)",,€14.00m
25,,EmersonEmerson,,,,
26,,Left-Back,,,,
27,12.0,HenriqueHenriqueLeft-Back,Henrique,"Apr 25, 1994 (28)",,€1.50m
28,,HenriqueHenrique,,,,
29,,Left-Back,,,,
30,17.0,Malo GustoM. GustoRight-Back,Malo Gusto,"May 19, 2003 (19)",,€12.00m
31,,Malo GustoM. Gusto,,,,
32,,Right-Back,,,,
33,14.0,Léo DuboisL. Dubois Right-Back,Léo Dubois,"Sep 14, 1994 (27)",,€10.00m
34,,Léo DuboisL. Dubois,,,,
35,,Right-Back,,,,
36,23.0,Thiago MendesT. MendesDefensive Midfield,Thiago Mendes,"Mar 15, 1992 (30)",,€9.00m
37,,Thiago MendesT. Mendes,,,,
38,,Defensive Midfield,,,,
39,28.0,Tanguy NdombéléT. NdombéléCentral Midfield,Tanguy Ndombélé,"Dec 28, 1996 (25)",,€30.00m
40,,Tanguy NdombéléT. Ndombélé,,,,
41,,Central Midfield,,,,
42,8.0,Houssem AouarH. AouarCentral Midfield,Houssem Aouar,"Jun 30, 1998 (23)",,€25.00m
43,,Houssem AouarH. Aouar,,,,
44,,Central Midfield,,,,
45,25.0,Maxence CaqueretM. CaqueretCentral Midfield,Maxence Caqueret,"Feb 15, 2000 (22)",,€25.00m
46,,Maxence CaqueretM. Caqueret,,,,
47,,Central Midfield,,,,
48,24.0,Pape CheikhP. CheikhCentral Midfield,Pape Cheikh,"Aug 8, 1997 (24)",,€1.80m
49,,Pape CheikhP. Cheikh,,,,
50,,Central Midfield,,,,
51,19.0,Habib KeïtaH. KeïtaCentral Midfield,Habib Keïta,"Feb 5, 2002 (20)",,€800Th.
52,,Habib KeïtaH. Keïta,,,,
53,,Central Midfield,,,,
54,15.0,Romain FaivreR. FaivreRight Midfield,Romain Faivre,"Jul 14, 1998 (23)",,€15.00m
55,,Romain FaivreR. Faivre,,,,
56,,Right Midfield,,,,
57,10.0,Lucas PaquetáLucas PaquetáAttacking Midfield,Lucas Paquetá,"Aug 27, 1997 (24)",,€35.00m
58,,Lucas PaquetáLucas Paquetá,,,,
59,,Attacking Midfield,,,,
60,22.0,Jeff Reine-AdélaïdeJ. Reine-AdélaïdeAttacking Midfield,Jeff Reine-Adélaïde,"Jan 17, 1998 (24)",,€14.00m
61,,Jeff Reine-AdélaïdeJ. Reine-Adélaïde,,,,
62,,Attacking Midfield,,,,
63,7.0,Karl Toko EkambiK. Toko EkambiLeft Winger,Karl Toko Ekambi,"Sep 14, 1992 (29)",,€15.00m
64,,Karl Toko EkambiK. Toko Ekambi,,,,
65,,Left Winger,,,,
66,31.0,Lenny PintorL. PintorLeft Winger,Lenny Pintor,"Aug 5, 2000 (21)",,€1.50m
67,,Lenny PintorL. Pintor,,,,
68,,Left Winger,,,,
69,26.0,Bradley BarcolaB. BarcolaLeft Winger,Bradley Barcola,"Sep 2, 2002 (19)",,€1.00m
70,,Bradley BarcolaB. Barcola,,,,
71,,Left Winger,,,,
72,20.0,TetêTetêRight Winger,Tetê,"Feb 15, 2000 (22)",,€22.00m
73,,TetêTetê,,,,
74,,Right Winger,,,,
75,18.0,Rayan CherkiR. CherkiRight Winger,Rayan Cherki,"Aug 17, 2003 (18)",,€18.00m
76,,Rayan CherkiR. Cherki,,,,
77,,Right Winger,,,,
78,9.0,Moussa DembéléM. DembéléCentre-Forward,Moussa Dembélé,"Jul 12, 1996 (25)",,€20.00m
79,,Moussa DembéléM. Dembélé,,,,
80,,Centre-Forward,,,,
81,11.0,Tino KadewereT. KadewereCentre-Forward,Tino Kadewere,"Jan 5, 1996 (26)",,€6.00m
82,,Tino KadewereT. Kadewere,,,,
83,,Centre-Forward,,,,
0,16.0,Alfred GomisA. GomisGoalkeeper,Alfred Gomis,"Sep 5, 1993 (28)",,€8.00m
1,,Alfred GomisA. Gomis,,,,
2,,Goalkeeper,,,,
3,40.0,Dogan AlemdarD. AlemdarGoalkeeper,Dogan Alemdar,"Oct 29, 2002 (19)",,€3.50m
4,,Dogan AlemdarD. Alemdar,,,,
5,,Goalkeeper,,,,
6,1.0,Romain SalinR. SalinGoalkeeper,Romain Salin,"Jul 29, 1984 (37)",,€400Th.
7,,Romain SalinR. Salin,,,,
8,,Goalkeeper,,,,
9,30.0,Pépé BonetP. BonetGoalkeeper,Pépé Bonet,"Feb 13, 2003 (19)",,€400Th.
10,,Pépé BonetP. Bonet,,,,
11,,Goalkeeper,,,,
12,4.0,Loïc BadéL. BadéCentre-Back,Loïc Badé,"Apr 11, 2000 (22)",,€12.00m
13,,Loïc BadéL. Badé,,,,
14,,Centre-Back,,,,
15,6.0,Nayef AguerdN. AguerdCentre-Back,Nayef Aguerd,"Mar 30, 1996 (26)",,€12.00m
16,,Nayef AguerdN. Aguerd,,,,
17,,Centre-Back,,,,
18,23.0,Warmed OmariW. OmariCentre-Back,Warmed Omari,"Apr 23, 2000 (22)",,€8.00m
19,,Warmed OmariW. Omari,,,,
20,,Centre-Back,,,,
21,31.0,Jérémy GélinJ. GélinCentre-Back,Jérémy Gélin,"Apr 24, 1997 (25)",,€2.50m
22,,Jérémy GélinJ. Gélin,,,,
23,,Centre-Back,,,,
24,3.0,Adrien TruffertA. TruffertLeft-Back,Adrien Truffert,"Nov 20, 2001 (20)",,€12.00m
25,,Adrien TruffertA. Truffert,,,,
26,,Left-Back,,,,
27,25.0,Birger MelingB. MelingLeft-Back,Birger Meling,"Dec 17, 1994 (27)",,€7.00m
28,,Birger MelingB. Meling,,,,
29,,Left-Back,,,,
30,27.0,Hamari TraoréH. Traoré Right-Back,Hamari Traoré,"Jan 27, 1992 (30)",,€10.00m
31,,Hamari TraoréH. Traoré,,,,
32,,Right-Back,,,,
33,22.0,Lorenz AssignonL. AssignonRight-Back,Lorenz Assignon,"Jun 22, 2000 (21)",,€3.00m
34,,Lorenz AssignonL. Assignon,,,,
35,,Right-Back,,,,
36,26.0,Lesley UgochukwuL. UgochukwuDefensive Midfield,Lesley Ugochukwu,"Mar 26, 2004 (18)",,€3.00m
37,,Lesley UgochukwuL. Ugochukwu,,,,
38,,Defensive Midfield,,,,
39,28.0,Jonas MartinJ. MartinDefensive Midfield,Jonas Martin,"Apr 9, 1990 (32)",,€2.50m
40,,Jonas MartinJ. Martin,,,,
41,,Defensive Midfield,,,,
42,14.0,Benjamin BourigeaudB. BourigeaudCentral Midfield,Benjamin Bourigeaud,"Jan 14, 1994 (28)",,€18.00m
43,,Benjamin BourigeaudB. Bourigeaud,,,,
44,,Central Midfield,,,,
45,8.0,Baptiste SantamariaB. SantamariaCentral Midfield,Baptiste Santamaria,"Mar 9, 1995 (27)",,€14.00m
46,,Baptiste SantamariaB. Santamaria,,,,
47,,Central Midfield,,,,
48,20.0,Flavien TaitF. TaitCentral Midfield,Flavien Tait,"Feb 2, 1993 (29)",,€8.00m
49,,Flavien TaitF. Tait,,,,
50,,Central Midfield,,,,
51,19.0,Andy DioufA. DioufCentral Midfield,Andy Diouf,"May 17, 2003 (19)",,€500Th.
52,,Andy DioufA. Diouf,,,,
53,,Central Midfield,,,,
54,21.0,Lovro MajerL. MajerAttacking Midfield,Lovro Majer,"Jan 17, 1998 (24)",,€20.00m
55,,Lovro MajerL. Majer,,,,
56,,Attacking Midfield,,,,
57,7.0,Martin TerrierM. TerrierLeft Winger,Martin Terrier,"Mar 4, 1997 (25)",,€25.00m
58,,Martin TerrierM. Terrier,,,,
59,,Left Winger,,,,
60,10.0,Kamaldeen SulemanaK. SulemanaLeft Winger,Kamaldeen Sulemana,"Feb 15, 2002 (20)",,€18.00m
61,,Kamaldeen SulemanaK. Sulemana,,,,
62,,Left Winger,,,,
63,17.0,Loum TchaounaL. TchaounaLeft Winger,Loum Tchaouna,"Sep 8, 2003 (18)",,€2.00m
64,,Loum TchaounaL. Tchaouna,,,,
65,,Left Winger,,,,
66,39.0,Mathys TelM. TelLeft Winger,Mathys Tel,"Apr 27, 2005 (17)",,€2.00m
67,,Mathys TelM. Tel,,,,
68,,Left Winger,,,,
69,11.0,Jérémy DokuJ. DokuRight Winger,Jérémy Doku,"May 27, 2002 (20)",,€20.00m
70,,Jérémy DokuJ. Doku,,,,
71,,Right Winger,,,,
72,24.0,Gaëtan LabordeG. LabordeCentre-Forward,Gaëtan Laborde,"May 3, 1994 (28)",,€18.00m
73,,Gaëtan LabordeG. Laborde,,,,
74,,Centre-Forward,,,,
75,9.0,Serhou GuirassyS. GuirassyCentre-Forward,Serhou Guirassy,"Mar 12, 1996 (26)",,€10.00m
76,,Serhou GuirassyS. Guirassy,,,,
77,,Centre-Forward,,,,
0,1,Matz SelsMatz SelsGoalkeeper,Matz Sels,"Feb 26, 1992 (30)",,€8.00m
1,,Matz SelsMatz Sels,,,,
2,,Goalkeeper,,,,
3,16,Eiji KawashimaE. KawashimaGoalkeeper,Eiji Kawashima,"Mar 20, 1983 (39)",,€200Th.
4,,Eiji KawashimaE. Kawashima,,,,
5,,Goalkeeper,,,,
6,24,Alexander DjikuA. DjikuCentre-Back,Alexander Djiku,"Aug 9, 1994 (27)",,€10.00m
7,,Alexander DjikuA. Djiku,,,,
8,,Centre-Back,,,,
9,22,Gerzino NyamsiG. NyamsiCentre-Back,Gerzino Nyamsi,"Jan 22, 1997 (25)",,€7.50m
10,,Gerzino NyamsiG. Nyamsi,,,,
11,,Centre-Back,,,,
12,5,Lucas PerrinL. PerrinCentre-Back,Lucas Perrin,"Nov 19, 1998 (23)",,€5.00m
13,,Lucas PerrinL. Perrin,,,,
14,,Centre-Back,,,,
15,29,Ismaël DoukouréI. DoukouréCentre-Back,Ismaël Doukouré,"Jul 24, 2003 (18)",,€1.50m
16,,Ismaël DoukouréI. Doukouré,,,,
17,,Centre-Back,,,,
18,23,Maxime Le MarchandM. Le MarchandCentre-Back,Maxime Le Marchand,"Oct 11, 1989 (32)",,€1.20m
19,,Maxime Le MarchandM. Le Marchand,,,,
20,,Centre-Back,,,,
21,19,Anthony CaciA. CaciLeft-Back,Anthony Caci,"Jul 1, 1997 (24)",,€7.00m
22,,Anthony CaciA. Caci,,,,
23,,Left-Back,,,,
24,2,Frédéric GuilbertF. GuilbertRight-Back,Frédéric Guilbert,"Dec 24, 1994 (27)",,€7.00m
25,,Frédéric GuilbertF. Guilbert,,,,
26,,Right-Back,,,,
27,4,Karol FilaK. FilaRight-Back,Karol Fila,"Jun 13, 1998 (23)",,€1.20m
28,,Karol FilaK. Fila,,,,
29,,Right-Back,,,,
30,27,Ibrahima SissokoI. SissokoDefensive Midfield,Ibrahima Sissoko,"Oct 27, 1997 (24)",,€8.00m
31,,Ibrahima SissokoI. Sissoko,,,,
32,,Defensive Midfield,,,,
33,6,Jean-Eudes AholouJ. AholouDefensive Midfield,Jean-Eudes Aholou,"Mar 20, 1994 (28)",,€3.00m
34,,Jean-Eudes AholouJ. Aholou,,,,
35,,Defensive Midfield,,,,
36,38,Habib DiarraH. DiarraDefensive Midfield,Habib Diarra,"Jan 3, 2004 (18)",,€600Th.
37,,Habib DiarraH. Diarra,,,,
38,,Defensive Midfield,,,,
39,17,Jean-Ricner BellegardeJ. BellegardeCentral Midfield,Jean-Ricner Bellegarde,"Jun 27, 1998 (23)",,€8.00m
40,,Jean-Ricner BellegardeJ. Bellegarde,,,,
41,,Central Midfield,,,,
42,14,Sanjin PrcicS. PrcicCentral Midfield,Sanjin Prcic,"Nov 20, 1993 (28)",,€4.00m
43,,Sanjin PrcicS. Prcic,,,,
44,,Central Midfield,,,,
45,11,Dimitri LiénardD. Liénard Central Midfield,Dimitri Liénard,"Feb 13, 1988 (34)",,€700Th.
46,,Dimitri LiénardD. Liénard,,,,
47,,Central Midfield,,,,
48,10,Adrien ThomassonA. ThomassonAttacking Midfield,Adrien Thomasson,"Dec 10, 1993 (28)",,€9.00m
49,,Adrien ThomassonA. Thomasson,,,,
50,,Attacking Midfield,,,,
51,-,Nordine KandilN. KandilAttacking Midfield,Nordine Kandil,"Oct 31, 2001 (20)",,€400Th.
52,,Nordine KandilN. Kandil,,,,
53,,Attacking Midfield,,,,
54,37,Aymeric AhmedA. AhmedAttacking Midfield,Aymeric Ahmed,"Nov 8, 2003 (18)",,€250Th.
55,,Aymeric AhmedA. Ahmed,,,,
56,,Attacking Midfield,,,,
57,15,Moïse Sahi DionM. DionSecond Striker,Moïse Sahi Dion,"Dec 20, 2001 (20)",,€800Th.
58,,Moïse Sahi DionM. Dion,,,,
59,,Second Striker,,,,
60,25,Ludovic AjorqueL. AjorqueCentre-Forward,Ludovic Ajorque,"Feb 25, 1994 (28)",,€16.00m
61,,Ludovic AjorqueL. Ajorque,,,,
62,,Centre-Forward,,,,
63,20,Habib DialloH. DialloCentre-Forward,Habib Diallo,"Jun 18, 1995 (26)",,€12.00m
64,,Habib DialloH. Diallo,,,,
65,,Centre-Forward,,,,
66,9,Kévin GameiroK. GameiroCentre-Forward,Kévin Gameiro,"May 9, 1987 (35)",,€2.00m
67,,Kévin GameiroK. Gameiro,,,,
68,,Centre-Forward,,,,
69,8,Majeed WarisM. WarisCentre-Forward,Majeed Waris,"Sep 19, 1991 (30)",,€1.20m
70,,Majeed WarisM. Waris,,,,
71,,Centre-Forward,,,,
0,16.0,Alexander NübelA. NübelGoalkeeper,Alexander Nübel,"Sep 30, 1996 (25)",,€8.00m
1,,Alexander NübelA. Nübel,,,,
2,,Goalkeeper,,,,
3,1.0,Radoslaw MajeckiR. MajeckiGoalkeeper,Radoslaw Majecki,"Nov 16, 1999 (22)",,€3.00m
4,,Radoslaw MajeckiR. Majecki,,,,
5,,Goalkeeper,,,,
6,30.0,Vito MannoneV. MannoneGoalkeeper,Vito Mannone,"Mar 2, 1988 (34)",,€500Th.
7,,Vito MannoneV. Mannone,,,,
8,,Goalkeeper,,,,
9,5.0,Benoît BadiashileB. BadiashileCentre-Back,Benoît Badiashile,"Mar 26, 2001 (21)",,€30.00m
10,,Benoît BadiashileB. Badiashile,,,,
11,,Centre-Back,,,,
12,6.0,Axel DisasiA. DisasiCentre-Back,Axel Disasi,"Mar 11, 1998 (24)",,€17.00m
13,,Axel DisasiA. Disasi,,,,
14,,Centre-Back,,,,
15,3.0,Guillermo MaripánG. MaripánCentre-Back,Guillermo Maripán,"May 6, 1994 (28)",,€15.00m
16,,Guillermo MaripánG. Maripán,,,,
17,,Centre-Back,,,,
18,34.0,Chrislain MatsimaC. MatsimaCentre-Back,Chrislain Matsima,"May 15, 2002 (20)",,€5.00m
19,,Chrislain MatsimaC. Matsima,,,,
20,,Centre-Back,,,,
21,43.0,Jean MarcelinJ. MarcelinCentre-Back,Jean Marcelin,"Feb 12, 2000 (22)",,€3.00m
22,,Jean MarcelinJ. Marcelin,,,,
23,,Centre-Back,,,,
24,12.0,Caio HenriqueCaio HenriqueLeft-Back,Caio Henrique,"Jul 31, 1997 (24)",,€20.00m
25,,Caio HenriqueCaio Henrique,,,,
26,,Left-Back,,,,
27,14.0,Ismail JakobsI. JakobsLeft-Back,Ismail Jakobs,"Aug 17, 1999 (22)",,€7.00m
28,,Ismail JakobsI. Jakobs,,,,
29,,Left-Back,,,,
30,2.0,VandersonVandersonRight-Back,Vanderson,"Jun 21, 2001 (20)",,€18.00m
31,,VandersonVanderson,,,,
32,,Right-Back,,,,
33,26.0,Ruben AguilarR. AguilarRight-Back,Ruben Aguilar,"Apr 26, 1993 (29)",,€10.00m
34,,Ruben AguilarR. Aguilar,,,,
35,,Right-Back,,,,
36,19.0,Djibril SidibéD. SidibéRight-Back,Djibril Sidibé,"Jul 29, 1992 (29)",,€8.00m
37,,Djibril SidibéD. Sidibé,,,,
38,,Right-Back,,,,
39,8.0,Aurélien TchouameniA. TchouameniDefensive Midfield,Aurélien Tchouameni,"Jan 27, 2000 (22)",,€60.00m
40,,Aurélien TchouameniA. Tchouameni,,,,
41,,Defensive Midfield,,,,
42,28.0,PeléPeléDefensive Midfield,Pelé,"Sep 29, 1991 (30)",,€1.00m
43,,PeléPelé,,,,
44,,Defensive Midfield,,,,
45,22.0,Youssouf FofanaY. FofanaCentral Midfield,Youssouf Fofana,"Jan 10, 1999 (23)",,€18.00m
46,,Youssouf FofanaY. Fofana,,,,
47,,Central Midfield,,,,
48,11.0,Jean LucasJean LucasCentral Midfield,Jean Lucas,"Jun 22, 1998 (23)",,€8.00m
49,,Jean LucasJean Lucas,,,,
50,,Central Midfield,,,,
51,36.0,Eliot MatazoE. MatazoCentral Midfield,Eliot Matazo,"Feb 15, 2002 (20)",,€8.00m
52,,Eliot MatazoE. Matazo,,,,
53,,Central Midfield,,,,
54,4.0,Cesc FàbregasC. FàbregasCentral Midfield,Cesc Fàbregas,"May 4, 1987 (35)",,€2.50m
55,,Cesc FàbregasC. Fàbregas,,,,
56,,Central Midfield,,,,
57,33.0,Félix LemaréchalF. LemaréchalCentral Midfield,Félix Lemaréchal,"Aug 7, 2003 (18)",,€600Th.
58,,Félix LemaréchalF. Lemaréchal,,,,
59,,Central Midfield,,,,
60,17.0,Aleksandr GolovinA. GolovinAttacking Midfield,Aleksandr Golovin,"May 30, 1996 (26)",,€25.00m
61,,Aleksandr GolovinA. Golovin,,,,
62,,Attacking Midfield,,,,
63,33.0,Maghnes AklioucheM. AklioucheAttacking Midfield,Maghnes Akliouche,"Feb 25, 2002 (20)",,€1.00m
64,,Maghnes AklioucheM. Akliouche,,,,
65,,Attacking Midfield,,,,
66,37.0,Sofiane DiopS. DiopLeft Winger,Sofiane Diop,"Jun 9, 2000 (21)",,€20.00m
67,,Sofiane DiopS. Diop,,,,
68,,Left Winger,,,,
69,7.0,Gelson MartinsG. MartinsRight Winger,Gelson Martins,"May 11, 1995 (27)",,€15.00m
70,,Gelson MartinsG. Martins,,,,
71,,Right Winger,,,,
72,27.0,Krépin DiattaK. Diatta Right Winger,Krépin Diatta,"Feb 25, 1999 (23)",,€13.00m
73,,Krépin DiattaK. Diatta,,,,
74,,Right Winger,,,,
75,31.0,Kevin VollandK. VollandSecond Striker,Kevin Volland,"Jul 30, 1992 (29)",,€22.00m
76,,Kevin VollandK. Volland,,,,
77,,Second Striker,,,,
78,10.0,Wissam Ben YedderW. Ben Yedder Centre-Forward,Wissam Ben Yedder,"Aug 12, 1990 (31)",,€25.00m
79,,Wissam Ben YedderW. Ben Yedder,,,,
80,,Centre-Forward,,,,
81,9.0,Myron BoaduM. BoaduCentre-Forward,Myron Boadu,"Jan 14, 2001 (21)",,€14.00m
82,,Myron BoaduM. Boadu,,,,
83,,Centre-Forward,,,,
84,41.0,Eric AyiahE. AyiahCentre-Forward,Eric Ayiah,"Mar 6, 2000 (22)",,€150Th.
85,,Eric AyiahE. Ayiah,,,,
86,,Centre-Forward,,,,
0,16.0,Pau LópezP. LópezGoalkeeper,Pau López,"Dec 13, 1994 (27)",,€12.00m
1,,Pau LópezP. López,,,,
2,,Goalkeeper,,,,
3,30.0,Steve MandandaS. Mandanda Goalkeeper,Steve Mandanda,"Mar 28, 1985 (37)",,€1.50m
4,,Steve MandandaS. Mandanda,,,,
5,,Goalkeeper,,,,
6,1.0,Simon NgapandouetnbuS. NgapandouetnbuGoalkeeper,Simon Ngapandouetnbu,"Apr 12, 2003 (19)",,€400Th.
7,,Simon NgapandouetnbuS. Ngapandouetnbu,,,,
8,,Goalkeeper,,,,
9,2.0,William SalibaW. SalibaCentre-Back,William Saliba,"Mar 24, 2001 (21)",,€30.00m
10,,William SalibaW. Saliba,,,,
11,,Centre-Back,,,,
12,15.0,Duje Caleta-CarD. Caleta-CarCentre-Back,Duje Caleta-Car,"Sep 17, 1996 (25)",,€16.00m
13,,Duje Caleta-CarD. Caleta-Car,,,,
14,,Centre-Back,,,,
15,5.0,Leonardo BalerdiL. Balerdi Centre-Back,Leonardo Balerdi,"Jan 26, 1999 (23)",,€10.00m
16,,Leonardo BalerdiL. Balerdi,,,,
17,,Centre-Back,,,,
18,14.0,Luan PeresL. PeresCentre-Back,Luan Peres,"Jul 19, 1994 (27)",,€7.00m
19,,Luan PeresL. Peres,,,,
20,,Centre-Back,,,,
21,3.0,Álvaro GonzálezÁ. GonzálezCentre-Back,Álvaro González,"Jan 8, 1990 (32)",,€2.50m
22,,Álvaro GonzálezÁ. González,,,,
23,,Centre-Back,,,,
24,23.0,Sead KolasinacS. KolasinacLeft-Back,Sead Kolasinac,"Jun 20, 1993 (28)",,€3.00m
25,,Sead KolasinacS. Kolasinac,,,,
26,,Left-Back,,,,
27,29.0,Pol LirolaP. LirolaRight-Back,Pol Lirola,"Aug 13, 1997 (24)",,€8.00m
28,,Pol LirolaP. Lirola,,,,
29,,Right-Back,,,,
30,4.0,Boubacar KamaraB. KamaraDefensive Midfield,Boubacar Kamara,"Nov 23, 1999 (22)",,€25.00m
31,,Boubacar KamaraB. Kamara,,,,
32,,Defensive Midfield,,,,
33,22.0,Pape GueyeP. GueyeDefensive Midfield,Pape Gueye,"Jan 24, 1999 (23)",,€12.00m
34,,Pape GueyeP. Gueye,,,,
35,,Defensive Midfield,,,,
36,34.0,Paolo SciortinoP. SciortinoDefensive Midfield,Paolo Sciortino,"Nov 5, 2003 (18)",,€150Th.
37,,Paolo SciortinoP. Sciortino,,,,
38,,Defensive Midfield,,,,
39,6.0,Mattéo GuendouziM. GuendouziCentral Midfield,Mattéo Guendouzi,"Apr 14, 1999 (23)",,€25.00m
40,,Mattéo GuendouziM. Guendouzi,,,,
41,,Central Midfield,,,,
42,8.0,GersonGersonCentral Midfield,Gerson,"May 20, 1997 (25)",,€22.00m
43,,GersonGerson,,,,
44,,Central Midfield,,,,
45,21.0,Valentin RongierV. RongierCentral Midfield,Valentin Rongier,"Dec 7, 1994 (27)",,€12.00m
46,,Valentin RongierV. Rongier,,,,
47,,Central Midfield,,,,
48,26.0,Oussama TarghallineO. TarghallineCentral Midfield,Oussama Targhalline,"May 20, 2002 (20)",,€200Th.
49,,Oussama TarghallineO. Targhalline,,,,
50,,Central Midfield,,,,
51,39.0,Bilal NadirB. NadirCentral Midfield,Bilal Nadir,"Nov 28, 2003 (18)",,€150Th.
52,,Bilal NadirB. Nadir,,,,
53,,Central Midfield,,,,
54,7.0,Amine HaritA. HaritAttacking Midfield,Amine Harit,"Jun 18, 1997 (24)",,€10.00m
55,,Amine HaritA. Harit,,,,
56,,Attacking Midfield,,,,
57,10.0,Dimitri PayetD. PayetAttacking Midfield,Dimitri Payet,"Mar 29, 1987 (35)",,€5.00m
58,,Dimitri PayetD. Payet,,,,
59,,Attacking Midfield,,,,
60,31.0,Ugo BertelliU. BertelliAttacking Midfield,Ugo Bertelli,"Jul 15, 2003 (18)",,€300Th.
61,,Ugo BertelliU. Bertelli,,,,
62,,Attacking Midfield,,,,
63,11.0,Luis HenriqueLuis HenriqueLeft Winger,Luis Henrique,"Dec 14, 2001 (20)",,€6.00m
64,,Luis HenriqueLuis Henrique,,,,
65,,Left Winger,,,,
66,20.0,Konrad de la FuenteK. de la FuenteLeft Winger,Konrad de la Fuente,"Jul 16, 2001 (20)",,€6.00m
67,,Konrad de la FuenteK. de la Fuente,,,,
68,,Left Winger,,,,
69,32.0,Salim Ben SeghirS. Ben SeghirLeft Winger,Salim Ben Seghir,"Feb 24, 2003 (19)",,€400Th.
70,,Salim Ben SeghirS. Ben Seghir,,,,
71,,Left Winger,,,,
72,17.0,Cengiz ÜnderC. ÜnderRight Winger,Cengiz Ünder,"Jul 14, 1997 (24)",,€22.00m
73,,Cengiz ÜnderC. Ünder,,,,
74,,Right Winger,,,,
75,9.0,Arkadiusz MilikA. MilikCentre-Forward,Arkadiusz Milik,"Feb 28, 1994 (28)",,€16.00m
76,,Arkadiusz MilikA. Milik,,,,
77,,Centre-Forward,,,,
78,12.0,Bamba DiengB. DiengCentre-Forward,Bamba Dieng,"Mar 23, 2000 (22)",,€10.00m
79,,Bamba DiengB. Dieng,,,,
80,,Centre-Forward,,,,
81,13.0,Cédric BakambuC. BakambuCentre-Forward,Cédric Bakambu,"Apr 11, 1991 (31)",,€8.00m
82,,Cédric BakambuC. Bakambu,,,,
83,,Centre-Forward,,,,
0,40,Walter BenítezW. BenítezGoalkeeper,Walter Benítez,"Jan 19, 1993 (29)",,€14.00m
1,,Walter BenítezW. Benítez,,,,
2,,Goalkeeper,,,,
3,1,Marcin BulkaM. BulkaGoalkeeper,Marcin Bulka,"Oct 4, 1999 (22)",,€2.00m
4,,Marcin BulkaM. Bulka,,,,
5,,Goalkeeper,,,,
6,16,Teddy BoulhendiT. BoulhendiGoalkeeper,Teddy Boulhendi,"Apr 9, 2001 (21)",,€150Th.
7,,Teddy BoulhendiT. Boulhendi,,,,
8,,Goalkeeper,,,,
9,25,Jean-Clair TodiboJ. TodiboCentre-Back,Jean-Clair Todibo,"Dec 30, 1999 (22)",,€20.00m
10,,Jean-Clair TodiboJ. Todibo,,,,
11,,Centre-Back,,,,
12,5,Flavius DaniliucF. DaniliucCentre-Back,Flavius Daniliuc,"Apr 27, 2001 (21)",,€8.00m
13,,Flavius DaniliucF. Daniliuc,,,,
14,,Centre-Back,,,,
15,4,DanteDante Centre-Back,Dante,"Oct 18, 1983 (38)",,€800Th.
16,,DanteDante,,,,
17,,Centre-Back,,,,
18,33,Justin SmithJ. SmithCentre-Back,Justin Smith,"Feb 4, 2003 (19)",,€300Th.
19,,Justin SmithJ. Smith,,,,
20,,Centre-Back,,,,
21,26,Melvin BardM. BardLeft-Back,Melvin Bard,"Nov 6, 2000 (21)",,€9.00m
22,,Melvin BardM. Bard,,,,
23,,Left-Back,,,,
24,12,Jordan AmaviJ. AmaviLeft-Back,Jordan Amavi,"Mar 9, 1994 (28)",,€6.00m
25,,Jordan AmaviJ. Amavi,,,,
26,,Left-Back,,,,
27,20,Youcef AtalY. AtalRight-Back,Youcef Atal,"May 17, 1996 (26)",,€15.00m
28,,Youcef AtalY. Atal,,,,
29,,Right-Back,,,,
30,23,Jordan LotombaJ. LotombaRight-Back,Jordan Lotomba,"Sep 29, 1998 (23)",,€7.00m
31,,Jordan LotombaJ. Lotomba,,,,
32,,Right-Back,,,,
33,19,Khéphren ThuramK. ThuramDefensive Midfield,Khéphren Thuram,"Mar 26, 2001 (21)",,€17.00m
34,,Khéphren ThuramK. Thuram,,,,
35,,Defensive Midfield,,,,
36,8,Pablo RosarioP. RosarioDefensive Midfield,Pablo Rosario,"Jan 7, 1997 (25)",,€10.00m
37,,Pablo RosarioP. Rosario,,,,
38,,Defensive Midfield,,,,
39,18,Mario LeminaM. LeminaDefensive Midfield,Mario Lemina,"Sep 1, 1993 (28)",,€9.00m
40,,Mario LeminaM. Lemina,,,,
41,,Defensive Midfield,,,,
42,6,Morgan SchneiderlinM. SchneiderlinDefensive Midfield,Morgan Schneiderlin,"Nov 8, 1989 (32)",,€3.50m
43,,Morgan SchneiderlinM. Schneiderlin,,,,
44,,Defensive Midfield,,,,
45,15,Danilo BarbosaD. BarbosaDefensive Midfield,Danilo Barbosa,"Feb 28, 1996 (26)",,€3.50m
46,,Danilo BarbosaD. Barbosa,,,,
47,,Defensive Midfield,,,,
48,28,Hicham BoudaouiH. BoudaouiRight Midfield,Hicham Boudaoui,"Sep 23, 1999 (22)",,€6.50m
49,,Hicham BoudaouiH. Boudaoui,,,,
50,,Right Midfield,,,,
51,10,Alexis Claude-MauriceA. Claude-MauriceAttacking Midfield,Alexis Claude-Maurice,"Jun 6, 1998 (24)",,€6.00m
52,,Alexis Claude-MauriceA. Claude-Maurice,,,,
53,,Attacking Midfield,,,,
54,-,Ihsan SackoI. SackoAttacking Midfield,Ihsan Sacko,"Jul 19, 1997 (24)",,€500Th.
55,,Ihsan SackoI. Sacko,,,,
56,,Attacking Midfield,,,,
57,21,Justin KluivertJ. KluivertLeft Winger,Justin Kluivert,"May 5, 1999 (23)",,€15.00m
58,,Justin KluivertJ. Kluivert,,,,
59,,Left Winger,,,,
60,14,Billal BrahimiB. BrahimiLeft Winger,Billal Brahimi,"Mar 14, 2000 (22)",,€5.00m
61,,Billal BrahimiB. Brahimi,,,,
62,,Left Winger,,,,
63,22,Calvin StengsC. StengsRight Winger,Calvin Stengs,"Dec 18, 1998 (23)",,€13.00m
64,,Calvin StengsC. Stengs,,,,
65,,Right Winger,,,,
66,11,Amine GouiriA. GouiriCentre-Forward,Amine Gouiri,"Feb 16, 2000 (22)",,€42.00m
67,,Amine GouiriA. Gouiri,,,,
68,,Centre-Forward,,,,
69,9,Kasper DolbergK. DolbergCentre-Forward,Kasper Dolberg,"Oct 6, 1997 (24)",,€17.00m
70,,Kasper DolbergK. Dolberg,,,,
71,,Centre-Forward,,,,
72,7,Andy DelortA. DelortCentre-Forward,Andy Delort,"Oct 9, 1991 (30)",,€13.00m
73,,Andy DelortA. Delort,,,,
74,,Centre-Forward,,,,
75,24,Evann GuessandE. GuessandCentre-Forward,Evann Guessand,"Jul 1, 2001 (20)",,€3.00m
76,,Evann GuessandE. Guessand,,,,
77,,Centre-Forward,,,,
0,1,Wuilker FariñezW. Fariñez Goalkeeper,Wuilker Fariñez,"Feb 15, 1998 (24)",,€4.00m
1,,Wuilker FariñezW. Fariñez,,,,
2,,Goalkeeper,,,,
3,16,Jean-Louis LecaJ. Leca Goalkeeper,Jean-Louis Leca,"Sep 21, 1985 (36)",,€500Th.
4,,Jean-Louis LecaJ. Leca,,,,
5,,Goalkeeper,,,,
6,14,Facundo MedinaF. MedinaCentre-Back,Facundo Medina,"May 28, 1999 (23)",,€11.00m
7,,Facundo MedinaF. Medina,,,,
8,,Centre-Back,,,,
9,4,Kevin DansoK. DansoCentre-Back,Kevin Danso,"Sep 19, 1998 (23)",,€9.00m
10,,Kevin DansoK. Danso,,,,
11,,Centre-Back,,,,
12,24,Jonathan GraditJ. GraditCentre-Back,Jonathan Gradit,"Nov 24, 1992 (29)",,€4.50m
13,,Jonathan GraditJ. Gradit,,,,
14,,Centre-Back,,,,
15,5,Christopher WoohC. WoohCentre-Back,Christopher Wooh,"Sep 18, 2001 (20)",,€3.00m
16,,Christopher WoohC. Wooh,,,,
17,,Centre-Back,,,,
18,21,Massadio HaidaraM. HaidaraLeft-Back,Massadio Haidara,"Dec 2, 1992 (29)",,€2.00m
19,,Massadio HaidaraM. Haidara,,,,
20,,Left-Back,,,,
21,3,Deiver MachadoD. MachadoLeft-Back,Deiver Machado,"Sep 2, 1993 (28)",,€1.80m
22,,Deiver MachadoD. Machado,,,,
23,,Left-Back,,,,
24,11,Jonathan ClaussJ. ClaussRight-Back,Jonathan Clauss,"Sep 25, 1992 (29)",,€15.00m
25,,Jonathan ClaussJ. Clauss,,,,
26,,Right-Back,,,,
27,28,Cheick DoucouréC. DoucouréDefensive Midfield,Cheick Doucouré,"Jan 8, 2000 (22)",,€15.00m
28,,Cheick DoucouréC. Doucouré,,,,
29,,Defensive Midfield,,,,
30,6,Patrick BergP. BergDefensive Midfield,Patrick Berg,"Nov 24, 1997 (24)",,€4.50m
31,,Patrick BergP. Berg,,,,
32,,Defensive Midfield,,,,
33,18,Yannick CahuzacY. Cahuzac Defensive Midfield,Yannick Cahuzac,"Jan 18, 1985 (37)",,€300Th.
34,,Yannick CahuzacY. Cahuzac,,,,
35,,Defensive Midfield,,,,
36,8,Seko FofanaS. FofanaCentral Midfield,Seko Fofana,"May 7, 1995 (27)",,€25.00m
37,,Seko FofanaS. Fofana,,,,
38,,Central Midfield,,,,
39,-,Mamadou CamaraM. CamaraCentral Midfield,Mamadou Camara,"Oct 15, 2002 (19)",,€150Th.
40,,Mamadou CamaraM. Camara,,,,
41,,Central Midfield,,,,
42,29,Przemyslaw FrankowskiP. FrankowskiLeft Midfield,Przemyslaw Frankowski,"Apr 12, 1995 (27)",,€8.00m
43,,Przemyslaw FrankowskiP. Frankowski,,,,
44,,Left Midfield,,,,
45,10,Gaël KakutaG. KakutaAttacking Midfield,Gaël Kakuta,"Jun 21, 1991 (30)",,€7.00m
46,,Gaël KakutaG. Kakuta,,,,
47,,Attacking Midfield,,,,
48,20,David CostaD. CostaAttacking Midfield,David Costa,"Jan 5, 2001 (21)",,€4.50m
49,,David CostaD. Costa,,,,
50,,Attacking Midfield,,,,
51,22,Wesley SaïdW. SaïdLeft Winger,Wesley Saïd,"Apr 19, 1995 (27)",,€2.50m
52,,Wesley SaïdW. Saïd,,,,
53,,Left Winger,,,,
54,15,Arnaud KalimuendoA. KalimuendoCentre-Forward,Arnaud Kalimuendo,"Jan 20, 2002 (20)",,€18.00m
55,,Arnaud KalimuendoA. Kalimuendo,,,,
56,,Centre-Forward,,,,
57,9,Ignatius GanagoI. GanagoCentre-Forward,Ignatius Ganago,"Feb 16, 1999 (23)",,€5.00m
58,,Ignatius GanagoI. Ganago,,,,
59,,Centre-Forward,,,,
60,7,Florian SotocaF. SotocaCentre-Forward,Florian Sotoca,"Oct 25, 1990 (31)",,€2.50m
61,,Florian SotocaF. Sotoca,,,,
62,,Centre-Forward,,,,
63,25,Corentin JeanC. JeanCentre-Forward,Corentin Jean,"Jul 15, 1995 (26)",,€1.20m
64,,Corentin JeanC. Jean,,,,
65,,Centre-Forward,,,,
66,-,Ibrahima BaldéI. BaldéCentre-Forward,Ibrahima Baldé,"Jan 17, 2003 (19)",,€300Th.
67,,Ibrahima BaldéI. Baldé,,,,
68,,Centre-Forward,,,,
0,1.0,Alban LafontA. Lafont Goalkeeper,Alban Lafont,"Jan 23, 1999 (23)",,€16.00m
1,,Alban LafontA. Lafont,,,,
2,,Goalkeeper,,,,
3,16.0,Rémy DescampsR. DescampsGoalkeeper,Rémy Descamps,"Jun 25, 1996 (25)",,€800Th.
4,,Rémy DescampsR. Descamps,,,,
5,,Goalkeeper,,,,
6,30.0,Denis PetricD. PetricGoalkeeper,Denis Petric,"May 24, 1988 (34)",,€200Th.
7,,Denis PetricD. Petric,,,,
8,,Goalkeeper,,,,
9,3.0,Andrei GirottoA. GirottoCentre-Back,Andrei Girotto,"Feb 17, 1992 (30)",,€5.00m
10,,Andrei GirottoA. Girotto,,,,
11,,Centre-Back,,,,
12,21.0,Jean-Charles CastellettoJ. CastellettoCentre-Back,Jean-Charles Castelletto,"Jan 26, 1995 (27)",,€4.00m
13,,Jean-Charles CastellettoJ. Castelletto,,,,
14,,Centre-Back,,,,
15,4.0,Nicolas PalloisN. PalloisCentre-Back,Nicolas Pallois,"Sep 19, 1987 (34)",,€1.50m
16,,Nicolas PalloisN. Pallois,,,,
17,,Centre-Back,,,,
18,31.0,Abdoulaye SyllaA. SyllaCentre-Back,Abdoulaye Sylla,"Apr 10, 2000 (22)",,€250Th.
19,,Abdoulaye SyllaA. Sylla,,,,
20,,Centre-Back,,,,
21,29.0,Quentin MerlinQ. MerlinLeft-Back,Quentin Merlin,"May 16, 2002 (20)",,€5.00m
22,,Quentin MerlinQ. Merlin,,,,
23,,Left-Back,,,,
24,14.0,Charles TraoréC. Traoré Left-Back,Charles Traoré,"Jan 1, 1992 (30)",,€1.50m
25,,Charles TraoréC. Traoré,,,,
26,,Left-Back,,,,
27,12.0,Dennis AppiahD. AppiahRight-Back,Dennis Appiah,"Jun 9, 1992 (29)",,€2.00m
28,,Dennis AppiahD. Appiah,,,,
29,,Right-Back,,,,
30,2.0,FábioFábioRight-Back,Fábio,"Jul 9, 1990 (31)",,€1.80m
31,,FábioFábio,,,,
32,,Right-Back,,,,
33,24.0,Sébastien CorchiaS. CorchiaRight-Back,Sébastien Corchia,"Nov 1, 1990 (31)",,€1.80m
34,,Sébastien CorchiaS. Corchia,,,,
35,,Right-Back,,,,
36,5.0,Pedro ChirivellaP. ChirivellaDefensive Midfield,Pedro Chirivella,"May 23, 1997 (25)",,€7.00m
37,,Pedro ChirivellaP. Chirivella,,,,
38,,Defensive Midfield,,,,
39,8.0,Wylan CyprienW. CyprienCentral Midfield,Wylan Cyprien,"Jan 28, 1995 (27)",,€4.50m
40,,Wylan CyprienW. Cyprien,,,,
41,,Central Midfield,,,,
42,18.0,Samuel MoutoussamyS. MoutoussamyCentral Midfield,Samuel Moutoussamy,"Aug 12, 1996 (25)",,€3.00m
43,,Samuel MoutoussamyS. Moutoussamy,,,,
44,,Central Midfield,,,,
45,10.0,Ludovic BlasL. BlasAttacking Midfield,Ludovic Blas,"Dec 31, 1997 (24)",,€16.00m
46,,Ludovic BlasL. Blas,,,,
47,,Attacking Midfield,,,,
48,6.0,Roli Pereira de SaR. Pereira de SaAttacking Midfield,Roli Pereira de Sa,"Dec 10, 1996 (25)",,€700Th.
49,,Roli Pereira de SaR. Pereira de Sa,,,,
50,,Attacking Midfield,,,,
51,33.0,Gor ManvelyanG. ManvelyanAttacking Midfield,Gor Manvelyan,"Apr 9, 2002 (20)",,€400Th.
52,,Gor ManvelyanG. Manvelyan,,,,
53,,Attacking Midfield,,,,
54,27.0,Moses SimonM. SimonLeft Winger,Moses Simon,"Jul 12, 1995 (26)",,€10.00m
55,,Moses SimonM. Simon,,,,
56,,Left Winger,,,,
57,19.0,Willem GeubbelsW. GeubbelsLeft Winger,Willem Geubbels,"Aug 16, 2001 (20)",,€4.00m
58,,Willem GeubbelsW. Geubbels,,,,
59,,Left Winger,,,,
60,26.0,Osman BukariO. BukariRight Winger,Osman Bukari,"Dec 13, 1998 (23)",,€3.00m
61,,Osman BukariO. Bukari,,,,
62,,Right Winger,,,,
63,11.0,Marcus CocoM. CocoRight Winger,Marcus Coco,"Jun 24, 1996 (25)",,€2.00m
64,,Marcus CocoM. Coco,,,,
65,,Right Winger,,,,
66,23.0,Randal Kolo MuaniR. Kolo MuaniCentre-Forward,Randal Kolo Muani,"Dec 5, 1998 (23)",,€16.00m
67,,Randal Kolo MuaniR. Kolo Muani,,,,
68,,Centre-Forward,,,,
69,7.0,Kalifa CoulibalyK. CoulibalyCentre-Forward,Kalifa Coulibaly,"Aug 21, 1991 (30)",,€1.50m
70,,Kalifa CoulibalyK. Coulibaly,,,,
71,,Centre-Forward,,,,
72,20.0,Jean-Kévin AugustinJ. AugustinCentre-Forward,Jean-Kévin Augustin,"Jun 16, 1997 (24)",,€1.50m
73,,Jean-Kévin AugustinJ. Augustin,,,,
74,,Centre-Forward,,,,
0,40.0,Marco BizotM. BizotGoalkeeper,Marco Bizot,"Mar 10, 1991 (31)",,€4.50m
1,,Marco BizotM. Bizot,,,,
2,,Goalkeeper,,,,
3,1.0,Gautier LarsonneurG. LarsonneurGoalkeeper,Gautier Larsonneur,"Feb 23, 1997 (25)",,€3.00m
4,,Gautier LarsonneurG. Larsonneur,,,,
5,,Goalkeeper,,,,
6,16.0,Sébastien CiboisS. CiboisGoalkeeper,Sébastien Cibois,"Mar 2, 1998 (24)",,€400Th.
7,,Sébastien CiboisS. Cibois,,,,
8,,Goalkeeper,,,,
9,30.0,Grégoire CoudertG. CoudertGoalkeeper,Grégoire Coudert,"Apr 3, 1999 (23)",,€200Th.
10,,Grégoire CoudertG. Coudert,,,,
11,,Goalkeeper,,,,
12,5.0,Brendan ChardonnetB. Chardonnet Centre-Back,Brendan Chardonnet,"Dec 22, 1994 (27)",,€5.00m
13,,Brendan ChardonnetB. Chardonnet,,,,
14,,Centre-Back,,,,
15,2.0,Jean-Kévin DuverneJ. DuverneCentre-Back,Jean-Kévin Duverne,"Jul 12, 1997 (24)",,€4.00m
16,,Jean-Kévin DuverneJ. Duverne,,,,
17,,Centre-Back,,,,
18,3.0,Lilian BrassierL. BrassierCentre-Back,Lilian Brassier,"Nov 2, 1999 (22)",,€4.00m
19,,Lilian BrassierL. Brassier,,,,
20,,Centre-Back,,,,
21,23.0,Christophe HérelleC. HérelleCentre-Back,Christophe Hérelle,"Aug 22, 1992 (29)",,€4.00m
22,,Christophe HérelleC. Hérelle,,,,
23,,Centre-Back,,,,
24,17.0,Denys BainD. BainCentre-Back,Denys Bain,"Jul 2, 1993 (28)",,€1.00m
25,,Denys BainD. Bain,,,,
26,,Centre-Back,,,,
27,33.0,Noé SowNoé SowCentre-Back,Noé Sow,"Dec 18, 1998 (23)",,€150Th.
28,,Noé SowNoé Sow,,,,
29,,Centre-Back,,,,
30,20.0,Jere UronenJ. UronenLeft-Back,Jere Uronen,"Jul 13, 1994 (27)",,€2.00m
31,,Jere UronenJ. Uronen,,,,
32,,Left-Back,,,,
33,18.0,Ronaël Pierre-GabrielR. Pierre-GabrielRight-Back,Ronaël Pierre-Gabriel,"Jun 13, 1998 (23)",,€5.00m
34,,Ronaël Pierre-GabrielR. Pierre-Gabriel,,,,
35,,Right-Back,,,,
36,22.0,Julien FaussurierJ. FaussurierRight-Back,Julien Faussurier,"Jan 14, 1987 (35)",,€300Th.
37,,Julien FaussurierJ. Faussurier,,,,
38,,Right-Back,,,,
39,10.0,Lucien AgouméL. AgouméDefensive Midfield,Lucien Agoumé,"Feb 9, 2002 (20)",,€7.00m
40,,Lucien AgouméL. Agoumé,,,,
41,,Defensive Midfield,,,,
42,8.0,Paul LasneP. LasneDefensive Midfield,Paul Lasne,"Jan 16, 1989 (33)",,€500Th.
43,,Paul LasneP. Lasne,,,,
44,,Defensive Midfield,,,,
45,7.0,Haris BelkeblaH. BelkeblaCentral Midfield,Haris Belkebla,"Jan 28, 1994 (28)",,€4.00m
46,,Haris BelkeblaH. Belkebla,,,,
47,,Central Midfield,,,,
48,27.0,Hugo MagnettiH. MagnettiCentral Midfield,Hugo Magnetti,"May 30, 1998 (24)",,€2.00m
49,,Hugo MagnettiH. Magnetti,,,,
50,,Central Midfield,,,,
51,28.0,Hianga'a MbockH. MbockCentral Midfield,Hianga'a Mbock,"Dec 28, 1999 (22)",,€1.50m
52,,Hianga'a MbockH. Mbock,,,,
53,,Central Midfield,,,,
54,24.0,Youcef BelaïliY. BelaïliLeft Winger,Youcef Belaïli,"Mar 14, 1992 (30)",,€2.00m
55,,Youcef BelaïliY. Belaïli,,,,
56,,Left Winger,,,,
57,19.0,Rafiki SaïdR. SaïdLeft Winger,Rafiki Saïd,"Mar 15, 2000 (22)",,€500Th.
58,,Rafiki SaïdR. Saïd,,,,
59,,Left Winger,,,,
60,9.0,Franck HonoratF. HonoratRight Winger,Franck Honorat,"Aug 11, 1996 (25)",,€10.00m
61,,Franck HonoratF. Honorat,,,,
62,,Right Winger,,,,
63,25.0,Romain Del CastilloR. Del CastilloRight Winger,Romain Del Castillo,"Mar 29, 1996 (26)",,€3.00m
64,,Romain Del CastilloR. Del Castillo,,,,
65,,Right Winger,,,,
66,11.0,Martín SatrianoM. Satriano Centre-Forward,Martín Satriano,"Feb 20, 2001 (21)",,€7.00m
67,,Martín SatrianoM. Satriano,,,,
68,,Centre-Forward,,,,
69,15.0,Steve MouniéS. MouniéCentre-Forward,Steve Mounié,"Sep 29, 1994 (27)",,€7.00m
70,,Steve MouniéS. Mounié,,,,
71,,Centre-Forward,,,,
72,14.0,Irvin CardonaI. CardonaCentre-Forward,Irvin Cardona,"Aug 8, 1997 (24)",,€4.50m
73,,Irvin CardonaI. Cardona,,,,
74,,Centre-Forward,,,,
75,26.0,Jérémy Le DouaronJ. Le DouaronCentre-Forward,Jérémy Le Douaron,"Apr 21, 1998 (24)",,€3.00m
76,,Jérémy Le DouaronJ. Le Douaron,,,,
77,,Centre-Forward,,,,
0,30,Léo JardimL. JardimGoalkeeper,Léo Jardim,"Mar 20, 1995 (27)",,€4.00m
1,,Léo JardimL. Jardim,,,,
2,,Goalkeeper,,,,
3,1,Ivo GrbicIvo GrbicGoalkeeper,Ivo Grbic,"Jan 18, 1996 (26)",,€3.50m
4,,Ivo GrbicIvo Grbic,,,,
5,,Goalkeeper,,,,
6,-,Orestis KarnezisO. KarnezisGoalkeeper,Orestis Karnezis,"Jul 11, 1985 (36)",,€500Th.
7,,Orestis KarnezisO. Karnezis,,,,
8,,Goalkeeper,,,,
9,16,Adam JakubechA. JakubechGoalkeeper,Adam Jakubech,"Jan 2, 1997 (25)",,€500Th.
10,,Adam JakubechA. Jakubech,,,,
11,,Goalkeeper,,,,
12,4,Sven BotmanS. BotmanCentre-Back,Sven Botman,"Jan 12, 2000 (22)",,€30.00m
13,,Sven BotmanS. Botman,,,,
14,,Centre-Back,,,,
15,3,Tiago DjalóT. DjalóCentre-Back,Tiago Djaló,"Apr 9, 2000 (22)",,€12.00m
16,,Tiago DjalóT. Djaló,,,,
17,,Centre-Back,,,,
18,6,José FonteJ. Fonte Centre-Back,José Fonte,"Dec 22, 1983 (38)",,€800Th.
19,,José FonteJ. Fonte,,,,
20,,Centre-Back,,,,
21,5,Gabriel GudmundssonG. GudmundssonLeft-Back,Gabriel Gudmundsson,"Apr 29, 1999 (23)",,€6.00m
22,,Gabriel GudmundssonG. Gudmundsson,,,,
23,,Left-Back,,,,
24,29,Domagoj BradaricD. BradaricLeft-Back,Domagoj Bradaric,"Dec 10, 1999 (22)",,€3.50m
25,,Domagoj BradaricD. Bradaric,,,,
26,,Left-Back,,,,
27,2,Zeki CelikZ. CelikRight-Back,Zeki Celik,"Feb 17, 1997 (25)",,€18.00m
28,,Zeki CelikZ. Celik,,,,
29,,Right-Back,,,,
30,26,Jérémy PiedJ. PiedRight-Back,Jérémy Pied,"Feb 23, 1989 (33)",,€800Th.
31,,Jérémy PiedJ. Pied,,,,
32,,Right-Back,,,,
33,21,Benjamin AndréB. AndréDefensive Midfield,Benjamin André,"Aug 3, 1990 (31)",,€12.00m
34,,Benjamin AndréB. André,,,,
35,,Defensive Midfield,,,,
36,24,Amadou OnanaA. OnanaDefensive Midfield,Amadou Onana,"Aug 16, 2001 (20)",,€10.00m
37,,Amadou OnanaA. Onana,,,,
38,,Defensive Midfield,,,,
39,10,Renato SanchesR. SanchesCentral Midfield,Renato Sanches,"Aug 18, 1997 (24)",,€28.00m
40,,Renato SanchesR. Sanches,,,,
41,,Central Midfield,,,,
42,8,XekaXekaCentral Midfield,Xeka,"Nov 10, 1994 (27)",,€9.00m
43,,XekaXeka,,,,
44,,Central Midfield,,,,
45,20,Angel GomesA. GomesAttacking Midfield,Angel Gomes,"Aug 31, 2000 (21)",,€7.00m
46,,Angel GomesA. Gomes,,,,
47,,Attacking Midfield,,,,
48,11,Hatem Ben ArfaH. Ben ArfaAttacking Midfield,Hatem Ben Arfa,"Mar 7, 1987 (35)",,€1.50m
49,,Hatem Ben ArfaH. Ben Arfa,,,,
50,,Attacking Midfield,,,,
51,7,Jonathan BambaJ. BambaLeft Winger,Jonathan Bamba,"Mar 26, 1996 (26)",,€17.00m
52,,Jonathan BambaJ. Bamba,,,,
53,,Left Winger,,,,
54,23,Edon ZhegrovaE. ZhegrovaRight Winger,Edon Zhegrova,"Mar 31, 1999 (23)",,€5.00m
55,,Edon ZhegrovaE. Zhegrova,,,,
56,,Right Winger,,,,
57,19,Isaac LihadjiI. LihadjiRight Winger,Isaac Lihadji,"Apr 10, 2002 (20)",,€3.50m
58,,Isaac LihadjiI. Lihadji,,,,
59,,Right Winger,,,,
60,9,Jonathan DavidJ. DavidCentre-Forward,Jonathan David,"Jan 14, 2000 (22)",,€45.00m
61,,Jonathan DavidJ. David,,,,
62,,Centre-Forward,,,,
63,22,Timothy WeahT. WeahCentre-Forward,Timothy Weah,"Feb 22, 2000 (22)",,€12.00m
64,,Timothy WeahT. Weah,,,,
65,,Centre-Forward,,,,
66,17,Burak YilmazB. YilmazCentre-Forward,Burak Yilmaz,"Jul 15, 1985 (36)",,€1.50m
67,,Burak YilmazB. Yilmaz,,,,
68,,Centre-Forward,,,,
0,1.0,Predrag RajkovićP. RajkovićGoalkeeper,Predrag Rajković,"Oct 31, 1995 (26)",,€9.00m
1,,Predrag RajkovićP. Rajković,,,,
2,,Goalkeeper,,,,
3,16.0,Yehvann DioufY. DioufGoalkeeper,Yehvann Diouf,"Nov 16, 1999 (22)",,€500Th.
4,,Yehvann DioufY. Diouf,,,,
5,,Goalkeeper,,,,
6,30.0,Nicolas PenneteauN. PenneteauGoalkeeper,Nicolas Penneteau,"Feb 28, 1981 (41)",,€150Th.
7,,Nicolas PenneteauN. Penneteau,,,,
8,,Goalkeeper,,,,
9,2.0,Wout FaesWout FaesCentre-Back,Wout Faes,"Apr 3, 1998 (24)",,€10.00m
10,,Wout FaesWout Faes,,,,
11,,Centre-Back,,,,
12,6.0,Andreaw GravillonA. GravillonCentre-Back,Andreaw Gravillon,"Feb 8, 1998 (24)",,€6.50m
13,,Andreaw GravillonA. Gravillon,,,,
14,,Centre-Back,,,,
15,5.0,Yunis AbdelhamidY. Abdelhamid Centre-Back,Yunis Abdelhamid,"Sep 28, 1987 (34)",,€1.20m
16,,Yunis AbdelhamidY. Abdelhamid,,,,
17,,Centre-Back,,,,
18,3.0,Ghislain KonanG. KonanLeft-Back,Ghislain Konan,"Dec 27, 1995 (26)",,€7.00m
19,,Ghislain KonanG. Konan,,,,
20,,Left-Back,,,,
21,28.0,Bradley LockoB. LockoLeft-Back,Bradley Locko,"May 6, 2002 (20)",,€2.00m
22,,Bradley LockoB. Locko,,,,
23,,Left-Back,,,,
24,32.0,Thomas FoketT. FoketRight-Back,Thomas Foket,"Sep 25, 1994 (27)",,€5.00m
25,,Thomas FoketT. Foket,,,,
26,,Right-Back,,,,
27,4.0,Maxime BusiM. BusiRight-Back,Maxime Busi,"Oct 14, 1999 (22)",,€3.50m
28,,Maxime BusiM. Busi,,,,
29,,Right-Back,,,,
30,36.0,Ibrahim DiakitéI. DiakitéRight-Back,Ibrahim Diakité,"Oct 31, 2003 (18)",,€200Th.
31,,Ibrahim DiakitéI. Diakité,,,,
32,,Right-Back,,,,
33,21.0,Azor MatusiwaA. MatusiwaDefensive Midfield,Azor Matusiwa,"Apr 28, 1998 (24)",,€7.00m
34,,Azor MatusiwaA. Matusiwa,,,,
35,,Defensive Midfield,,,,
36,8.0,Jens CajusteJ. CajusteDefensive Midfield,Jens Cajuste,"Aug 10, 1999 (22)",,€5.00m
37,,Jens CajusteJ. Cajuste,,,,
38,,Defensive Midfield,,,,
39,15.0,Marshall MunetsiM. MunetsiDefensive Midfield,Marshall Munetsi,"Jun 22, 1996 (25)",,€5.00m
40,,Marshall MunetsiM. Munetsi,,,,
41,,Defensive Midfield,,,,
42,26.0,Dion LopyDion LopyDefensive Midfield,Dion Lopy,"Feb 2, 2002 (20)",,€2.50m
43,,Dion LopyDion Lopy,,,,
44,,Defensive Midfield,,,,
45,33.0,Sambou SissokoS. SissokoDefensive Midfield,Sambou Sissoko,"Apr 27, 1999 (23)",,€500Th.
46,,Sambou SissokoS. Sissoko,,,,
47,,Defensive Midfield,,,,
48,23.0,Moreto CassamáM. Cassamá Central Midfield,Moreto Cassamá,"Feb 16, 1998 (24)",,€3.00m
49,,Moreto CassamáM. Cassamá,,,,
50,,Central Midfield,,,,
51,14.0,Valon BerishaV. BerishaCentral Midfield,Valon Berisha,"Feb 7, 1993 (29)",,€2.50m
52,,Valon BerishaV. Berisha,,,,
53,,Central Midfield,,,,
54,35.0,Martin AdelineM. AdelineCentral Midfield,Martin Adeline,"Dec 2, 2003 (18)",,€800Th.
55,,Martin AdelineM. Adeline,,,,
56,,Central Midfield,,,,
57,20.0,Ilan KebbalI. KebbalAttacking Midfield,Ilan Kebbal,"Jul 10, 1998 (23)",,€4.50m
58,,Ilan KebbalI. Kebbal,,,,
59,,Attacking Midfield,,,,
60,33.0,Kamory DoumbiaK. DoumbiaAttacking Midfield,Kamory Doumbia,"Feb 18, 2003 (19)",,€1.00m
61,,Kamory DoumbiaK. Doumbia,,,,
62,,Attacking Midfield,,,,
63,11.0,Nathanaël MbukuN. MbukuLeft Winger,Nathanaël Mbuku,"Mar 16, 2002 (20)",,€8.00m
64,,Nathanaël MbukuN. Mbuku,,,,
65,,Left Winger,,,,
66,10.0,Arbër ZeneliA. ZeneliLeft Winger,Arbër Zeneli,"Feb 25, 1995 (27)",,€4.50m
67,,Arbër ZeneliA. Zeneli,,,,
68,,Left Winger,,,,
69,19.0,Mitchell van BergenM. van BergenLeft Winger,Mitchell van Bergen,"Aug 27, 1999 (22)",,€2.00m
70,,Mitchell van BergenM. van Bergen,,,,
71,,Left Winger,,,,
72,25.0,Moussa DoumbiaM. DoumbiaLeft Winger,Moussa Doumbia,"Aug 15, 1994 (27)",,€1.20m
73,,Moussa DoumbiaM. Doumbia,,,,
74,,Left Winger,,,,
75,12.0,Alexis FlipsA. FlipsRight Winger,Alexis Flips,"Jan 18, 2000 (22)",,€2.50m
76,,Alexis FlipsA. Flips,,,,
77,,Right Winger,,,,
78,22.0,Hugo EkitikeH. EkitikeCentre-Forward,Hugo Ekitike,"Jun 20, 2002 (19)",,€28.00m
79,,Hugo EkitikeH. Ekitike,,,,
80,,Centre-Forward,,,,
81,7.0,El Bilal TouréE. TouréCentre-Forward,El Bilal Touré,"Oct 3, 2001 (20)",,€6.50m
82,,El Bilal TouréE. Touré,,,,
83,,Centre-Forward,,,,
84,17.0,Anastasios DonisA. DonisCentre-Forward,Anastasios Donis,"Aug 29, 1996 (25)",,€1.00m
85,,Anastasios DonisA. Donis,,,,
86,,Centre-Forward,,,,
87,18.0,Fraser HornbyF. HornbyCentre-Forward,Fraser Hornby,"Sep 13, 1999 (22)",,€1.00m
88,,Fraser HornbyF. Hornby,,,,
89,,Centre-Forward,,,,
0,1.0,Jonas OmlinJ. OmlinGoalkeeper,Jonas Omlin,"Jan 10, 1994 (28)",,€8.00m
1,,Jonas OmlinJ. Omlin,,,,
2,,Goalkeeper,,,,
3,16.0,Dimitry BertaudD. BertaudGoalkeeper,Dimitry Bertaud,"Jun 6, 1998 (24)",,€1.50m
4,,Dimitry BertaudD. Bertaud,,,,
5,,Goalkeeper,,,,
6,30.0,Matis CarvalhoM. CarvalhoGoalkeeper,Matis Carvalho,"Apr 28, 1999 (23)",,€200Th.
7,,Matis CarvalhoM. Carvalho,,,,
8,,Goalkeeper,,,,
9,3.0,Mamadou SakhoM. SakhoCentre-Back,Mamadou Sakho,"Feb 13, 1990 (32)",,€4.50m
10,,Mamadou SakhoM. Sakho,,,,
11,,Centre-Back,,,,
12,14.0,Maxime EstèveM. EstèveCentre-Back,Maxime Estève,"May 26, 2002 (20)",,€4.50m
13,,Maxime EstèveM. Estève,,,,
14,,Centre-Back,,,,
15,5.0,Pedro MendesP. MendesCentre-Back,Pedro Mendes,"Oct 1, 1990 (31)",,€4.00m
16,,Pedro MendesP. Mendes,,,,
17,,Centre-Back,,,,
18,26.0,ThulerThulerCentre-Back,Thuler,"Mar 10, 1999 (23)",,€2.00m
19,,ThulerThuler,,,,
20,,Centre-Back,,,,
21,31.0,Nicolas CozzaN. CozzaLeft-Back,Nicolas Cozza,"Jan 8, 1999 (23)",,€5.00m
22,,Nicolas CozzaN. Cozza,,,,
23,,Left-Back,,,,
24,7.0,Mihailo RisticM. RisticLeft-Back,Mihailo Ristic,"Oct 31, 1995 (26)",,€3.50m
25,,Mihailo RisticM. Ristic,,,,
26,,Left-Back,,,,
27,8.0,Ambroise OyongoA. OyongoLeft-Back,Ambroise Oyongo,"Jun 22, 1991 (30)",,€1.80m
28,,Ambroise OyongoA. Oyongo,,,,
29,,Left-Back,,,,
30,17.0,Thibault TamasT. TamasLeft-Back,Thibault Tamas,"Feb 20, 2001 (21)",,€200Th.
31,,Thibault TamasT. Tamas,,,,
32,,Left-Back,,,,
33,6.0,Junior SambiaJ. SambiaRight-Back,Junior Sambia,"Sep 7, 1996 (25)",,€4.50m
34,,Junior SambiaJ. Sambia,,,,
35,,Right-Back,,,,
36,2.0,Arnaud SouquetA. SouquetRight-Back,Arnaud Souquet,"Feb 12, 1992 (30)",,€2.50m
37,,Arnaud SouquetA. Souquet,,,,
38,,Right-Back,,,,
39,13.0,Joris ChotardJ. ChotardDefensive Midfield,Joris Chotard,"Sep 24, 2001 (20)",,€10.00m
40,,Joris ChotardJ. Chotard,,,,
41,,Defensive Midfield,,,,
42,15.0,Gabriel BarèsG. BarèsDefensive Midfield,Gabriel Barès,"Aug 29, 2000 (21)",,€700Th.
43,,Gabriel BarèsG. Barès,,,,
44,,Defensive Midfield,,,,
45,11.0,Téji SavanierT. Savanier Central Midfield,Téji Savanier,"Dec 22, 1991 (30)",,€12.00m
46,,Téji SavanierT. Savanier,,,,
47,,Central Midfield,,,,
48,12.0,Jordan FerriJ. FerriCentral Midfield,Jordan Ferri,"Mar 12, 1992 (30)",,€5.00m
49,,Jordan FerriJ. Ferri,,,,
50,,Central Midfield,,,,
51,18.0,Léo LeroyL. LeroyCentral Midfield,Léo Leroy,"Feb 14, 2000 (22)",,€1.50m
52,,Léo LeroyL. Leroy,,,,
53,,Central Midfield,,,,
54,22.0,Rémy CabellaR. CabellaAttacking Midfield,Rémy Cabella,"Mar 8, 1990 (32)",,€6.50m
55,,Rémy CabellaR. Cabella,,,,
56,,Attacking Midfield,,,,
57,25.0,Florent MolletF. MolletAttacking Midfield,Florent Mollet,"Nov 19, 1991 (30)",,€6.00m
58,,Florent MolletF. Mollet,,,,
59,,Attacking Midfield,,,,
60,10.0,Stephy MavididiS. MavididiLeft Winger,Stephy Mavididi,"May 31, 1998 (24)",,€10.00m
61,,Stephy MavididiS. Mavididi,,,,
62,,Left Winger,,,,
63,21.0,Elye WahiElye WahiCentre-Forward,Elye Wahi,"Jan 2, 2003 (19)",,€12.00m
64,,Elye WahiElye Wahi,,,,
65,,Centre-Forward,,,,
66,9.0,Valère GermainV. GermainCentre-Forward,Valère Germain,"Apr 17, 1990 (32)",,€2.50m
67,,Valère GermainV. Germain,,,,
68,,Centre-Forward,,,,
69,23.0,Nicholas GioacchiniN. GioacchiniCentre-Forward,Nicholas Gioacchini,"Jul 25, 2000 (21)",,€1.50m
70,,Nicholas GioacchiniN. Gioacchini,,,,
71,,Centre-Forward,,,,
72,28.0,Béni MakouanaB. MakouanaCentre-Forward,Béni Makouana,"Sep 28, 2002 (19)",,€800Th.
73,,Béni MakouanaB. Makouana,,,,
74,,Centre-Forward,,,,
75,20.0,Yanis GuermoucheY. GuermoucheCentre-Forward,Yanis Guermouche,"Apr 15, 2001 (21)",,€250Th.
76,,Yanis GuermoucheY. Guermouche,,,,
77,,Centre-Forward,,,,
0,16.0,Anthony MandréaA. MandréaGoalkeeper,Anthony Mandréa,"Dec 25, 1996 (25)",,€1.00m
1,,Anthony MandréaA. Mandréa,,,,
2,,Goalkeeper,,,,
3,30.0,Danijel PetkovicD. PetkovicGoalkeeper,Danijel Petkovic,"May 25, 1993 (29)",,€1.00m
4,,Danijel PetkovicD. Petkovic,,,,
5,,Goalkeeper,,,,
6,24.0,Romain ThomasR. ThomasCentre-Back,Romain Thomas,"Jun 12, 1988 (33)",,€1.00m
7,,Romain ThomasR. Thomas,,,,
8,,Centre-Back,,,,
9,29.0,Vincent ManceauV. ManceauCentre-Back,Vincent Manceau,"Jul 10, 1989 (32)",,€800Th.
10,,Vincent ManceauV. Manceau,,,,
11,,Centre-Back,,,,
12,8.0,Ismaël TraoréI. Traoré Centre-Back,Ismaël Traoré,"Aug 18, 1986 (35)",,€600Th.
13,,Ismaël TraoréI. Traoré,,,,
14,,Centre-Back,,,,
15,20.0,Kévin BomaK. BomaCentre-Back,Kévin Boma,"Nov 20, 2002 (19)",,€300Th.
16,,Kévin BomaK. Boma,,,,
17,,Centre-Back,,,,
18,3.0,Souleyman DoumbiaS. DoumbiaLeft-Back,Souleyman Doumbia,"Sep 24, 1996 (25)",,€3.00m
19,,Souleyman DoumbiaS. Doumbia,,,,
20,,Left-Back,,,,
21,6.0,Enzo EbosseE. EbosseLeft-Back,Enzo Ebosse,"Mar 11, 1999 (23)",,€2.00m
22,,Enzo EbosseE. Ebosse,,,,
23,,Left-Back,,,,
24,25.0,Abdoulaye BambaA. BambaRight-Back,Abdoulaye Bamba,"Apr 25, 1990 (32)",,€500Th.
25,,Abdoulaye BambaA. Bamba,,,,
26,,Right-Back,,,,
27,2.0,Batista MendyB. MendyDefensive Midfield,Batista Mendy,"Jan 12, 2000 (22)",,€3.00m
28,,Batista MendyB. Mendy,,,,
29,,Defensive Midfield,,,,
30,12.0,Zinédine Ould KhaledZ. Ould KhaledDefensive Midfield,Zinédine Ould Khaled,"Jan 14, 2000 (22)",,€250Th.
31,,Zinédine Ould KhaledZ. Ould Khaled,,,,
32,,Defensive Midfield,,,,
33,23.0,Nabil BentalebN. BentalebCentral Midfield,Nabil Bentaleb,"Nov 24, 1994 (27)",,€3.50m
34,,Nabil BentalebN. Bentaleb,,,,
35,,Central Midfield,,,,
36,18.0,Azzedine OunahiA. OunahiCentral Midfield,Azzedine Ounahi,"Apr 19, 2000 (22)",,€3.00m
37,,Azzedine OunahiA. Ounahi,,,,
38,,Central Midfield,,,,
39,5.0,Thomas ManganiT. ManganiCentral Midfield,Thomas Mangani,"Apr 29, 1987 (35)",,€600Th.
40,,Thomas ManganiT. Mangani,,,,
41,,Central Midfield,,,,
42,11.0,Jimmy CabotJ. CabotRight Midfield,Jimmy Cabot,"Apr 18, 1994 (28)",,€5.00m
43,,Jimmy CabotJ. Cabot,,,,
44,,Right Midfield,,,,
45,27.0,Mathias Pereira LageM. Pereira LageRight Midfield,Mathias Pereira Lage,"Nov 30, 1996 (25)",,€2.50m
46,,Mathias Pereira LageM. Pereira Lage,,,,
47,,Right Midfield,,,,
48,15.0,Pierrick CapelleP. CapelleLeft Midfield,Pierrick Capelle,"Apr 15, 1987 (35)",,€500Th.
49,,Pierrick CapelleP. Capelle,,,,
50,,Left Midfield,,,,
51,10.0,Angelo FulginiA. FulginiAttacking Midfield,Angelo Fulgini,"Aug 20, 1996 (25)",,€12.00m
52,,Angelo FulginiA. Fulgini,,,,
53,,Attacking Midfield,,,,
54,26.0,Waniss TaïbiW. TaïbiAttacking Midfield,Waniss Taïbi,"Mar 7, 2002 (20)",,€600Th.
55,,Waniss TaïbiW. Taïbi,,,,
56,,Attacking Midfield,,,,
57,7.0,Sofiane BoufalS. Boufal Left Winger,Sofiane Boufal,"Sep 17, 1993 (28)",,€8.00m
58,,Sofiane BoufalS. Boufal,,,,
59,,Left Winger,,,,
60,9.0,Casimir NingaC. NingaLeft Winger,Casimir Ninga,"May 17, 1993 (29)",,€1.20m
61,,Casimir NingaC. Ninga,,,,
62,,Left Winger,,,,
63,22.0,Marin JakolisM. JakolisLeft Winger,Marin Jakolis,"Dec 26, 1996 (25)",,€1.20m
64,,Marin JakolisM. Jakolis,,,,
65,,Left Winger,,,,
66,35.0,Jason MbockJ. Mbock Left Winger,Jason Mbock,"Nov 1, 1999 (22)",,€200Th.
67,,Jason MbockJ. Mbock,,,,
68,,Left Winger,,,,
69,17.0,Noah FatarN. FatarRight Winger,Noah Fatar,"Feb 15, 2002 (20)",,€300Th.
70,,Noah FatarN. Fatar,,,,
71,,Right Winger,,,,
72,21.0,Mohamed-Ali ChoM. ChoCentre-Forward,Mohamed-Ali Cho,"Jan 19, 2004 (18)",,€15.00m
73,,Mohamed-Ali ChoM. Cho,,,,
74,,Centre-Forward,,,,
75,19.0,Stéphane BahokenS. BahokenCentre-Forward,Stéphane Bahoken,"May 28, 1992 (30)",,€4.00m
76,,Stéphane BahokenS. Bahoken,,,,
77,,Centre-Forward,,,,
0,16.0,Alexandre OukidjaA. OukidjaGoalkeeper,Alexandre Oukidja,"Jul 19, 1988 (33)",,€1.20m
1,,Alexandre OukidjaA. Oukidja,,,,
2,,Goalkeeper,,,,
3,30.0,Marc-Aurèle CaillardM. CaillardGoalkeeper,Marc-Aurèle Caillard,"May 12, 1994 (28)",,€1.20m
4,,Marc-Aurèle CaillardM. Caillard,,,,
5,,Goalkeeper,,,,
6,40.0,Ousmane BaO. BaGoalkeeper,Ousmane Ba,"Jun 6, 2002 (20)",,€300Th.
7,,Ousmane BaO. Ba,,,,
8,,Goalkeeper,,,,
9,1.0,David OberhauserD. OberhauserGoalkeeper,David Oberhauser,"Nov 29, 1990 (31)",,€250Th.
10,,David OberhauserD. Oberhauser,,,,
11,,Goalkeeper,,,,
12,23.0,Kiki KouyatéK. KouyatéCentre-Back,Kiki Kouyaté,"Apr 15, 1997 (25)",,€5.00m
13,,Kiki KouyatéK. Kouyaté,,,,
14,,Centre-Back,,,,
15,2.0,Dylan BronnD. Bronn Centre-Back,Dylan Bronn,"Jun 19, 1995 (26)",,€4.00m
16,,Dylan BronnD. Bronn,,,,
17,,Centre-Back,,,,
18,4.0,Sikou NiakatéS. NiakatéCentre-Back,Sikou Niakaté,"Jul 10, 1999 (22)",,€1.80m
19,,Sikou NiakatéS. Niakaté,,,,
20,,Centre-Back,,,,
21,29.0,Lenny LacroixL. LacroixCentre-Back,Lenny Lacroix,"Feb 6, 2003 (19)",,€1.00m
22,,Lenny LacroixL. Lacroix,,,,
23,,Centre-Back,,,,
24,27.0,Jean-Armel Kana-BiyikJ. Kana-BiyikCentre-Back,Jean-Armel Kana-Biyik,"Jul 3, 1989 (32)",,€500Th.
25,,Jean-Armel Kana-BiyikJ. Kana-Biyik,,,,
26,,Centre-Back,,,,
27,3.0,Matthieu UdolM. Udol Left-Back,Matthieu Udol,"Mar 20, 1996 (26)",,€2.50m
28,,Matthieu UdolM. Udol,,,,
29,,Left-Back,,,,
30,17.0,Thomas DelaineT. DelaineLeft-Back,Thomas Delaine,"Mar 24, 1992 (30)",,€2.00m
31,,Thomas DelaineT. Delaine,,,,
32,,Left-Back,,,,
33,13.0,Fali CandéF. CandéLeft-Back,Fali Candé,"Jan 24, 1998 (24)",,€1.50m
34,,Fali CandéF. Candé,,,,
35,,Left-Back,,,,
36,28.0,Manuel CabitM. CabitLeft-Back,Manuel Cabit,"Jun 3, 1993 (29)",,€200Th.
37,,Manuel CabitM. Cabit,,,,
38,,Left-Back,,,,
39,18.0,Fabien CentonzeF. CentonzeRight-Back,Fabien Centonze,"Jan 16, 1996 (26)",,€7.00m
40,,Fabien CentonzeF. Centonze,,,,
41,,Right-Back,,,,
42,25.0,William MikelbrencisW. MikelbrencisRight-Back,William Mikelbrencis,"Feb 25, 2004 (18)",,€2.00m
43,,William MikelbrencisW. Mikelbrencis,,,,
44,,Right-Back,,,,
45,15.0,Pape SarrPape SarrDefensive Midfield,Pape Sarr,"Sep 14, 2002 (19)",,€15.00m
46,,Pape SarrPape Sarr,,,,
47,,Defensive Midfield,,,,
48,19.0,Habib MaïgaH. MaïgaDefensive Midfield,Habib Maïga,"Jan 1, 1996 (26)",,€3.50m
49,,Habib MaïgaH. Maïga,,,,
50,,Defensive Midfield,,,,
51,6.0,Kévin N'DoramK. N'DoramDefensive Midfield,Kévin N'Doram,"Jan 22, 1996 (26)",,€2.00m
52,,Kévin N'DoramK. N'Doram,,,,
53,,Defensive Midfield,,,,
54,32.0,Ibrahim AmadouI. AmadouDefensive Midfield,Ibrahim Amadou,"Apr 6, 1993 (29)",,€2.00m
55,,Ibrahim AmadouI. Amadou,,,,
56,,Defensive Midfield,,,,
57,14.0,Vincent PajotV. PajotDefensive Midfield,Vincent Pajot,"Aug 19, 1990 (31)",,€1.00m
58,,Vincent PajotV. Pajot,,,,
59,,Defensive Midfield,,,,
60,33.0,Amadou Salif MbengueA. MbengueDefensive Midfield,Amadou Salif Mbengue,"Jan 5, 2002 (20)",,€800Th.
61,,Amadou Salif MbengueA. Mbengue,,,,
62,,Defensive Midfield,,,,
63,8.0,Boubacar TraoréB. TraoréCentral Midfield,Boubacar Traoré,"Aug 20, 2001 (20)",,€1.80m
64,,Boubacar TraoréB. Traoré,,,,
65,,Central Midfield,,,,
66,10.0,Farid BoulayaF. BoulayaAttacking Midfield,Farid Boulaya,"Feb 25, 1993 (29)",,€3.50m
67,,Farid BoulayaF. Boulaya,,,,
68,,Attacking Midfield,,,,
69,21.0,Amine BassiA. BassiAttacking Midfield,Amine Bassi,"Nov 27, 1997 (24)",,€1.50m
70,,Amine BassiA. Bassi,,,,
71,,Attacking Midfield,,,,
72,22.0,Didier Lamkel ZéD. Lamkel ZéLeft Winger,Didier Lamkel Zé,"Sep 17, 1996 (25)",,€3.50m
73,,Didier Lamkel ZéD. Lamkel Zé,,,,
74,,Left Winger,,,,
75,11.0,Opa NguetteO. NguetteLeft Winger,Opa Nguette,"Jul 8, 1994 (27)",,€2.00m
76,,Opa NguetteO. Nguette,,,,
77,,Left Winger,,,,
78,26.0,Papa Ndiaga YadeP. YadeLeft Winger,Papa Ndiaga Yade,"Jan 5, 2000 (22)",,€2.00m
79,,Papa Ndiaga YadeP. Yade,,,,
80,,Left Winger,,,,
81,7.0,Ibrahima NianeI. NianeCentre-Forward,Ibrahima Niane,"Mar 11, 1999 (23)",,€5.00m
82,,Ibrahima NianeI. Niane,,,,
83,,Centre-Forward,,,,
84,9.0,Nicolas de PrévilleN. de PrévilleCentre-Forward,Nicolas de Préville,"Jan 8, 1991 (31)",,€2.50m
85,,Nicolas de PrévilleN. de Préville,,,,
86,,Centre-Forward,,,,
87,34.0,Louis MafoutaL. MafoutaCentre-Forward,Louis Mafouta,"Jul 2, 1994 (27)",,€900Th.
88,,Louis MafoutaL. Mafouta,,,,
89,,Centre-Forward,,,,
90,24.0,Lenny JosephL. JosephCentre-Forward,Lenny Joseph,"Oct 12, 2000 (21)",,€500Th.
91,,Lenny JosephL. Joseph,,,,
92,,Centre-Forward,,,,
0,30.0,Paul NardiP. NardiGoalkeeper,Paul Nardi,"May 18, 1994 (28)",,€2.00m
1,,Paul NardiP. Nardi,,,,
2,,Goalkeeper,,,,
3,1.0,Matthieu DreyerM. DreyerGoalkeeper,Matthieu Dreyer,"Mar 20, 1989 (33)",,€300Th.
4,,Matthieu DreyerM. Dreyer,,,,
5,,Goalkeeper,,,,
6,16.0,Teddy BartoucheT. BartoucheGoalkeeper,Teddy Bartouche,"Jun 5, 1997 (25)",,€150Th.
7,,Teddy BartoucheT. Bartouche,,,,
8,,Goalkeeper,,,,
9,40.0,Thomas CallensT. CallensGoalkeeper,Thomas Callens,"Sep 6, 1998 (23)",,€150Th.
10,,Thomas CallensT. Callens,,,,
11,,Goalkeeper,,,,
12,15.0,Julien LaporteJ. LaporteCentre-Back,Julien Laporte,"Nov 4, 1993 (28)",,€3.00m
13,,Julien LaporteJ. Laporte,,,,
14,,Centre-Back,,,,
15,3.0,Moritz JenzM. JenzCentre-Back,Moritz Jenz,"Apr 30, 1999 (23)",,€2.50m
16,,Moritz JenzM. Jenz,,,,
17,,Centre-Back,,,,
18,19.0,Léo PétrotL. PétrotCentre-Back,Léo Pétrot,"Apr 15, 1997 (25)",,€1.00m
19,,Léo PétrotL. Pétrot,,,,
20,,Centre-Back,,,,
21,21.0,Jérémy MorelJ. MorelCentre-Back,Jérémy Morel,"Apr 2, 1984 (38)",,€300Th.
22,,Jérémy MorelJ. Morel,,,,
23,,Centre-Back,,,,
24,25.0,Vincent Le GoffV. Le GoffLeft-Back,Vincent Le Goff,"Oct 15, 1989 (32)",,€1.00m
25,,Vincent Le GoffV. Le Goff,,,,
26,,Left-Back,,,,
27,20.0,Samuel LoricS. LoricLeft-Back,Samuel Loric,"Jul 5, 2000 (21)",,€600Th.
28,,Samuel LoricS. Loric,,,,
29,,Left-Back,,,,
30,17.0,Houboulang MendesH. MendesRight-Back,Houboulang Mendes,"May 4, 1998 (24)",,€3.00m
31,,Houboulang MendesH. Mendes,,,,
32,,Right-Back,,,,
33,2.0,Igor SilvaI. SilvaRight-Back,Igor Silva,"Aug 21, 1996 (25)",,€2.00m
34,,Igor SilvaI. Silva,,,,
35,,Right-Back,,,,
36,37.0,Théo Le BrisT. Le BrisRight-Back,Théo Le Bris,"Oct 1, 2002 (19)",,€400Th.
37,,Théo Le BrisT. Le Bris,,,,
38,,Right-Back,,,,
39,14.0,Jérôme HergaultJ. HergaultRight-Back,Jérôme Hergault,"Apr 5, 1986 (36)",,€250Th.
40,,Jérôme HergaultJ. Hergault,,,,
41,,Right-Back,,,,
42,6.0,Laurent AbergelL. AbergelDefensive Midfield,Laurent Abergel,"Feb 1, 1993 (29)",,€3.00m
43,,Laurent AbergelL. Abergel,,,,
44,,Defensive Midfield,,,,
45,8.0,Bonke InnocentB. InnocentDefensive Midfield,Bonke Innocent,"Jan 20, 1996 (26)",,€2.00m
46,,Bonke InnocentB. Innocent,,,,
47,,Defensive Midfield,,,,
48,23.0,Thomas MonconduitT. MonconduitDefensive Midfield,Thomas Monconduit,"Feb 10, 1991 (31)",,€1.50m
49,,Thomas MonconduitT. Monconduit,,,,
50,,Defensive Midfield,,,,
51,18.0,Fabien LemoineF. Lemoine Defensive Midfield,Fabien Lemoine,"Mar 16, 1987 (35)",,€600Th.
52,,Fabien LemoineF. Lemoine,,,,
53,,Defensive Midfield,,,,
54,31.0,Redwan BourlèsR. BourlèsLeft Midfield,Redwan Bourlès,"Jan 2, 2003 (19)",,€300Th.
55,,Redwan BourlèsR. Bourlès,,,,
56,,Left Midfield,,,,
57,10.0,Enzo Le FéeE. Le FéeAttacking Midfield,Enzo Le Fée,"Feb 3, 2000 (22)",,€6.00m
58,,Enzo Le FéeE. Le Fée,,,,
59,,Attacking Midfield,,,,
60,11.0,Quentin BoisgardQ. BoisgardAttacking Midfield,Quentin Boisgard,"Mar 17, 1997 (25)",,€1.80m
61,,Quentin BoisgardQ. Boisgard,,,,
62,,Attacking Midfield,,,,
63,28.0,Armand LaurientéA. LaurientéRight Winger,Armand Laurienté,"Dec 4, 1998 (23)",,€7.00m
64,,Armand LaurientéA. Laurienté,,,,
65,,Right Winger,,,,
66,7.0,Stéphane DiarraS. DiarraRight Winger,Stéphane Diarra,"Dec 9, 1998 (23)",,€1.50m
67,,Stéphane DiarraS. Diarra,,,,
68,,Right Winger,,,,
69,38.0,Dango OuattaraD. OuattaraRight Winger,Dango Ouattara,"Feb 11, 2002 (20)",,€900Th.
70,,Dango OuattaraD. Ouattara,,,,
71,,Right Winger,,,,
72,13.0,Terem MoffiT. MoffiCentre-Forward,Terem Moffi,"May 25, 1999 (23)",,€9.00m
73,,Terem MoffiT. Moffi,,,,
74,,Centre-Forward,,,,
75,9.0,Ibrahima KonéI. KonéCentre-Forward,Ibrahima Koné,"Jun 16, 1999 (22)",,€4.50m
76,,Ibrahima KonéI. Koné,,,,
77,,Centre-Forward,,,,
78,22.0,Sambou SoumanoS. SoumanoCentre-Forward,Sambou Soumano,"Jan 3, 2001 (21)",,€1.20m
79,,Sambou SoumanoS. Soumano,,,,
80,,Centre-Forward,,,,
0,30,Gauthier GallonG. GallonGoalkeeper,Gauthier Gallon,"Apr 23, 1993 (29)",,€2.50m
1,,Gauthier GallonG. Gallon,,,,
2,,Goalkeeper,,,,
3,16,Sébastien RenotS. RenotGoalkeeper,Sébastien Renot,"Nov 11, 1989 (32)",,€250Th.
4,,Sébastien RenotS. Renot,,,,
5,,Goalkeeper,,,,
6,40,Jessy MoulinJ. MoulinGoalkeeper,Jessy Moulin,"Jan 13, 1986 (36)",,€250Th.
7,,Jessy MoulinJ. Moulin,,,,
8,,Goalkeeper,,,,
9,1,Ryan BouallakR. BouallakGoalkeeper,Ryan Bouallak,"Aug 19, 1999 (22)",,€200Th.
10,,Ryan BouallakR. Bouallak,,,,
11,,Goalkeeper,,,,
12,2,Erik Palmer-BrownE. Palmer-BrownCentre-Back,Erik Palmer-Brown,"Apr 24, 1997 (25)",,€3.00m
13,,Erik Palmer-BrownE. Palmer-Brown,,,,
14,,Centre-Back,,,,
15,17,Yoann SalmierY. SalmierCentre-Back,Yoann Salmier,"Nov 21, 1992 (29)",,€2.00m
16,,Yoann SalmierY. Salmier,,,,
17,,Centre-Back,,,,
18,23,Adil RamiAdil Rami Centre-Back,Adil Rami,"Dec 27, 1985 (36)",,€400Th.
19,,Adil RamiAdil Rami,,,,
20,,Centre-Back,,,,
21,35,Tanguy ZoukrouT. ZoukrouCentre-Back,Tanguy Zoukrou,"May 7, 2003 (19)",,€400Th.
22,,Tanguy ZoukrouT. Zoukrou,,,,
23,,Centre-Back,,,,
24,12,Abdu ContéA. ContéLeft-Back,Abdu Conté,"Mar 24, 1998 (24)",,€3.00m
25,,Abdu ContéA. Conté,,,,
26,,Left-Back,,,,
27,22,Yasser LarouciY. LarouciLeft-Back,Yasser Larouci,"Jan 1, 2001 (21)",,€2.50m
28,,Yasser LarouciY. Larouci,,,,
29,,Left-Back,,,,
30,3,Youssouf KonéY. Koné Left-Back,Youssouf Koné,"Jul 5, 1995 (26)",,€2.00m
31,,Youssouf KonéY. Koné,,,,
32,,Left-Back,,,,
33,4,Giulian BianconeG. BianconeRight-Back,Giulian Biancone,"Mar 31, 2000 (22)",,€4.00m
34,,Giulian BianconeG. Biancone,,,,
35,,Right-Back,,,,
36,29,Issa KaboréI. KaboréRight-Back,Issa Kaboré,"May 12, 2001 (21)",,€4.00m
37,,Issa KaboréI. Kaboré,,,,
38,,Right-Back,,,,
39,19,Oualid El HajjamO. El HajjamRight-Back,Oualid El Hajjam,"Feb 19, 1991 (31)",,€1.00m
40,,Oualid El HajjamO. El Hajjam,,,,
41,,Right-Back,,,,
42,-,Benrandy AbdallahB. AbdallahRight-Back,Benrandy Abdallah,"Jul 1, 1999 (22)",,€150Th.
43,,Benrandy AbdallahB. Abdallah,,,,
44,,Right-Back,,,,
45,10,Florian TardieuF. TardieuDefensive Midfield,Florian Tardieu,"Apr 22, 1992 (30)",,€3.00m
46,,Florian TardieuF. Tardieu,,,,
47,,Defensive Midfield,,,,
48,6,Rominigue KouaméR. KouaméCentral Midfield,Rominigue Kouamé,"Dec 17, 1996 (25)",,€5.00m
49,,Rominigue KouaméR. Kouamé,,,,
50,,Central Midfield,,,,
51,24,Xavier ChavalerinX. ChavalerinCentral Midfield,Xavier Chavalerin,"Mar 7, 1991 (31)",,€3.50m
52,,Xavier ChavalerinX. Chavalerin,,,,
53,,Central Midfield,,,,
54,31,MetinhoMetinhoCentral Midfield,Metinho,"Apr 23, 2003 (19)",,€3.00m
55,,MetinhoMetinho,,,,
56,,Central Midfield,,,,
57,5,Tristan DingoméT. DingoméCentral Midfield,Tristan Dingomé,"Feb 17, 1991 (31)",,€1.50m
58,,Tristan DingoméT. Dingomé,,,,
59,,Central Midfield,,,,
60,27,Brandon DominguèsB. DominguèsCentral Midfield,Brandon Dominguès,"Jun 6, 2000 (22)",,€600Th.
61,,Brandon DominguèsB. Dominguès,,,,
62,,Central Midfield,,,,
63,15,Karim AzamoumK. AzamoumCentral Midfield,Karim Azamoum,"Jan 17, 1990 (32)",,€400Th.
64,,Karim AzamoumK. Azamoum,,,,
65,,Central Midfield,,,,
66,20,Renaud RipartR. RipartAttacking Midfield,Renaud Ripart,"Mar 14, 1993 (29)",,€4.00m
67,,Renaud RipartR. Ripart,,,,
68,,Attacking Midfield,,,,
69,14,Dylan ChambostD. ChambostAttacking Midfield,Dylan Chambost,"Aug 19, 1997 (24)",,€1.20m
70,,Dylan ChambostD. Chambost,,,,
71,,Attacking Midfield,,,,
72,18,Luka IlicLuka IlicAttacking Midfield,Luka Ilic,"Jul 2, 1999 (22)",,€700Th.
73,,Luka IlicLuka Ilic,,,,
74,,Attacking Midfield,,,,
75,25,Mama BaldéM. BaldéRight Winger,Mama Baldé,"Nov 6, 1995 (26)",,€4.50m
76,,Mama BaldéM. Baldé,,,,
77,,Right Winger,,,,
78,28,Nassim ChadliN. ChadliRight Winger,Nassim Chadli,"Jul 28, 2001 (20)",,€500Th.
79,,Nassim ChadliN. Chadli,,,,
80,,Right Winger,,,,
81,13,Iké UgboIké UgboCentre-Forward,Iké Ugbo,"Sep 21, 1998 (23)",,€5.00m
82,,Iké UgboIké Ugbo,,,,
83,,Centre-Forward,,,,
84,26,Lebo MothibaL. MothibaCentre-Forward,Lebo Mothiba,"Jan 28, 1996 (26)",,€2.00m
85,,Lebo MothibaL. Mothiba,,,,
86,,Centre-Forward,,,,
87,9,Hyun-jun SukH. SukCentre-Forward,Hyun-jun Suk,"Jun 29, 1991 (30)",,€1.00m
88,,Hyun-jun SukH. Suk,,,,
89,,Centre-Forward,,,,
90,7,Yoann TouzgharY. TouzgharCentre-Forward,Yoann Touzghar,"Nov 28, 1986 (35)",,€600Th.
91,,Yoann TouzgharY. Touzghar,,,,
92,,Centre-Forward,,,,
0,40.0,Etienne GreenE. GreenGoalkeeper,Etienne Green,"Jul 19, 2000 (21)",,€7.00m
1,,Etienne GreenE. Green,,,,
2,,Goalkeeper,,,,
3,50.0,Paul BernardoniP. BernardoniGoalkeeper,Paul Bernardoni,"Apr 18, 1997 (25)",,€7.00m
4,,Paul BernardoniP. Bernardoni,,,,
5,,Goalkeeper,,,,
6,16.0,Boubacar FallB. FallGoalkeeper,Boubacar Fall,"Feb 3, 2001 (21)",,€300Th.
7,,Boubacar FallB. Fall,,,,
8,,Goalkeeper,,,,
9,2.0,Harold MoukoudiH. MoukoudiCentre-Back,Harold Moukoudi,"Nov 27, 1997 (24)",,€4.00m
10,,Harold MoukoudiH. Moukoudi,,,,
11,,Centre-Back,,,,
12,4.0,Saïdou SowS. SowCentre-Back,Saïdou Sow,"Jul 4, 2002 (19)",,€4.00m
13,,Saïdou SowS. Sow,,,,
14,,Centre-Back,,,,
15,3.0,Mickaël NadeM. NadeCentre-Back,Mickaël Nade,"Mar 4, 1999 (23)",,€2.50m
16,,Mickaël NadeM. Nade,,,,
17,,Centre-Back,,,,
18,5.0,Timothée KolodziejczakT. KolodziejczakCentre-Back,Timothée Kolodziejczak,"Oct 1, 1991 (30)",,€2.50m
19,,Timothée KolodziejczakT. Kolodziejczak,,,,
20,,Centre-Back,,,,
21,22.0,Eliaquim MangalaE. MangalaCentre-Back,Eliaquim Mangala,"Feb 13, 1991 (31)",,€1.80m
22,,Eliaquim MangalaE. Mangala,,,,
23,,Centre-Back,,,,
24,13.0,Miguel TraucoM. TraucoLeft-Back,Miguel Trauco,"Aug 25, 1992 (29)",,€1.80m
25,,Miguel TraucoM. Trauco,,,,
26,,Left-Back,,,,
27,11.0,Gabriel SilvaGabriel SilvaLeft-Back,Gabriel Silva,"May 13, 1991 (31)",,€1.20m
28,,Gabriel SilvaGabriel Silva,,,,
29,,Left-Back,,,,
30,27.0,Yvann MaçonY. MaçonRight-Back,Yvann Maçon,"Oct 1, 1998 (23)",,€4.50m
31,,Yvann MaçonY. Maçon,,,,
32,,Right-Back,,,,
33,14.0,Falaye SackoF. SackoRight-Back,Falaye Sacko,"May 1, 1995 (27)",,€4.00m
34,,Falaye SackoF. Sacko,,,,
35,,Right-Back,,,,
36,6.0,Lucas Gourna-DouathL. Gourna-DouathDefensive Midfield,Lucas Gourna-Douath,"Aug 5, 2003 (18)",,€10.00m
37,,Lucas Gourna-DouathL. Gourna-Douath,,,,
38,,Defensive Midfield,,,,
39,19.0,Yvan NeyouY. NeyouDefensive Midfield,Yvan Neyou,"Jan 3, 1997 (25)",,€3.00m
40,,Yvan NeyouY. Neyou,,,,
41,,Defensive Midfield,,,,
42,25.0,Assane DiousséA. DiousséDefensive Midfield,Assane Dioussé,"Sep 20, 1997 (24)",,€1.00m
43,,Assane DiousséA. Dioussé,,,,
44,,Defensive Midfield,,,,
45,8.0,Mahdi CamaraM. CamaraCentral Midfield,Mahdi Camara,"Jun 30, 1998 (23)",,€6.00m
46,,Mahdi CamaraM. Camara,,,,
47,,Central Midfield,,,,
48,28.0,Zaydou YoussoufZ. YoussoufCentral Midfield,Zaydou Youssouf,"Jul 11, 1999 (22)",,€4.00m
49,,Zaydou YoussoufZ. Youssouf,,,,
50,,Central Midfield,,,,
51,29.0,Aimen MoueffekA. MoueffekCentral Midfield,Aimen Moueffek,"Apr 9, 2001 (21)",,€1.50m
52,,Aimen MoueffekA. Moueffek,,,,
53,,Central Midfield,,,,
54,17.0,Adil AouchicheA. AouchicheAttacking Midfield,Adil Aouchiche,"Jul 15, 2002 (19)",,€6.00m
55,,Adil AouchicheA. Aouchiche,,,,
56,,Attacking Midfield,,,,
57,7.0,Ryad BoudebouzR. BoudebouzAttacking Midfield,Ryad Boudebouz,"Feb 19, 1990 (32)",,€2.00m
58,,Ryad BoudebouzR. Boudebouz,,,,
59,,Attacking Midfield,,,,
60,15.0,Bilal BenkhedimB. BenkhedimAttacking Midfield,Bilal Benkhedim,"Apr 20, 2001 (21)",,€400Th.
61,,Bilal BenkhedimB. Benkhedim,,,,
62,,Attacking Midfield,,,,
63,20.0,Denis BouangaD. BouangaLeft Winger,Denis Bouanga,"Nov 11, 1994 (27)",,€8.00m
64,,Denis BouangaD. Bouanga,,,,
65,,Left Winger,,,,
66,18.0,Arnaud NordinA. NordinLeft Winger,Arnaud Nordin,"Jun 17, 1998 (23)",,€4.00m
67,,Arnaud NordinA. Nordin,,,,
68,,Left Winger,,,,
69,26.0,Bakary SakoB. SakoLeft Winger,Bakary Sako,"Apr 26, 1988 (34)",,€400Th.
70,,Bakary SakoB. Sako,,,,
71,,Left Winger,,,,
72,9.0,Sada ThioubS. ThioubRight Winger,Sada Thioub,"Jun 1, 1995 (27)",,€2.00m
73,,Sada ThioubS. Thioub,,,,
74,,Right Winger,,,,
75,30.0,Maxence RiveraM. RiveraRight Winger,Maxence Rivera,"May 30, 2002 (20)",,€600Th.
76,,Maxence RiveraM. Rivera,,,,
77,,Right Winger,,,,
78,10.0,Wahbi KhazriW. Khazri Centre-Forward,Wahbi Khazri,"Feb 8, 1991 (31)",,€4.00m
79,,Wahbi KhazriW. Khazri,,,,
80,,Centre-Forward,,,,
81,31.0,Enzo CrivelliE. CrivelliCentre-Forward,Enzo Crivelli,"Feb 6, 1995 (27)",,€1.80m
82,,Enzo CrivelliE. Crivelli,,,,
83,,Centre-Forward,,,,
84,21.0,Romain HamoumaR. HamoumaCentre-Forward,Romain Hamouma,"Mar 29, 1987 (35)",,€1.00m
85,,Romain HamoumaR. Hamouma,,,,
86,,Centre-Forward,,,,
0,40.0,Ouparine DjocoO. DjocoGoalkeeper,Ouparine Djoco,"Apr 22, 1998 (24)",,€1.80m
1,,Ouparine DjocoO. Djoco,,,,
2,,Goalkeeper,,,,
3,1.0,Arthur DesmasA. DesmasGoalkeeper,Arthur Desmas,"Apr 7, 1994 (28)",,€1.20m
4,,Arthur DesmasA. Desmas,,,,
5,,Goalkeeper,,,,
6,16.0,Lucas MargueronL. MargueronGoalkeeper,Lucas Margueron,"Feb 12, 2001 (21)",,€150Th.
7,,Lucas MargueronL. Margueron,,,,
8,,Goalkeeper,,,,
9,4.0,Cédric HountondjiC. HountondjiCentre-Back,Cédric Hountondji,"Jan 19, 1994 (28)",,€3.00m
10,,Cédric HountondjiC. Hountondji,,,,
11,,Centre-Back,,,,
12,36.0,Alidu SeiduA. SeiduCentre-Back,Alidu Seidu,"Jun 4, 2000 (22)",,€2.00m
13,,Alidu SeiduA. Seidu,,,,
14,,Centre-Back,,,,
15,5.0,Jean-Claude BillongJ. BillongCentre-Back,Jean-Claude Billong,"Dec 28, 1993 (28)",,€1.00m
16,,Jean-Claude BillongJ. Billong,,,,
17,,Centre-Back,,,,
18,21.0,Florent OgierF. Ogier Centre-Back,Florent Ogier,"Mar 21, 1989 (33)",,€700Th.
19,,Florent OgierF. Ogier,,,,
20,,Centre-Back,,,,
21,17.0,Josué AlbertJ. AlbertCentre-Back,Josué Albert,"Jan 21, 1992 (30)",,€300Th.
22,,Josué AlbertJ. Albert,,,,
23,,Centre-Back,,,,
24,12.0,Vital NsimbaV. NsimbaLeft-Back,Vital Nsimba,"Jul 8, 1993 (28)",,€2.50m
25,,Vital NsimbaV. Nsimba,,,,
26,,Left-Back,,,,
27,15.0,Arial MendyA. MendyLeft-Back,Arial Mendy,"Nov 7, 1994 (27)",,€700Th.
28,,Arial MendyA. Mendy,,,,
29,,Left-Back,,,,
30,20.0,Akim ZedadkaA. ZedadkaRight-Back,Akim Zedadka,"May 30, 1995 (27)",,€4.00m
31,,Akim ZedadkaA. Zedadka,,,,
32,,Right-Back,,,,
33,23.0,Jérôme PhojoJ. PhojoRight-Back,Jérôme Phojo,"Apr 15, 1993 (29)",,€300Th.
34,,Jérôme PhojoJ. Phojo,,,,
35,,Right-Back,,,,
36,19.0,Salis Abdul SamedS. Abdul SamedDefensive Midfield,Salis Abdul Samed,"Mar 26, 2000 (22)",,€3.00m
37,,Salis Abdul SamedS. Abdul Samed,,,,
38,,Defensive Midfield,,,,
39,7.0,Yohann MagninY. MagninDefensive Midfield,Yohann Magnin,"Jun 21, 1997 (24)",,€2.00m
40,,Yohann MagninY. Magnin,,,,
41,,Defensive Midfield,,,,
42,22.0,Oriol BusquetsO. BusquetsDefensive Midfield,Oriol Busquets,"Jan 20, 1999 (23)",,€1.20m
43,,Oriol BusquetsO. Busquets,,,,
44,,Defensive Midfield,,,,
45,25.0,Johan GastienJ. GastienDefensive Midfield,Johan Gastien,"Jan 25, 1988 (34)",,€800Th.
46,,Johan GastienJ. Gastien,,,,
47,,Defensive Midfield,,,,
48,2.0,Fred GnalegaF. GnalegaDefensive Midfield,Fred Gnalega,"Oct 8, 2001 (20)",,€150Th.
49,,Fred GnalegaF. Gnalega,,,,
50,,Defensive Midfield,,,,
51,6.0,Saîf-Eddine KhaouiS. KhaouiAttacking Midfield,Saîf-Eddine Khaoui,"Apr 27, 1995 (27)",,€1.50m
52,,Saîf-Eddine KhaouiS. Khaoui,,,,
53,,Attacking Midfield,,,,
54,8.0,Jason BerthomierJ. BerthomierAttacking Midfield,Jason Berthomier,"Jan 6, 1990 (32)",,€1.20m
55,,Jason BerthomierJ. Berthomier,,,,
56,,Attacking Midfield,,,,
57,29.0,Naël JabyN. JabyAttacking Midfield,Naël Jaby,"Apr 20, 2001 (21)",,€250Th.
58,,Naël JabyN. Jaby,,,,
59,,Attacking Midfield,,,,
60,10.0,Lucas Da CunhaL. Da CunhaLeft Winger,Lucas Da Cunha,"Jun 9, 2001 (20)",,€4.00m
61,,Lucas Da CunhaL. Da Cunha,,,,
62,,Left Winger,,,,
63,18.0,Elbasan RashaniE. RashaniLeft Winger,Elbasan Rashani,"May 9, 1993 (29)",,€2.50m
64,,Elbasan RashaniE. Rashani,,,,
65,,Left Winger,,,,
66,11.0,Jim AllevinahJ. AllevinahLeft Winger,Jim Allevinah,"Feb 27, 1995 (27)",,€2.00m
67,,Jim AllevinahJ. Allevinah,,,,
68,,Left Winger,,,,
69,24.0,Jodel DossouJ. DossouRight Winger,Jodel Dossou,"Mar 17, 1992 (30)",,€1.80m
70,,Jodel DossouJ. Dossou,,,,
71,,Right Winger,,,,
72,27.0,Mohamed BayoM. BayoCentre-Forward,Mohamed Bayo,"Jun 4, 1998 (24)",,€12.00m
73,,Mohamed BayoM. Bayo,,,,
74,,Centre-Forward,,,,
75,9.0,Grejohn KyeiG. KyeiCentre-Forward,Grejohn Kyei,"Aug 12, 1995 (26)",,€1.20m
76,,Grejohn KyeiG. Kyei,,,,
77,,Centre-Forward,,,,
78,26.0,Pierre-Yves HamelP. HamelCentre-Forward,Pierre-Yves Hamel,"Feb 3, 1994 (28)",,€1.20m
79,,Pierre-Yves HamelP. Hamel,,,,
80,,Centre-Forward,,,,
0,1.0,Benoît CostilB. CostilGoalkeeper,Benoît Costil,"Jul 3, 1987 (34)",,€1.50m
1,,Benoît CostilB. Costil,,,,
2,,Goalkeeper,,,,
3,16.0,Gaëtan PoussinG. PoussinGoalkeeper,Gaëtan Poussin,"Jan 13, 1999 (23)",,€1.00m
4,,Gaëtan PoussinG. Poussin,,,,
5,,Goalkeeper,,,,
6,30.0,Davy RouyardD. RouyardGoalkeeper,Davy Rouyard,"Aug 17, 1999 (22)",,€150Th.
7,,Davy RouyardD. Rouyard,,,,
8,,Goalkeeper,,,,
9,40.0,Tidiane MalbecT. MalbecGoalkeeper,Tidiane Malbec,"Nov 3, 2001 (20)",,€150Th.
10,,Tidiane MalbecT. Malbec,,,,
11,,Goalkeeper,,,,
12,5.0,Anel AhmedhodzicA. AhmedhodzicCentre-Back,Anel Ahmedhodzic,"Mar 26, 1999 (23)",,€6.00m
13,,Anel AhmedhodzicA. Ahmedhodzic,,,,
14,,Centre-Back,,,,
15,2.0,Stian GregersenS. GregersenCentre-Back,Stian Gregersen,"May 17, 1995 (27)",,€1.50m
16,,Stian GregersenS. Gregersen,,,,
17,,Centre-Back,,,,
18,4.0,MexerMexerCentre-Back,Mexer,"Sep 8, 1988 (33)",,€1.00m
19,,MexerMexer,,,,
20,,Centre-Back,,,,
21,15.0,MarceloMarceloCentre-Back,Marcelo,"May 20, 1987 (35)",,€1.00m
22,,MarceloMarcelo,,,,
23,,Centre-Back,,,,
24,24.0,Paul BaysseP. BaysseCentre-Back,Paul Baysse,"May 18, 1988 (34)",,€800Th.
25,,Paul BaysseP. Baysse,,,,
26,,Centre-Back,,,,
27,3.0,Abdel MedioubA. MedioubCentre-Back,Abdel Medioub,"Aug 28, 1997 (24)",,€600Th.
28,,Abdel MedioubA. Medioub,,,,
29,,Centre-Back,,,,
30,14.0,Gideon MensahG. MensahLeft-Back,Gideon Mensah,"Jul 18, 1998 (23)",,€2.50m
31,,Gideon MensahG. Mensah,,,,
32,,Left-Back,,,,
33,12.0,Ricardo MangasR. MangasLeft-Back,Ricardo Mangas,"Mar 19, 1998 (24)",,€1.50m
34,,Ricardo MangasR. Mangas,,,,
35,,Left-Back,,,,
36,22.0,Timothée PembéléT. Pembélé Right-Back,Timothée Pembélé,"Sep 9, 2002 (19)",,€6.00m
37,,Timothée PembéléT. Pembélé,,,,
38,,Right-Back,,,,
39,25.0,Enock KwatengE. KwatengRight-Back,Enock Kwateng,"Apr 9, 1997 (25)",,€3.00m
40,,Enock KwatengE. Kwateng,,,,
41,,Right-Back,,,,
42,8.0,Jean OnanaJ. OnanaDefensive Midfield,Jean Onana,"Jan 8, 2000 (22)",,€5.00m
43,,Jean OnanaJ. Onana,,,,
44,,Defensive Midfield,,,,
45,23.0,Josuha GuilavoguiJ. Guilavogui Defensive Midfield,Josuha Guilavogui,"Sep 19, 1990 (31)",,€3.50m
46,,Josuha GuilavoguiJ. Guilavogui,,,,
47,,Defensive Midfield,,,,
48,13.0,FransérgioFransérgioCentral Midfield,Fransérgio,"Oct 18, 1990 (31)",,€2.50m
49,,FransérgioFransérgio,,,,
50,,Central Midfield,,,,
51,6.0,Danylo IgnatenkoD. IgnatenkoCentral Midfield,Danylo Ignatenko,"Mar 13, 1997 (25)",,€1.50m
52,,Danylo IgnatenkoD. Ignatenko,,,,
53,,Central Midfield,,,,
54,27.0,Tom LacouxT. LacouxCentral Midfield,Tom Lacoux,"Jan 25, 2002 (20)",,€800Th.
55,,Tom LacouxT. Lacoux,,,,
56,,Central Midfield,,,,
57,20.0,Issouf SissokhoI. SissokhoCentral Midfield,Issouf Sissokho,"Jan 30, 2002 (20)",,€500Th.
58,,Issouf SissokhoI. Sissokho,,,,
59,,Central Midfield,,,,
60,19.0,Yacine AdliY. AdliAttacking Midfield,Yacine Adli,"Jul 29, 2000 (21)",,€9.00m
61,,Yacine AdliY. Adli,,,,
62,,Attacking Midfield,,,,
63,21.0,Javairô DilrosunJ. DilrosunLeft Winger,Javairô Dilrosun,"Jun 22, 1998 (23)",,€6.00m
64,,Javairô DilrosunJ. Dilrosun,,,,
65,,Left Winger,,,,
66,32.0,Dilane BakwaD. BakwaLeft Winger,Dilane Bakwa,"Aug 26, 2002 (19)",,€400Th.
67,,Dilane BakwaD. Bakwa,,,,
68,,Left Winger,,,,
69,29.0,Alberth ElisA. ElisRight Winger,Alberth Elis,"Feb 12, 1996 (26)",,€6.50m
70,,Alberth ElisA. Elis,,,,
71,,Right Winger,,,,
72,28.0,Rémi OudinR. OudinRight Winger,Rémi Oudin,"Nov 18, 1996 (25)",,€5.00m
73,,Rémi OudinR. Oudin,,,,
74,,Right Winger,,,,
75,17.0,Mehdi ZerkaneM. ZerkaneRight Winger,Mehdi Zerkane,"Jul 15, 1999 (22)",,€1.50m
76,,Mehdi ZerkaneM. Zerkane,,,,
77,,Right Winger,,,,
78,31.0,Amadou TraoréA. TraoréRight Winger,Amadou Traoré,"Mar 7, 2002 (20)",,€400Th.
79,,Amadou TraoréA. Traoré,,,,
80,,Right Winger,,,,
81,18.0,Ui-jo HwangU. Hwang Centre-Forward,Ui-jo Hwang,"Aug 28, 1992 (29)",,€7.00m
82,,Ui-jo HwangU. Hwang,,,,
83,,Centre-Forward,,,,
84,10.0,M'Baye NiangM. NiangCentre-Forward,M'Baye Niang,"Dec 19, 1994 (27)",,€4.00m
85,,M'Baye NiangM. Niang,,,,
86,,Centre-Forward,,,,
87,11.0,Sékou MaraS. MaraCentre-Forward,Sékou Mara,"Jul 30, 2002 (19)",,€3.00m
88,,Sékou MaraS. Mara,,,,
89,,Centre-Forward,,,,
90,7.0,Jimmy BriandJ. BriandCentre-Forward,Jimmy Briand,"Aug 2, 1985 (36)",,€600Th.
91,,Jimmy BriandJ. Briand,,,,
92,,Centre-Forward,,,,
