,Name,Age,position1,position2,position3,Apps,Mins,Tackles,Inter,Fouls,Offsides,Clear,Drb,Blocks,OwnG,Rating
0,Robert Lewandowski,33, FW,,,34,2952,0.3,0.2,0.6,0.1,0.2,0.4,0.1,-,7.89
1,Christopher Nkunku,24, M(CLR),FW,,31(3),2735,0.7,0.4,0.9,-,0.4,0.8,0.1,-,7.64
2,Joshua Kimmich,27, D(CR),DMC,M(R),28,2478,1.4,1.9,0.7,0.1,0.9,1.4,0.3,-,7.6
3,Stefanos Kapino,28, GK,,,1,90,-,-,-,-,-,-,-,-,7.58
4,Erling Håland,21, FW,,,21(3),1915,0.1,-,0.7,-,1.3,-,-,-,7.55
5,Patrik Schick,26, AM(R),FW,,26(1),2094,0.2,0.1,0.5,-,1,0.3,-,-,7.45
6,Florian Wirtz,19, AM(C),,,22(2),1864,1,0.5,0.6,-,0.1,0.8,-,-,7.41
7,Nico Schlotterbeck,22, D(C),,,32,2789,2.3,1.8,1,0.7,4.6,0.5,1,-,7.39
8,Thomas Müller,32, M(CLR),FW,,32,2578,1.1,0.5,0.3,-,0.4,1.2,-,1,7.34
9,Alphonso Davies,21, D(L),M(LR),,20(2),1744,1.5,1,0.7,0.2,0.9,0.8,-,-,7.31
10,Jonas Wind,23, AM(C),FW,,14,1187,0.7,0.4,1,-,0.9,0.2,0.2,-,7.31
11,Serge Gnabry,26, AM(CLR),FW,,25(9),2192,1.4,0.4,0.3,-,0.1,1,-,-,7.3
12,Marco Reus,33, M(CLR),FW,,29,2514,1.6,0.4,0.8,-,1.3,0.9,0.2,-,7.25
13,Jonas Hofmann,29, M(CLR),,,24(2),2082,1.2,0.5,0.9,-,0.3,1,-,-,7.2
14,Moussa Diaby,22, M(CLR),,,32,2773,0.6,0.3,1.2,-,0.1,1,-,-,7.2
15,Leroy Sané,26, M(CLR),FW,,22(10),1982,0.9,0.4,0.8,-,-,0.5,-,-,7.17
16,David Raum,24, D(L),M(LR),,31(1),2762,1.6,0.8,0.8,0.5,1.1,1.1,0.2,1,7.16
17,Kingsley Coman,25, M(LR),FW,,16(5),1369,0.7,0.4,0.4,-,0.1,0.5,-,-,7.13
18,Jude Bellingham,18, M(CLR),,,32,2795,1.6,1.3,1.2,-,0.9,1,0.1,-,7.12
19,Julian Brandt,26, M(CLR),FW,,22(9),2083,1.2,0.8,0.4,-,0.4,1.2,0.1,-,7.12
20,Tom Rothe,17, Defender,,,1(1),94,2,1,1.5,-,1.5,1.5,-,-,7.12
21,Filip Kostic Eintracht,29, M(LR),FW,,28(3),2525,1.4,0.5,0.5,0.1,0.6,1.1,-,-,7.11
22,Anthony Modeste,34, FW,,,31(1),2620,0.3,0.1,1.2,-,0.9,0.5,0.1,-,7.11
23,Diant Ramaj Eintracht,20, Goalkeeper,,,1,90,-,-,-,-,4,-,-,-,7.11
24,Vincenzo Grifo,29, AM(CL),,,33(1),2792,0.8,0.4,0.3,-,0.7,0.5,0.1,-,7.1
25,Nicolas Höfler,32, D(C),DMC,,30,2604,2.4,1.5,1.6,0.1,1.4,1.2,0.7,-,7.09
26,Leon Goretzka,27, M(CR),,,19,1407,1.3,0.9,0.8,0.1,1.2,0.8,0.1,-,7.08
27,Lucas Höler,27, AM(CLR),FW,,30(4),2598,1.2,0.5,1.1,-,1.1,0.4,0.1,-,7.08
28,Sasa Kalajdzic,24, FW,,,13(2),1221,0.7,0.1,0.7,-,0.9,0.5,-,-,7.08
29,Obite Evan Ndicka Eintracht,22, D(CL),,,32,2858,1.9,1.5,1.3,1,4.1,0.5,0.6,1,7.06
30,Danilo Soares,30, D(L),M(L),,30,2568,3.6,2.1,1.1,0.2,2.1,0.9,0.3,-,7.06
31,Timo Hübers,25, D(C),,,20,1742,2.3,2.6,1.3,0.5,4.6,0.9,1,1,7.06
32,Willi Orban,29, D(C),,,30,2646,1.1,1.5,0.4,0.9,4,0.4,0.8,-,7.06
33,Konstantinos Mavropanos,24, D(C),,,31,2711,1.8,2.2,0.7,0.2,5.4,0.7,0.7,-,7.05
34,Josko Gvardiol,20, D(CL),,,28(1),2413,1.6,1.8,1.4,0.6,1.9,0.6,0.4,1,7.04
35,Max Kruse,34, M(CLR),FW,,16,1283,0.3,0.2,0.3,-,0.1,0.9,-,-,7.03
36,Jeremiah St. Juste,25, D(CR),DMC,,7(1),605,1.6,1.8,1.8,0.3,1.6,0.1,0.4,-,7.03
37,Borna Sosa,24, D(L),M(L),,28,2500,0.8,0.9,0.5,0.1,2,0.5,0.1,-,7.02
38,Lennart Grill,23, GK,,,1,90,-,-,-,-,-,-,-,-,7.01
39,Mark Uth,30, AM(CR),FW,,24(6),2041,1.1,0.5,1.1,-,0.4,1.1,-,-,7
40,Kouadio Koné,21, DMC,,,25(1),2107,2.3,1.3,1.4,-,0.5,0.7,0.2,-,6.99
41,Maximilian Arnold,28, M(CR),,,34,2996,1.1,1.1,1.4,0.1,1.6,0.9,0.4,-,6.99
42,Ellyes Skhiri,27, DMC,,,20(2),1820,2.5,1.7,0.8,-,1.4,0.9,0.3,-,6.98
43,Kerem Demirbay,28, M(C),,,23(6),2053,1.8,1.1,1.2,0.1,0.7,0.9,0.3,-,6.98
44,Dayot Upamecano,23, D(C),,,25(3),2210,2.4,1.1,1,0.6,2.4,0.4,0.4,-,6.98
45,Alexander Hack,28, D(C),,,24(4),2078,1.9,1.8,1,0.4,3.4,0.6,0.5,-,6.97
46,Jonas Hector,32, D(L),M(CL),,30,2556,2.5,1.7,0.9,0.1,2.1,1.5,0.3,-,6.97
47,Christopher Trimmel,35, D(CR),M(R),,23(2),1996,2,1.4,1.2,0.2,2.7,0.8,0.1,-,6.97
48,Benjamin Hübner,32, D(C),,,5,378,1.8,1.8,1.6,0.2,1.4,0.4,0.4,-,6.96
49,Anthony Losilla,36, D(C),DMC,,32,2847,2,2.2,1.4,0.1,1.6,1.1,0.3,-,6.96
50,Angeliño,25, D(L),M(L),,26(3),2299,1,1,0.5,0.2,1.1,0.6,0.1,-,6.95
51,Omar Marmoush,23, AM(L),FW,,19(2),1584,1.2,0.3,1.6,-,0.2,0.8,-,-,6.95
52,Jamal Musiala,19, M(CL),,,12(18),1458,1.3,0.6,0.6,-,-,0.7,-,-,6.94
53,Jonathan Tah,26, D(C),,,33,2882,0.8,1.3,0.6,0.5,4.7,0.5,0.6,-,6.94
54,Lucas Hernández,26, D(CL),,,25,2041,2,1.1,0.9,0.6,1.8,0.6,0.4,-,6.94
55,Max Kruse,34, M(CLR),FW,,14,1138,0.6,0.2,0.1,-,0.3,0.5,-,-,6.94
56,Anton Stach,23, DMC,,,20(9),1864,1,1.8,1.2,-,0.8,0.8,0.2,-,6.93
57,Marcel Halstenberg,30, D(CL),M(L),,5(3),506,1.3,0.9,0.5,0.1,1.1,0.6,-,-,6.93
58,Wataru Endo,29, DMC,,,33,2902,2.2,0.9,0.9,-,1.8,1.2,0.4,-,6.93
59,Patrick Wimmer,21, AM(R),,,27(4),2067,1.7,0.9,1.6,-,0.3,1.3,-,-,6.92
60,Alassane Plea,29, AM(CLR),FW,,23(9),1983,0.6,0.1,0.6,-,0.3,0.4,-,-,6.91
61,Breel Embolo,25, AM(CR),FW,,23(5),2076,0.6,0.2,1.4,-,0.3,0.2,0.1,-,6.91
62,Donyell Malen,23, AM(L),FW,,20(7),1696,0.5,0.4,0.4,-,0.3,0.2,-,-,6.9
63,Andrej Kramaric,30, AM(CLR),FW,,30(2),2710,0.3,0.3,0.3,-,0.2,0.3,-,-,6.89
64,Thomas Meunier,30, D(R),M(R),,17,1406,1.7,0.7,1.6,0.4,1.4,1,0.1,-,6.88
65,Mohamed Simakan,22, D(CR),,,23(5),2013,1.7,1.4,0.9,0.3,1.6,0.5,0.4,-,6.88
66,Jeremie Frimpong,21, D(R),M(R),,25,2062,1.3,0.7,0.7,0.2,1.3,0.4,0.2,1,6.88
67,Maximilian Mittelstädt,25, D(L),M(CL),,16(8),1494,2.2,1.9,0.8,-,1.4,1,0.2,-,6.88
68,Mats Hummels,33, D(C),,,20(3),1768,1.5,1.4,0.7,0.3,2.8,0.7,0.6,-,6.88
69,Florian Kainz,29, AM(CLR),,,31(1),2347,1.3,1,1.1,-,0.6,0.9,0.1,-,6.88
70,Florian Grillitsch,26, D(C),M(CL),,16(2),1495,2.1,1.6,0.7,1,2,0.8,0.4,-,6.87
71,Benjamin Pavard,26, D(CLR),M(R),,24(1),2080,1.4,1.4,0.7,0.6,2,0.4,0.6,-,6.87
72,Philipp Lienhart,25, D(C),,,32,2871,0.8,1.6,0.5,0.6,4.9,0.3,0.7,-,6.87
73,Emre Can,28, D(CLR),DMC,,19(5),1691,1.5,1.5,1.3,0.4,1.6,0.6,0.4,-,6.86
74,Reece Oxford,23, D(C),DMC,,30,2694,0.9,2.4,0.9,0.4,5.6,0.5,1.1,-,6.86
75,Ramy Bensebaïni,27, D(CL),DMC,M(L),21(1),1930,1.9,1.8,1.5,0.4,3.2,0.8,0.3,-,6.86
76,Mahmoud Dahoud,26, M(C),,,20(2),1665,1.9,0.8,1,-,0.7,1.2,0.1,-,6.85
77,Karim Onisiwo,30, AM(LR),FW,,28(3),2376,0.6,0.2,1.4,-,0.3,0.5,0.1,-,6.84
78,Edmond Tapsoba,23, D(C),,,19(3),1813,1.6,1.3,0.9,0.5,3.1,0.5,0.7,-,6.84
79,Taiwo Awoniyi,24, FW,,,29(2),2200,0.4,0.1,0.8,-,0.9,0.3,0.1,1,6.84
80,Aarón Martín,25, D(L),M(L),,25(3),2296,1.9,0.7,1.1,0.1,1.2,1.1,0.1,-,6.84
81,Maxence Lacroix,22, D(C),,,29,2497,2,2.1,1.2,0.4,4.8,0.4,0.6,1,6.83
82,Paul Jaeckel,23, D(C),DMC,,22(2),2045,2.1,2.4,1.2,0.3,3.3,0.9,0.4,-,6.83
83,Chris Führich,24, M(CLR),FW,,21(4),1725,1.1,0.3,0.4,-,0.3,0.8,0.1,-,6.83
84,Jamie Bynoe-Gittens,17, Midfielder,,,1(3),133,0.8,0.3,0.5,-,0.3,0.8,0.3,-,6.83
85,Jonathan Burkardt,21, AM(CR),FW,,32(2),2632,0.5,0.2,0.7,-,0.5,0.6,0.1,-,6.82
86,Josip Brekalo,23, AM(CLR),FW,,0(1),20,-,-,-,-,-,-,-,-,6.82
87,Dominik Szoboszlai,21, AM(CL),,,15(16),1538,0.5,0.3,0.5,-,0.5,0.6,0.1,-,6.82
88,Tony Jantschke,32, D(CR),DMC,,3,227,2,1.7,-,0.3,2.7,1,0.7,-,6.82
89,Amadou Haïdara,24, M(CLR),,,15(5),1327,1.5,0.8,1,0.1,0.3,1,0.3,-,6.82
90,Raphaël Guerreiro,28, D(L),M(CL),,21(2),1803,1.5,1.1,0.5,0.3,0.6,0.7,0.1,-,6.82
91,Ridle Baku,24, D(R),M(CR),,28(6),2450,1.8,0.6,0.8,0.1,1.3,1.2,-,-,6.81
92,Niklas Süle,26, D(CR),,,19(9),1835,1,1,0.4,0.6,1.7,0.2,0.4,-,6.81
93,Daniel Caligiuri,34, D(R),M(CLR),FW,24(4),2014,1.6,0.6,1.1,0.1,1.1,1.6,0.2,-,6.81
94,Manuel Riemann,33, GK,,,30,2700,-,-,-,-,0.7,0.1,-,-,6.81
95,Lukas Kübler,29, D(R),M(R),,27(2),2338,2.1,1.5,0.8,-,2.3,0.7,0.3,-,6.8
96,Sheraldo Becker,27, AM(CLR),FW,,22(6),1770,0.3,0.1,0.9,-,0.1,0.4,-,-,6.8
97,Lukás Hrádecky,32, GK,,,32,2880,-,-,-,-,0.7,-,-,-,6.8
98,Denis Zakaria,25, D(C),DMC,,15(1),1395,1.4,1.2,1.2,0.3,1.3,1.4,0.3,-,6.8
99,Silvan Widmer,29, D(R),M(R),,33,2925,1.8,1.3,1.1,0.1,1.6,0.8,0.5,-,6.79
100,Amos Pieper,24, D(C),,,27,2382,2.1,1.9,0.4,0.7,4.9,0.7,0.9,-,6.79
101,Rafael Borré Eintracht,26, FW,,,28(3),2391,1,0.2,1.3,-,0.3,0.8,0.1,-,6.79
102,Salih Özcan,24, M(C),,,26(5),2310,1.4,1.6,1.2,-,1.1,0.9,0.2,-,6.79
103,Michael Gregoritsch,28, AM(CR),FW,,15(10),1394,0.8,0.2,0.7,-,1.2,0.5,0.1,-,6.78
104,Marvin Schwäbe,27, GK,,,21,1890,-,-,-,-,0.8,-,-,-,6.78
105,Robert Andrich,27, M(C),,,21(5),1821,1.3,1.2,1.5,-,1.7,0.5,0.3,-,6.78
106,Karim Bellarabi,32, M(CLR),FW,,9(7),687,0.6,0.6,1.3,-,0.3,0.6,-,-,6.78
107,Christian Günter,29, D(L),M(L),,34,3060,1,0.5,1.1,0.1,1.4,0.9,0.2,-,6.78
108,Florian Neuhaus,25, M(C),,,23(5),2038,2,1.1,0.6,-,0.6,1.3,0.2,-,6.78
109,Guilherme Ramos,24, D(C),,,9(4),903,1.9,2.1,1.2,0.6,3.8,0.5,0.6,-,6.77
110,Cédric Brunner,28, D(CR),,,26(1),2188,1.9,1.6,1.3,0.2,2.9,0.9,0.4,-,6.77
111,Matthias Ginter,28, D(CR),DMC,,26(1),2268,1.3,1.2,0.3,0.7,2.7,0.5,0.4,-,6.77
112,Wout Weghorst,29, FW,,,17(1),1552,0.7,0.1,0.9,-,0.6,0.6,0.2,-,6.76
113,Jesper Lindstrøm Eintracht,22, AM(C),FW,,26(3),1996,1,0.8,0.8,-,0.2,0.8,-,-,6.76
114,Ansgar Knauff Eintracht,20, M(R),,,8(4),760,1.5,0.7,0.9,0.2,0.5,0.6,0.1,-,6.76
115,Iago,25, D(L),M(L),,26(2),2179,1.8,1,0.6,0.1,1.9,0.7,0.2,1,6.75
116,Robin Knoche,30, D(C),,,33,2970,1.5,1.5,0.8,0.2,4.4,0.7,0.8,-,6.75
117,Marvin Plattenhardt,30, D(L),M(L),,19(2),1638,1.2,0.8,0.7,0.4,2,0.6,0.1,-,6.75
118,Nordi Mukiele,24, D(CR),M(R),,21(7),1846,1.3,1.1,0.7,0.4,1.5,0.5,0.2,-,6.75
119,Tuta Eintracht,22, D(C),,,26,2189,1.8,1.6,1.4,0.5,2.5,0.8,0.6,-,6.75
120,Grischa Prömel,27, M(C),,,28(1),2428,1.2,0.8,1.3,-,0.7,1,0.1,-,6.75
121,Yann Sommer,33, GK,,,32,2880,-,0.1,-,-,0.6,0.1,-,-,6.75
122,André Silva,26, FW,,,24(9),2081,0.4,0.1,0.6,-,0.4,0.3,0.1,-,6.74
123,Niklas Dorsch,24, DMC,,,27(3),2328,2.5,1.2,1.8,-,1.1,1,0.4,-,6.74
124,Manuel Neuer,36, GK,,,28,2511,0.1,-,-,-,0.5,-,-,-,6.74
125,Stefan Bell,30, D(CR),,,33,2869,1.6,1.2,1.6,0.6,3.4,1,0.5,1,6.74
126,Thorgan Hazard,29, M(CLR),FW,,14(9),1337,1,0.3,1,-,0.1,1.1,-,-,6.73
127,Atakan Karazor,25, D(C),DMC,,23(1),1906,2,1.4,1.6,-,2,0.8,0.6,-,6.73
128,Josuha Guilavogui,31, D(C),M(C),,10(5),943,1.5,1.7,1.3,-,2.7,0.7,0.4,-,6.73
129,Joakim Nilsson,28, D(C),,,31,2739,1.2,1.8,1,0.9,4.4,0.2,0.7,-,6.73
130,John Brooks,29, D(C),,,29(2),2619,1.5,1.3,0.3,0.3,3.9,0.8,0.6,-,6.73
131,Stefan Ortega Moreno,29, GK,,,33,2970,-,-,-,-,0.3,-,-,-,6.73
132,Jordan Torunarigha,24, D(CL),,,6(1),484,0.6,2.4,0.6,2.1,4.3,0.1,0.3,-,6.72
133,Giovanni Reyna,19, AM(CLR),,,6(4),442,0.7,0.1,0.7,-,0.3,0.6,-,-,6.72
134,Cristian Gamboa,32, D(R),,,20(3),1725,2.6,1.4,0.9,0.1,1.3,1.3,0.3,-,6.72
135,Moussa Niakhaté,26, D(CL),,,29(1),2567,1.3,1.7,1,0.2,2.2,0.4,0.4,-,6.72
136,Corentin Tolisso,27, D(R),M(CR),,8(7),705,0.7,0.6,0.9,-,0.7,0.7,0.1,-,6.72
137,Dani Olmo,24, AM(CLR),FW,,7(12),740,0.7,0.2,0.2,-,0.1,0.7,0.1,-,6.71
138,Mark Flekken,28, GK,,,32,2880,-,0.1,-,-,0.6,0.1,-,-,6.71
139,Manuel Akanji,26, D(CR),,,25(1),2263,1.3,1.3,0.7,0.6,2.1,0.4,0.6,1,6.71
140,Xaver Schlager,24, M(C),,,13(1),1047,3.1,0.6,1.6,0.1,1,2.1,0.1,-,6.71
141,Paulinho,21, AM(CLR),,,14(10),1219,0.9,0.3,0.4,-,0.2,0.6,-,-,6.71
142,Louis Jordan Beyer,22, D(CR),,,14(2),1294,2.9,0.8,1,0.3,2.9,1,0.3,-,6.71
143,Timo Baumgartl,26, D(C),,,25,2169,2.4,1.5,1,0.3,2.2,0.6,0.4,2,6.71
144,Philipp Klement,29, M(C),,,3(3),338,1.2,0.2,0.3,-,-,-,0.2,-,6.7
145,Koen Casteels,29, GK,,,28,2520,-,-,-,-,0.7,-,-,-,6.7
146,Marvin Friedrich,26, D(C),,,13,1170,1.3,1.8,0.9,0.2,3.4,0.5,0.5,1,6.7
147,Suat Serdar,25, M(CLR),,,27(3),2230,2.1,0.7,1.2,-,0.4,1,0.1,-,6.7
148,Jeffrey Gouweleeuw,30, D(C),,,29,2578,1.7,1.7,1.1,0.4,4,0.5,0.6,-,6.7
149,Ihlas Bebou,28, M(CLR),FW,,25(3),2106,0.8,0.4,0.9,-,0.9,0.5,0.1,-,6.69
150,Lukas Klostermann,26, D(CLR),M(R),,17(6),1648,1.3,1.1,0.4,0.3,2.3,0.3,0.1,-,6.69
151,Piero Hincapié,20, D(CL),,,20(7),1752,1.2,1.2,0.9,0.3,2,0.2,0.6,-,6.69
152,Benjamin Henrichs,25, D(LR),DMC,M(LR),12(10),1138,1.4,0.9,0.6,0.1,0.6,0.5,-,-,6.69
153,Niko Gießelmann,30, D(CL),M(L),,25(3),2093,0.9,0.6,0.8,-,1,0.8,0.1,-,6.69
154,Diadié Samassékou,26, DMC,,,21(3),1665,1.7,1.2,1.3,0.1,1.1,1,0.5,-,6.68
155,Waldemar Anton,25, D(CR),DMC,,29,2597,1.4,1.1,1,0.4,3.9,0.4,0.6,-,6.68
156,Rani Khedira,28, D(C),DMC,,32,2765,2.3,1.6,1.7,-,0.8,1.1,0.3,-,6.68
157,Matheus Cunha,23, AM(CL),FW,,1,65,-,-,1,-,-,-,-,-,6.68
158,Gregor Kobel,24, GK,,,29,2566,-,-,-,-,1.1,0.1,-,-,6.68
159,Djibril Sow Eintracht,25, DMC,,,28(3),2422,1.8,1.6,1.4,-,0.6,1.2,0.3,-,6.67
160,Kevin Trapp Eintracht,31, GK,,,32,2880,-,-,-,-,0.7,-,-,-,6.67
161,Marc Oliver Kempf,27, D(C),,,10(2),841,1.1,1.3,1.1,0.1,2.1,0.6,1.2,-,6.67
162,Konrad Laimer,25, D(R),M(CR),,15(11),1246,1.5,0.2,1.4,-,0.3,1.1,0.1,-,6.67
163,Charles Aránguiz,33, M(C),,,16(10),1576,1.7,1.3,1,-,0.7,1.2,0.2,-,6.67
164,Santiago Ascacibar,25, DMC,,,27(1),2381,3.3,1.5,1.3,-,1.4,1.8,0.2,-,6.66
165,Chris Richards,22, D(C),,,13(6),1301,1.4,1.2,0.4,0.4,2.5,0.4,0.5,-,6.66
166,Lukas Nmecha,23, AM(CR),FW,,18(7),1633,0.5,0.2,1.2,-,0.4,0.6,-,-,6.66
167,Sebastian Polter,31, AM(R),FW,,26(6),2259,0.3,0.1,2.3,-,0.8,0.3,0.2,-,6.66
168,Georginio Rutter,20, FW,,,13(20),1604,0.5,0.2,1.1,-,0.3,0.3,-,-,6.66
169,Oliver Baumann,32, GK,,,33,2970,-,-,-,-,0.8,0.1,-,-,6.66
170,Gerrit Holtmann,27, D(L),M(LR),,22(6),1765,0.5,0.3,0.8,-,0.1,0.6,0.1,-,6.65
171,Lee Jae-Sung,29, AM(CL),FW,,19(8),1449,1.1,0.7,0.7,-,0.5,0.8,0.1,-,6.65
172,Mitchel Bakker,21, D(L),M(L),,19(6),1825,1.3,0.9,0.6,-,1.6,0.6,0.1,-,6.65
173,Lars Stindl,33, M(CLR),FW,,20(6),1637,0.9,0.4,1.2,-,0.5,0.9,0.1,-,6.64
174,Hiroki Ito,23, D(C),,,26(3),2348,1.5,1.8,0.7,0.2,3,0.6,0.7,1,6.64
175,Kevin Mbabu,27, D(R),M(R),,14(10),1389,1.3,1.5,1,0.1,1.3,0.5,0.3,-,6.64
176,Stevan Jovetic,32, AM(CL),FW,,13(5),1020,0.3,0.1,0.4,-,0.3,0.3,-,-,6.64
177,Robin Zentner,27, GK,,,32,2880,0.1,0.1,-,-,1.1,-,-,-,6.64
178,Max Christiansen,25, DMC,,,22(5),2056,1.7,2.5,0.7,-,2,0.9,0.6,-,6.63
179,Vasilios Lampropoulos,32, D(C),,,13,1169,1.4,1.3,0.5,0.4,4.1,1.1,0.8,1,6.63
180,Bastian Oczipka,33, D(CL),M(L),,9(9),929,1.3,0.7,0.6,0.1,0.9,0.2,0.1,-,6.63
181,Daichi Kamada Eintracht,25, AM(CLR),FW,,23(9),2146,1.3,0.3,0.7,-,0.3,0.9,-,-,6.63
182,Axel Witsel,33, D(C),M(C),,22(7),1946,1.4,0.9,0.9,0.1,1.2,0.4,0.3,-,6.62
183,Erhan Masovic,23, D(C),,,16(3),1461,1.8,1.7,0.7,0.4,3.3,0.6,1,1,6.62
184,Marc Oliver Kempf,27, D(C),,,12,1052,0.8,2.1,1.3,1,4,0.8,0.6,-,6.61
185,Christoph Baumgartner,22, AM(CLR),FW,,23(6),1899,1,0.3,1.3,-,0.5,0.7,0.1,-,6.61
186,André Hahn,31, AM(CLR),FW,,25(7),2112,1.1,0.5,1.8,-,1.3,1,0.2,-,6.61
187,Tiago Tomás,19, AM(CR),FW,,13(1),1080,0.6,0.3,0.4,-,0.1,0.4,-,-,6.61
188,Exequiel Palacios,23, M(C),,,12(11),1094,1.3,1.2,0.5,-,0.4,1,-,-,6.61
189,Maximilian Eggestein,25, M(CR),,,26(5),2205,1.5,1,1,-,1,0.9,0.4,-,6.6
190,Dennis Geiger,23, M(C),,,17(3),1385,1.7,0.7,2,-,0.3,0.7,0.1,-,6.6
191,Amine Adli,22, AM(CL),FW,,13(12),1256,1.1,0.4,1.1,-,0.3,0.3,0.1,-,6.6
192,Maxim Leitsch,24, D(C),,,17(2),1537,0.9,1.6,0.5,0.4,3.7,0.3,1,-,6.6
193,Frederik Rønnow,29, GK,,,7,630,-,-,-,-,0.7,-,-,-,6.6
194,Paulo Otávio,27, D(L),M(L),,5(2),365,2,0.6,0.4,-,0.7,1,0.9,-,6.6
195,Eduard Löwen,25, D(C),M(C),,14(11),1346,1.1,0.3,0.8,-,0.6,1.3,0.1,-,6.6
196,Simon Zoller,30, AM(LR),FW,,6(4),595,0.4,0.4,1.2,-,0.2,0.2,-,-,6.6
197,Leandro Barreiro,22, DMC,,,20(11),1790,2,1,1.3,-,0.7,0.7,0.2,-,6.6
198,Genki Haraguchi,31, M(CLR),,,23(7),1770,1.2,0.9,0.9,-,0.5,1.1,0.1,-,6.6
199,Martin Hinteregger Eintracht,29, D(C),,,25(2),2222,1.7,1.6,1,0.4,2.9,0.6,0.6,-,6.6
200,Josip Stanisic,22, D(R),,,6(7),646,1.6,0.8,0.3,0.2,0.7,0.5,-,-,6.59
201,Frederik Winther,21, Defender,,,3(1),327,1.8,2,0.3,1.3,4.8,0.3,0.3,-,6.59
202,Konstantinos Stafylidis,28, D(LR),DMC,M(L),14(9),1299,1.6,1.2,0.5,0.1,1.7,0.3,0.3,-,6.59
203,Sebastiaan Bornauw,23, D(C),,,23(4),2008,1.1,1.6,0.8,0.6,3.4,0.3,0.3,-,6.59
204,Dejan Ljubicic,24, M(CR),,,22(8),1975,1.1,0.5,1,-,0.3,1.2,-,-,6.59
205,Michaël Cuisance,22, AM(C),,,0(1),12,1,-,-,-,-,-,-,-,6.59
206,Niklas Stark,27, D(C),DMC,,22(4),2028,1.1,1.4,0.7,0.6,4.5,0.2,0.7,-,6.59
207,Emil Forsberg,30, AM(CLR),FW,,20(11),1709,0.7,0.1,0.4,-,0.1,0.5,-,-,6.58
208,Jessic Ngankam,21, FW,,,4(2),342,0.5,-,2,0.2,0.2,0.2,-,-,6.58
209,Yannick Gerhardt,28, D(L),M(CL),,17(10),1577,1.6,0.9,0.7,-,0.8,0.5,-,-,6.58
210,Kevin Kampl,31, M(CLR),,,25(2),1913,1.5,0.9,1.3,0.1,0.5,1.2,0.2,-,6.58
211,Pavel Kaderábek,30, D(R),M(LR),,14(5),1202,0.6,0.7,0.8,0.1,1.1,0.6,0.3,-,6.58
212,Kevin Schade,20, M(R),,,7(14),826,0.4,0.1,1,-,0.6,0.3,0.1,-,6.58
213,Benno Schmitz,27, D(CLR),,,29(2),2433,1.8,1.3,1,0.2,1.2,1.4,0.3,-,6.58
214,Dominik Kohr,28, DMC,,,19(3),1626,1.8,1.6,2.1,-,1,1.2,0.1,-,6.58
215,Péter Gulácsi,32, GK,,,33,2967,-,-,-,-,0.6,-,-,-,6.58
216,Fabian Bredlow,27, GK,,,4,360,-,-,-,-,0.3,-,-,-,6.58
217,Makoto Hasebe Eintracht,38, D(CR),M(CR),,12(6),1184,1.5,1.2,0.7,0.6,1.8,0.9,0.4,-,6.57
218,Arne Maier,23, DMC,,,21(8),1871,0.7,0.5,0.4,-,0.4,0.6,-,-,6.57
219,Branimir Hrgota,29, AM(LR),FW,,33(1),2789,1.4,0.3,1.6,-,0.1,1.5,-,-,6.57
220,Fabian Klos,34, FW,,,14(11),1423,0.3,-,1.2,-,1.2,0.3,0.2,-,6.57
221,Erik Durm Eintracht,30, D(LR),M(LR),,7,478,1.9,1.4,0.3,0.1,1,0.4,0.1,-,6.57
222,Stefan Posch,25, D(CR),,,26(2),2203,1.7,1,1.3,0.6,2.4,0.6,0.6,-,6.57
223,Armel Bella Kotchap,20, D(C),,,19(2),1679,1.6,1.9,1.1,0.5,4,0.5,0.8,2,6.56
224,Ishak Belfodil,30, AM(LR),FW,,17(9),1643,0.3,0.2,0.7,-,0.6,0.2,-,-,6.56
225,Timo Horn,29, GK,,,13,1170,-,-,-,-,0.9,0.1,-,-,6.56
226,Nico Elvedi,25, D(CLR),,,28,2432,1.4,1.2,0.8,1.1,2.9,0.5,0.8,-,6.55
227,Vladimír Darida,31, M(CLR),FW,,23(2),1799,1.3,0.8,0.9,-,0.6,0.8,0.1,-,6.55
228,Luca Kilian,22, D(C),,,25(5),2282,1.4,1.5,0.2,0.6,3.5,0.7,0.4,-,6.55
229,Marco Meyerhöfer,26, D(R),M(R),,25(1),2281,2,1.8,0.6,0.3,2.2,0.5,0.7,1,6.55
230,Odilon Kossounou,21, D(CR),,,20(7),1791,0.9,1,0.6,0.1,2.2,0.4,0.5,-,6.55
231,Yussuf Poulsen,27, AM(R),FW,,12(13),1078,0.5,0.1,0.9,-,0.4,0.4,-,-,6.55
232,Munas Dabbur,30, AM(C),FW,,17(10),1317,0.6,0.2,1.1,-,0.1,0.5,-,-,6.54
233,Hamadi Al Ghaddioui,31, FW,,,7(3),500,0.5,-,1.3,-,0.4,0.4,0.1,-,6.54
234,Andreas Linde,28, GK,,,12,1080,-,0.1,-,-,0.2,-,-,-,6.54
235,Rafal Gikiewicz,34, GK,,,34,3060,0.1,0.1,-,-,0.8,0.1,-,-,6.54
236,Jean-Paul Boëtius,28, AM(CL),FW,,19(14),1802,1.2,0.8,0.6,-,0.2,0.9,0.1,-,6.54
237,Rafael Czichos,32, D(C),,,16(1),1404,1.7,1.1,0.9,1.1,3,0.8,0.8,1,6.54
238,Marcus Thuram,24, AM(L),FW,,8(12),885,0.3,0.3,0.6,-,0.3,0.2,-,-,6.54
239,Alessandro Schöpf,28, M(CLR),,,27(4),2407,1.3,1,0.9,-,0.6,0.5,0.2,-,6.54
240,Omar Richards,24, D(L),M(L),,5(7),437,1.6,0.3,1.3,-,0.4,0.4,0.1,-,6.54
241,Orel Mangala,24, M(C),,,22(6),1863,0.6,0.4,0.9,-,0.6,0.4,0.1,-,6.53
242,Andrés Andrade,23, D(CL),,,12(5),1046,1.6,1.1,0.8,0.5,2.5,1.1,0.4,-,6.53
243,Roland Sallai,25, AM(CLR),FW,,18(13),1560,0.7,0.4,0.9,-,0.4,0.5,-,-,6.53
244,Timothy Tillman,23, AM(C),,,23(6),2018,1.5,0.4,1.3,-,0.8,0.8,0.1,-,6.53
245,Sardar Azmoun,27, FW,,,4(5),358,0.3,-,0.9,-,0.9,0.6,-,-,6.53
246,Masaya Okugawa,26, AM(CL),FW,,30(3),2545,1.4,0.6,0.7,-,0.4,0.8,-,-,6.52
247,Tanguy Nianzou,20, D(C),,,6(11),577,0.6,0.4,0.8,0.1,1,0.2,0.1,-,6.52
248,Dedryck Boyata,31, D(C),,,22(1),1900,0.7,0.7,0.5,0.5,5.8,0.1,0.6,-,6.52
249,Julian Ryerson,24, D(R),M(CR),,13(15),1421,1,0.6,0.4,-,1.1,0.3,0.1,-,6.52
250,Micky van de Ven,21, Defender,,,2(3),189,0.8,0.4,-,0.2,1.4,0.2,0.2,-,6.52
251,Kingsley Ehizibue,27, D(R),M(R),,6(10),675,2,0.6,0.9,0.1,1.4,0.6,0.3,-,6.52
252,Marc Roca,25, DMC,,,4(5),378,1,0.7,1.1,-,0.4,0.7,-,-,6.51
253,Milos Pantovic,25, AM(CLR),,,18(10),1539,0.7,0.6,0.9,-,0.3,0.7,0.1,-,6.51
254,Christopher Lenz Eintracht,27, D(L),M(L),,6(9),659,1.9,0.5,1,0.1,1.4,0.6,0.3,-,6.51
255,Dan-Axel Zagadou,23, D(CL),,,10(5),950,0.9,1,0.8,0.3,2.5,0.2,0.3,-,6.51
256,Aster Vranckx,19, M(C),,,12(12),1139,1.4,0.5,1.7,-,0.6,0.5,0.3,-,6.51
257,Jeong Woo-Yeong,22, AM(CR),FW,,23(9),1795,0.5,0.2,0.3,-,0.3,0.3,-,-,6.51
258,Jérôme Roussillon,29, D(L),M(L),,18(8),1779,0.5,0.5,0.4,0.1,1.2,0.2,0.2,-,6.5
259,Marco Richter,24, AM(CLR),FW,,19(11),1716,1,0.5,1,-,0.7,0.8,0.1,-,6.5
260,Nico Schulz,29, D(L),M(L),,9(7),834,1.3,0.7,0.8,0.1,0.4,0.8,0.1,-,6.5
261,Michael Esser,34, GK,,,3,270,-,-,-,-,1,0.3,-,-,6.49
262,Pavao Pervan,34, GK,,,6,540,-,-,-,-,1.2,-,-,-,6.49
263,Marvin Friedrich,26, D(C),,,7(1),600,1.8,0.6,0.5,0.5,3.3,0.3,0.4,-,6.49
264,Ondrej Duda,27, AM(C),FW,,20(11),1618,0.7,0.5,1.3,-,0.3,0.5,0.1,-,6.49
265,Eric Choupo-Moting,33, M(CLR),FW,,1(19),363,0.5,0.3,0.4,-,0.1,0.4,-,-,6.49
266,Pascal Stenzel,26, D(CR),M(R),,9(7),894,1.5,0.7,0.8,0.1,1.4,1,0.2,-,6.49
267,Lucas Tousart,25, DMC,,,22(8),1961,1.4,1.2,1.1,-,1.8,0.8,0.2,-,6.49
268,Angelo Stiller,21, DMC,,,18(8),1692,1.2,0.3,1,0.1,0.6,0.5,0.2,-,6.48
269,Dodi Lukébakio,24, AM(CLR),FW,,7(12),873,0.4,0.7,0.8,-,0.1,0.5,-,-,6.48
270,Danny Blum,31, AM(LR),FW,,2(11),339,0.2,0.2,0.2,-,0.1,0.2,-,-,6.48
271,Alfred Finnbogason,33, FW,,,3(7),288,0.3,0.2,0.3,-,0.8,0.2,0.1,-,6.48
272,Joe Scally,19, D(R),M(R),,20(10),1905,1.3,0.7,0.9,0.2,1.1,0.8,0.1,-,6.48
273,Rubén Vargas,23, AM(CLR),FW,,26(3),2005,1,0.6,1.1,-,0.3,0.7,-,-,6.48
274,Jonathan Schmid,31, D(R),M(CLR),,6(7),583,0.9,0.5,0.3,0.2,1,0.2,0.1,-,6.47
275,Kevin Akpoguma,27, D(CR),M(R),,19(7),1535,1.3,0.8,1,0.3,0.9,0.5,0.1,-,6.47
276,Delano Burgzorg,23, AM(L),,,0(3),24,0.3,-,0.3,-,-,0.3,-,-,6.47
277,Bouna Sarr,30, D(R),M(CLR),,0(5),59,0.8,1.2,-,-,-,0.2,0.2,-,6.46
278,Anderson Lucoqui,24, D(L),M(L),,9(4),743,1.6,0.8,1.3,-,0.6,0.8,0.2,-,6.46
279,Andreas Luthe,35, GK,,,27,2430,-,-,-,-,0.7,-,-,-,6.45
280,Marius Wolf,27, D(R),M(CLR),,15(12),1324,1,0.5,0.6,0.1,0.2,0.4,-,-,6.45
281,Takuma Asano,27, AM(CLR),FW,,20(7),1618,0.4,0.3,0.6,-,0.3,0.5,-,-,6.45
282,Jacob Laursen,27, D(L),,,20(4),1641,0.7,1.2,0.5,0.2,1.7,0.5,0.3,1,6.45
283,Manuel Prietl,30, M(C),,,23(3),2122,2.3,1.5,1.5,0.2,1.2,1.4,0.1,-,6.45
284,Jan Thielmann,20, AM(CLR),FW,,10(19),1182,0.8,0.3,0.4,-,0.3,0.5,0.1,-,6.45
285,Peter Pekarík,35, D(LR),M(R),,26(1),2239,1.7,1.1,0.9,0.3,1.9,0.5,0.4,-,6.44
286,Gian-Luca Itter,23, D(CL),,,16(8),1453,1.8,0.5,0.8,0.1,2,0.7,0.4,-,6.44
287,Sebastian Vasiliadis,24, M(C),,,16(3),1199,1.6,1.3,0.7,0.1,1.6,1.4,0.1,-,6.44
288,Steffen Tigges,23, Forward,,,0(9),105,0.4,-,0.1,-,0.2,0.1,0.1,-,6.43
289,Jamie Leweling,21, AM(R),FW,,22(11),1959,0.4,0.4,0.5,-,0.2,0.4,-,-,6.43
290,Luca Netz,19, D(L),M(L),,16(7),1313,1,0.6,0.3,0.2,1,1.3,0.2,-,6.43
291,Kristijan Jakic Eintracht,25, DMC,,,21(5),1883,1.4,0.8,1.2,-,0.9,1.8,0.1,-,6.43
292,Elvis Rexhbecaj,24, M(C),,,29(2),2469,1.3,0.9,1.1,-,0.5,0.7,0.2,-,6.43
293,Jürgen Locadia,28, AM(LR),FW,,4(7),442,0.4,0.1,0.9,-,0.2,-,-,-,6.43
294,Florian Niederlechner,31, AM(CR),FW,,13(13),1153,0.2,0.2,0.5,-,0.2,0.3,-,1,6.43
295,Alexander Schwolow,30, GK,,,25,2176,-,0.1,0.1,-,1,-,-,-,6.43
296,Sebastian Rode Eintracht,31, D(R),M(C),,10(7),763,0.9,0.8,0.4,-,0.5,0.7,0.1,-,6.42
297,Clinton Mola,21, D(L),,,1(2),113,1,1,-,-,0.3,0.7,1.7,-,6.42
298,Hannes Wolf,23, M(CLR),,,2(5),306,3.3,0.3,1.4,-,0.1,1.4,-,-,6.42
299,Aymen Barkok Eintracht,24, AM(CR),,,2(3),159,1.2,1,0.8,-,1.2,1,0.2,-,6.42
300,Nils Petersen,33, FW,,,3(19),568,0.2,0.1,0.1,-,0.8,0.5,-,-,6.42
301,Sebastian Griesbeck,31, D(C),DMC,,28(1),2441,2.1,1.5,1.1,0.2,3.2,0.8,0.4,2,6.42
302,Tyler Adams,23, D(R),M(CR),,12(12),1345,1,0.7,0.8,0.1,0.6,0.8,-,-,6.41
303,Stefan Lainer,29, D(R),M(R),,18(2),1389,1,0.7,0.4,0.3,1.2,0.8,0.3,-,6.41
304,Jorge Meré,25, D(C),,,5(3),489,1.1,1.3,0.5,1,2.4,0.4,0.5,-,6.41
305,Manuel Gulde,31, D(C),,,14(6),1230,0.9,0.9,0.9,0.2,1.8,0.2,0.4,-,6.41
306,Philipp Förster,27, M(CLR),FW,,11(9),970,1,0.2,0.8,0.1,0.1,0.8,0.1,-,6.41
307,Lucas Alario,29, FW,,,5(22),642,0.2,-,0.3,-,0.2,0.1,-,-,6.4
308,Fabian Kunze,23, DMC,,,13(9),1260,1.6,0.9,1.7,-,1.1,0.8,0.1,-,6.4
309,Maximilian Philipp,28, AM(CLR),FW,,12(10),969,0.7,0.2,0.4,-,0.2,0.7,-,-,6.4
310,Paul Seguin,27, D(R),DMC,,23(4),2110,1.9,0.7,1.6,-,1,1.1,0.1,-,6.4
311,Florian Müller,24, GK,,,30,2700,-,-,-,-,0.9,-,-,-,6.4
312,Philipp Pentke,37, GK,,,1,90,-,-,-,-,-,-,-,-,6.4
313,Mads Pedersen,25, D(L),M(L),,15(14),1392,1,0.5,0.8,-,0.9,0.5,0.1,-,6.4
314,Renato Steffen,30, M(CLR),,,13(7),972,1,0.7,1,-,0.7,0.4,-,-,6.39
315,Nick Viergever,32, D(CL),DMC,,24,2134,1.3,1.5,0.6,0.5,4.8,0.4,0.9,-,6.39
316,Robert Gumny,24, D(CLR),,,27(1),2278,1.7,1,1,0.4,1.8,0.6,0.3,-,6.39
317,Herbert Bockhorn,27, D(R),M(R),,6(11),751,1.2,0.8,0.4,0.1,0.9,0.5,0.1,-,6.39
318,Felix Passlack,24, D(LR),M(CR),,5(5),470,1.3,0.4,0.5,0.2,0.4,0.6,0.1,1,6.39
319,Marin Pongracic,24, D(C),,,9(8),823,1,1,0.7,0.3,1.8,0.2,0.3,-,6.39
320,Sascha Burchert,32, GK,,,14,1260,0.1,-,-,-,1.2,0.1,-,-,6.38
321,Dominique Heintz,28, D(CL),,,7,474,1.1,1,0.9,-,2,0.4,0.6,-,6.38
322,Sebastian Andersson,30, FW,,,13(13),1254,0.4,0.1,0.9,-,0.5,0.2,-,-,6.38
323,Patrick Herrmann,31, M(LR),FW,,5(18),744,0.7,0.3,0.3,-,0.3,0.7,-,-,6.38
324,Marcel Sabitzer,28, M(CLR),FW,,8(17),900,0.7,0.4,0.6,-,0.4,0.4,-,-,6.38
325,Justin Hoogma,23, D(C),,,3,270,2,1.3,1.3,1,1.3,0.7,1.7,-,6.38
326,Jeremy Dudziak,26, D(LR),M(CL),,15(7),1139,0.8,0.5,0.5,-,0.1,0.5,-,-,6.38
327,Edimilson Fernandes,26, M(CR),,,2(5),282,0.3,0.3,0.4,0.1,0.9,0.4,0.3,-,6.38
328,Dodi Lukébakio,24, AM(CLR),FW,,2(1),176,0.7,0.7,1.3,-,-,0.7,-,-,6.37
329,Roberto Massimo,21, M(R),,,11(8),879,0.7,0.2,0.4,-,0.2,0.6,-,-,6.37
330,Julian Chabot,24, D(C),,,2(2),208,2,0.8,1.3,0.3,1.3,0.8,0.5,-,6.37
331,Ajdin Hrustic Eintracht,25, M(CLR),,,9(14),960,0.7,0.4,0.6,-,0.3,0.9,-,-,6.37
332,Andreas Voglsammer,30, AM(LR),FW,,5(27),865,0.4,0.1,0.5,-,0.2,0.3,0.1,-,6.37
333,Tobias Strobl,32, D(CR),DMC,,4(1),325,1.6,1.4,1.2,-,0.6,1.6,0.4,-,6.37
334,Hans Nunoo Sarpei,23, D(C),DMC,,7(1),643,2,1.8,0.9,0.4,2.5,0.5,0.6,-,6.36
335,Timothy Chandler Eintracht,32, D(R),M(LR),,15(2),1218,1.1,1.1,1,0.1,1.6,0.8,0.2,-,6.36
336,Marcus Ingvartsen,26, AM(CR),FW,,6(20),668,0.1,0.2,0.6,-,0.2,0.2,-,-,6.36
337,Mike van der Hoorn,29, D(C),,,0(1),13,1,1,-,-,1,-,-,-,6.36
338,Sebastian Rudy,32, D(R),M(CR),,7(14),764,1,0.5,0.6,-,0.4,0.5,0.1,-,6.36
339,Marcel Lotka,21, GK,,,9(1),884,0.1,0.1,-,-,1,-,-,-,6.36
340,Jetro Willems,28, D(L),DMC,M(L),20(4),1612,1.3,0.6,0.6,0.2,1.6,0.5,0.1,-,6.36
341,Sven Michel,31, AM(L),FW,,2(11),330,0.8,0.1,0.9,-,0.1,0.5,-,-,6.35
342,Kevin Behrens,31, FW,,,2(22),480,0.1,0.1,0.6,-,0.3,0.2,-,-,6.35
343,Patrick Osterhage,22, M(C),,,6(6),574,0.8,0.9,0.4,-,0.6,0.3,0.1,-,6.34
344,András Schäfer,23, M(C),,,1(7),233,0.5,0.3,0.8,-,0.5,0.6,0.1,-,6.34
345,Dominique Heintz,28, D(CL),,,0(1),28,-,1,-,-,-,-,-,-,6.34
346,Marcus Ingvartsen,26, AM(CR),FW,,2,124,-,1,1,-,0.5,1,-,-,6.34
347,Márton Dárdai,20, D(C),,,9(3),759,0.8,1.7,0.8,0.5,2.6,0.8,0.5,-,6.34
348,Davie Selke,27, FW,,,10(15),997,0.2,-,1.2,-,0.4,0.1,-,-,6.34
349,Bryan Lasme,23, FW,,,7(16),869,0.3,-,0.7,-,0.4,0.1,-,-,6.33
350,Havard Nielsen,28, AM(CL),FW,,14(12),1371,0.7,0.3,1,-,0.8,0.5,-,-,6.33
351,Marwin Hitz,34, GK,,,4(1),405,-,-,-,-,0.4,-,-,-,6.33
352,Jannes Horn,25, D(CL),M(L),,3(8),474,0.5,0.3,0.4,0.3,0.8,0.4,0.1,-,6.33
353,Keven Schlotterbeck,25, D(C),,,3(9),311,0.9,0.9,0.8,0.2,2,0.1,0.3,-,6.33
354,Janni Serra,24, FW,,,15(11),1125,0.2,0.2,0.6,-,0.7,0.2,0.1,-,6.33
355,Jens Petter Hauge Eintracht,22, AM(CLR),,,9(17),1031,0.5,0.1,0.6,-,0.2,0.6,-,-,6.33
356,Kevin Vogt,30, D(CR),M(C),,29(1),2570,0.7,0.4,0.9,0.8,3.3,0.3,0.2,-,6.33
357,Marco John,20, M(L),,,0(2),40,-,0.5,-,0.5,-,0.5,-,-,6.33
358,Gonçalo Paciência Eintracht,27, FW,,,4(14),505,0.2,0.1,0.5,-,0.2,0.1,-,-,6.31
359,Danny da Costa Eintracht,28, D(R),M(R),,7(4),724,1.4,1,0.7,0.4,1.5,1.1,0.1,-,6.31
360,Christoph Kramer,31, DMC,,,7(11),742,1.6,0.7,0.6,-,0.4,0.9,0.3,-,6.31
361,Tobias Raschl,22, M(C),,,7(3),598,1.2,0.3,0.7,-,0.1,0.2,0.1,-,6.3
362,Kevin Stöger,28, M(CL),,,1(22),403,0.4,0.2,0.4,-,-,0.3,-,-,6.3
363,Cedric Itten,25, FW,,,7(5),634,0.4,0.2,1.6,-,0.3,0.4,-,-,6.3
364,Janik Haberer,28, M(CLR),FW,,7(19),806,0.5,0.6,0.8,-,0.4,0.5,0.2,-,6.3
365,Ermedin Demirovic,24, FW,,,9(22),862,0.4,-,0.9,-,0.2,0.3,-,-,6.3
366,Wahidullah Faghir,18, Forward,,,0(6),120,-,-,-,-,-,0.2,-,-,6.3
367,Linus Gechter,18, D(C),,,6(7),713,1.2,0.8,0.5,0.5,2.2,0.5,0.5,-,6.3
368,Malik Tillman,20, Forward,,,1(3),103,0.5,0.5,1,-,-,0.3,0.3,-,6.3
369,Mijat Gacinovic,27, M(CLR),,,1(3),108,0.8,0.3,1,-,0.5,-,-,-,6.3
370,Raphael Framberger,26, D(R),M(R),,9(14),840,1.1,0.4,0.7,0.1,0.9,0.6,0.1,-,6.29
371,Daley Sinkgraven,26, D(L),M(CL),,3(9),346,0.5,0.3,-,-,0.4,0.3,0.1,-,6.29
372,Louis Schaub,27, AM(CR),,,6(22),640,0.6,0.1,0.3,-,0.1,0.3,0.1,-,6.29
373,Fredrik Jensen,24, AM(C),FW,,2(10),410,0.4,0.2,0.2,-,0.3,0.3,0.1,-,6.29
374,Daniel Didavi,32, AM(CR),FW,,2(8),272,0.6,0.1,0.3,-,0.1,0.3,0.1,-,6.29
375,Håvard Nordtveit,31, D(CR),DMC,,1(10),295,0.6,0.9,0.2,0.3,0.9,-,0.1,-,6.29
376,Andi Zeqiri,22, FW,,,11(11),1032,0.6,0.1,0.9,-,0.5,0.4,-,-,6.29
377,Krzysztof Piatek,26, FW,,,4(5),346,0.2,-,1.1,-,0.7,0.1,-,-,6.29
378,Almamy Touré Eintracht,26, D(CR),M(R),,5(5),509,1.2,0.5,0.8,0.2,1.7,1.3,0.3,-,6.28
379,Mateo Klimowicz,21, AM(C),FW,,7(8),602,0.9,0.3,0.6,-,0.1,0.7,-,-,6.28
380,Maximilian Bauer,22, D(C),,,18(8),1687,1.1,1.1,1,0.3,3.8,0.7,0.5,1,6.28
381,Jacob Bruun Larsen,23, AM(CL),,,9(16),804,0.1,0.2,0.2,-,0.2,0.2,0.1,-,6.28
382,Tanguy Coulibaly,21, M(CLR),FW,,11(10),1082,1.3,0.2,1.1,-,0.5,0.5,0.1,-,6.27
383,Felix Uduokhai,24, D(C),,,8(5),784,0.7,0.7,0.5,0.3,2.5,0.4,0.6,-,6.27
384,Deyovaisio Zeefuik,24, D(R),M(R),,6(5),563,1,1,0.4,0.1,1.7,0.5,0.4,-,6.27
385,Timothy Fosu-Mensah,24, D(CR),,,0(6),140,0.8,0.3,0.2,-,0.3,-,-,-,6.27
386,Gonzalo Castro,34, D(L),M(CR),,4(8),433,0.7,0.3,0.6,-,0.2,0.3,-,-,6.27
387,Niklas Tauer,21, Midfielder,,,6(5),487,1.5,0.8,0.8,-,1.2,0.5,0.2,-,6.27
388,Soma Novothny,27, Forward,,,0(6),75,0.2,-,0.3,-,0.3,0.2,-,-,6.27
389,Kevin-Prince Boateng,35, M(CLR),FW,,9(10),696,0.3,0.3,1.1,0.1,0.6,0.3,0.1,-,6.26
390,Christopher Antwi-Adjei,28, AM(CLR),,,11(13),1038,0.9,-,0.6,-,0.3,0.8,-,-,6.26
391,Jurgen Ekkelenkamp,22, AM(C),,,6(15),713,0.4,0.2,0.5,-,0.2,0.2,0.1,-,6.26
392,David Nemeth,21, Defender,,,2(4),309,0.5,1,0.2,0.2,1.7,0.3,0.2,-,6.26
393,Vincent Vermeij,27, FW,,,0(1),2,-,-,-,-,-,-,-,-,6.25
394,Robert Skov,26, D(L),M(LR),,3(9),362,0.3,0.3,0.5,-,0.3,0.6,-,-,6.25
395,Kingsley Schindler,28, D(R),M(R),FW,1(17),335,0.1,0.3,0.1,0.1,0.3,0.2,0.1,-,6.25
396,Nadiem Amiri,25, M(CLR),,,3(10),362,0.6,0.4,0.2,-,-,0.3,0.2,-,6.25
397,Sargis Adamyan,29, AM(CLR),FW,,2(11),324,0.6,0.1,0.4,-,0.2,0.6,-,-,6.25
398,Hwang Hee-Chan,26, AM(CLR),FW,,0(2),47,-,0.5,-,-,-,-,-,-,6.25
399,Tim Lemperle,20, Midfielder,,,0(13),137,0.3,0.2,0.3,-,0.2,0.2,-,-,6.24
400,Erik Thommy,27, M(CLR),,,1(10),267,0.2,0.4,0.2,-,-,0.1,-,-,6.24
401,Nikolas Nartey,22, M(CL),,,4(4),401,0.8,0.9,1.4,-,0.6,0.8,0.3,-,6.24
402,Andrey Lunev,30, GK,,,1,90,-,-,-,-,1,-,-,-,6.24
403,Lucas Copado,18, Forward,,,0(1),16,1,-,-,-,-,-,-,-,6.24
404,László Bénes,24, AM(C),,,2(11),239,0.4,0.2,0.1,-,0.4,0.4,0.2,-,6.24
405,Sam Lammers Eintracht,25, FW,,,5(10),515,0.3,0.1,0.5,0.1,0.3,0.3,0.1,-,6.24
406,Tomás Ostrák,22, Midfielder,,,0(5),26,0.2,0.2,0.2,-,-,0.4,-,-,6.24
407,Ádám Szalai,34, FW,,,2(10),255,0.3,-,0.8,-,-,0.2,-,-,6.24
408,Lukas Klünter,26, D(CR),M(R),,2(3),193,0.2,0.4,1,-,0.4,0.8,-,-,6.23
409,Noah Katterbach,21, D(L),,,0(1),16,1,-,-,-,1,-,-,-,6.23
410,Ricardo Pepi,19, FW,,,4(7),476,0.4,0.3,0.1,-,0.7,0.6,-,-,6.22
411,Myziane Maolida,23, AM(LR),FW,,9(5),780,0.5,0.1,0.7,-,0.4,0.4,-,-,6.22
412,Cimo Röcker,28, Defender,,,0(1),21,-,2,-,-,-,-,-,-,6.22
413,Sven Ulreich,33, GK,,,6,540,-,-,-,-,0.3,-,-,-,6.22
414,Carlos Gruezo,27, DMC,,,9(8),971,1.3,0.5,1.6,-,0.9,0.8,0.1,-,6.22
415,Hugo Novoa,19, Forward,,,1(7),130,0.5,0.1,0.1,-,-,0.6,-,-,6.21
416,Noah Sarenren Bazee,25, AM(R),,,1(13),230,0.4,0.1,0.4,-,0.2,0.1,0.1,-,6.21
417,Robin Hack,23, AM(CLR),FW,,13(17),1356,0.5,0.2,0.6,-,0.1,0.6,-,-,6.21
418,Enzo Millot,19, Midfielder,,,0(6),48,0.3,0.2,0.3,-,0.2,0.2,-,-,6.21
419,Gabriel Vidovic,18, Forward,,,0(3),33,-,-,-,-,-,-,-,-,6.2
420,George Bello,20, D(L),M(L),,3(7),427,0.7,0.6,0.4,-,1.1,-,0.4,1,6.2
421,Iker Bravo,17, Forward,,,0(1),11,1,-,-,-,-,-,-,-,6.2
422,Ragnar Ache Eintracht,23, FW,,,1(12),249,0.2,-,0.4,-,0.1,0.2,-,-,6.2
423,Levin Öztunali,26, M(CLR),,,5(13),564,0.8,0.2,0.8,-,0.7,0.6,-,-,6.2
424,Julian Baumgartlinger,34, DMC,,,1(5),84,0.5,0.3,0.3,-,-,0.2,-,-,6.19
425,Kiliann Sildillia,20, Defender,,,1(6),167,1,0.3,0.1,-,1,0.4,-,-,6.19
426,Marcel Sabitzer,28, M(CLR),FW,,0(2),47,1,0.5,0.5,-,-,-,-,-,6.19
427,Gian-Luca Waldschmidt,26, AM(CLR),FW,,9(5),719,0.6,0.6,0.7,-,0.1,0.6,-,-,6.19
428,Florian Krüger,23, AM(CLR),FW,,12(15),1112,0.1,0.1,0.3,-,0.4,0.3,-,-,6.18
429,Ansgar Knauff,20, M(R),,,0(5),110,0.6,-,0.8,-,0.6,0.8,-,-,6.18
430,Stefan Ilsanker Eintracht,33, D(CR),DMC,,3(9),261,1.2,0.5,0.4,0.1,1.3,0.4,0.2,-,6.18
431,Julian Eitschberger,18, Defender,,,1,46,-,2,-,-,1,1,1,-,6.18
432,Lennard Maloney,22, Defender,,,0(2),7,0.5,-,-,-,-,-,-,-,6.18
433,Jan Morávek,32, M(C),,,5(12),466,0.6,0.4,0.3,-,0.5,0.7,0.1,-,6.18
434,Daniel Brosinski,33, D(LR),M(LR),,4(7),386,0.2,0.3,0.1,0.1,0.5,-,-,-,6.17
435,Felix Nmecha,21, Midfielder,,,1(15),308,0.2,0.4,0.4,-,0.4,0.1,-,-,6.17
436,Dennis Jastrzembski,22, Forward,,,1(7),222,0.3,0.6,0.4,-,0.3,0.8,-,-,6.17
437,Brian Brobbey,20, FW,,,1(8),124,0.1,-,0.3,0.1,-,-,-,-,6.17
438,Keanan Bennetts,23, AM(R),,,0(4),47,0.5,-,0.5,-,-,-,-,-,6.17
439,Luca Wollschläger,19, Forward,,,0(2),14,0.5,-,0.5,-,-,0.5,-,-,6.16
440,Saulo Decarli,30, D(C),,,0(1),8,-,-,-,-,-,-,-,-,6.16
441,Sergio Córdova,24, FW,,,2(11),318,0.3,-,0.4,-,0.3,0.1,-,-,6.16
442,Fredrik Bjørkan,23, Defender,,,2(7),349,1.3,0.7,0.3,-,0.8,0.2,0.2,-,6.16
443,Anton Kade,18, Forward,,,0(4),74,1,0.8,0.5,-,-,1.5,-,-,6.15
444,Finn Dahmen,24, GK,,,2,180,-,-,-,-,1.5,-,-,-,6.15
445,Yannik Keitel,22, DMC,,,5(7),501,0.9,0.1,1.1,-,0.7,0.8,0.1,1,6.14
446,Baptiste Santamaría,27, DMC,,,0(1),20,-,1,-,-,1,1,-,-,6.14
447,Dickson Abiama,23, FW,,,5(19),715,0.5,0.2,0.7,-,0.3,0.3,-,-,6.14
448,Zidan Sertdemir,17, Midfielder,,,0(3),15,0.7,-,-,-,-,-,-,-,6.13
449,Julian Green,27, M(CL),FW,,12(12),1052,0.4,0.3,0.5,-,0.4,0.3,0.1,-,6.13
450,Burak Ince,18, Midfielder,,,1(4),138,0.2,-,0.4,-,-,0.2,-,-,6.13
451,Omer Faruk Beyaz,18, Midfielder,,,0(4),68,1,0.5,-,-,-,1,-,-,6.13
452,Justin Che,18, D(R),,,0(2),39,1,0.5,-,-,-,0.5,-,-,6.12
453,Youssoufa Moukoko,17, Forward,,,1(15),210,0.1,0.2,0.3,-,-,0.1,-,-,6.12
454,Paul Nebel,19, Midfielder,,,2(8),226,0.5,-,0.8,-,0.1,0.1,-,-,6.12
455,Solomon Bonnah,18, Defender,,,0(1),6,-,1,-,-,-,-,-,-,6.11
456,Alexis Tibidi,18, Forward,,,2(11),380,0.5,0.2,0.8,-,0.2,0.1,-,-,6.11
457,Simon Asta,21, D(R),M(R),,9(4),784,1,0.6,1,-,1.1,0.3,0.2,1,6.1
458,Paul Wanner,16, Midfielder,,,0(4),36,0.5,-,0.3,-,-,-,-,-,6.1
459,Keita Endo,24, Midfielder,,,0(4),53,0.3,-,-,-,-,-,-,-,6.09
460,Kevin Möhwald,28, M(CR),,,3(13),349,0.4,0.2,0.4,-,0.4,0.4,-,-,6.09
461,Nathan de Medina,24, D(R),,,7(12),768,0.9,0.5,0.7,0.2,1.5,0.2,0.2,-,6.09
462,Lasse Günther,19, Forward,,,1(4),159,1.6,0.4,0.6,0.2,0.2,0.8,-,-,6.08
463,Cedric Teuchert,25, AM(CLR),FW,,0(6),99,0.5,-,0.2,-,-,0.7,-,-,6.08
464,Anthony Ujah,31, FW,,,0(3),32,-,-,1.3,-,-,-,-,-,6.08
465,Kasim Adams,26, D(C),,,0(3),3,-,-,-,-,0.3,0.3,-,-,6.08
466,Silvère Ganvoula,25, FW,,,0(9),145,-,-,0.2,-,0.1,0.1,-,-,6.07
467,Mohamed Sankoh,18, Forward,,,0(1),4,-,-,-,-,-,-,-,-,6.07
468,Afimico Pululu,23, Forward,,,0(8),62,0.1,-,0.5,-,-,0.1,-,-,6.07
469,Joel Pohjanpalo,27, FW,,,0(2),10,-,-,0.5,-,-,-,-,-,6.07
470,Ilaix Moriba,19, M(C),,,0(2),30,-,0.5,0.5,-,-,2,-,-,6.07
471,Adrian Fein,23, DMC,,,0(3),29,-,0.7,0.3,-,-,0.3,-,-,6.06
472,Reinier,20, AM(C),,,1(12),153,0.4,-,0.2,-,-,-,-,-,6.06
473,Javairô Dilrosun,23, AM(CLR),,,1(1),137,1.5,-,1.5,-,-,-,-,-,6.06
474,Luis Hartwig,19, Forward,,,0(1),1,-,-,-,-,-,-,-,-,6.06
475,Kevin Paredes,19, M(L),,,0(2),13,0.5,-,0.5,-,-,-,-,-,6.06
476,Mathias Olesen,21, Midfielder,,,0(3),14,-,0.3,-,-,-,-,-,-,6.05
477,Tarsis Bonga,25, Forward,,,0(3),14,-,-,-,-,-,-,-,-,6.05
478,Philipp Tschauner,36, GK,,,0(1),3,-,-,-,-,-,-,-,-,6.05
479,Tobias Sippel,34, GK,,,1,90,-,-,-,-,1,-,-,-,6.05
480,Silas,23, M(LR),FW,,3(6),271,0.6,0.2,0.3,-,-,0.4,-,-,6.05
481,Admir Mehmedi,31, M(CLR),FW,,0(1),3,-,-,-,-,-,-,-,-,6.04
482,Bartosz Bialek,20, Forward,,,1(11),171,-,-,0.5,-,0.2,0.1,-,-,6.04
483,Matej Maglica,23, Defender,,,0(1),5,-,-,-,-,-,1,-,-,6.04
484,Sebastian Griesbeck,31, D(C),DMC,,0(1),8,1,-,-,-,-,-,-,-,6.04
485,Torben Müsel,22, Midfielder,,,0(1),4,-,-,-,-,-,-,-,-,6.04
486,Omar Marmoush,23, AM(L),FW,,0(2),22,-,-,-,-,-,-,-,-,6.03
487,Umut Tohumcu,17, Midfielder,,,0(1),4,-,-,-,-,-,-,-,-,6.03
488,Noah Weißhaupt,20, Forward,,,0(10),91,0.1,0.1,0.3,-,0.1,0.1,-,-,6.03
489,Merveille Papela,21, Midfielder,,,0(5),80,0.6,0.4,0.2,-,-,0.2,-,-,6.03
490,Abdourahmane Barry,22, D(C),,,1(7),204,0.8,0.5,1.1,-,0.1,0.3,0.3,-,6.03
491,Chris Richards,22, D(C),,,0(1),2,-,-,-,-,-,-,-,-,6.02
492,Christian Früchtl,22, Goalkeeper,,,0(1),9,-,-,-,-,-,-,-,-,6.02
493,Daniel Ginczek,31, AM(R),FW,,0(2),12,-,-,-,-,-,-,-,-,6.02
494,Lilian Egloff,19, Midfielder,,,0(4),29,0.3,-,0.5,-,-,-,-,-,6.01
495,Marten Winkler,19, Forward,,,0(1),25,-,-,-,-,-,-,-,-,6.01
496,Conor Noß,21, Forward,,,0(3),50,0.3,-,-,-,-,0.3,0.3,-,6.01
497,Ermin Bicakcic,32, D(C),,,0(1),4,-,-,-,-,-,-,-,-,6
498,Immanuel Pherai,21, AM(L),,,0(1),1,-,-,-,-,-,-,-,-,6
499,Lion Semic,18, Defender,,,0(1),2,-,-,-,-,-,-,-,-,6
500,Luca Kilian,22, D(C),,,0(1),1,-,-,1,-,-,-,-,-,6
501,Naouirou Ahamada,20, Midfielder,,,0(3),57,0.3,-,0.7,-,-,0.7,-,-,6
502,Nils Seufert,25, AM(C),,,1(3),98,0.8,-,-,0.3,-,0.3,-,-,6
503,Romario Rösch,22, Midfielder,,,0(1),1,-,-,-,-,-,-,-,-,6
504,Stephan Fürstner,34, DMC,,,0(1),4,-,-,-,-,1,2,-,-,6
505,Panagiotis Retsos,23, D(CLR),,,0(4),28,-,0.3,-,-,-,-,-,-,6
506,Fisnik Asllani,19, Forward,,,0(2),7,-,-,-,-,-,0.5,-,-,5.99
507,Lee Dong-Jun,25, Midfielder,,,1(3),117,0.5,0.5,0.8,-,-,0.5,-,-,5.99
508,Sidney Raebiger,17, Midfielder,,,0(1),3,-,-,-,-,-,-,-,-,5.98
509,Tom Bischof,16, Midfielder,,,0(1),13,-,-,1,-,1,-,-,-,5.98
510,Gideon Jung,27, D(C),DMC,,1(4),140,0.6,0.4,-,0.2,0.8,0.4,0.2,-,5.96
511,Marius Funk,26, GK,,,8,720,-,-,0.1,-,1,-,-,-,5.96
512,Joscha Wosz,19, Midfielder,,,0(1),8,-,-,1,-,-,-,-,-,5.95
513,Lennart Czyborra,23, D(L),M(L),,1(3),130,-,0.8,1.3,0.3,0.8,0.5,-,-,5.89
514,Antonios Papadopoulos,22, Midfielder,,,0(2),15,-,-,0.5,-,-,-,-,-,5.88
515,Thomas Delaney,30, DMC,,,0(1),17,-,-,-,-,-,-,-,-,5.88
516,Josep Martínez,24, Goalkeeper,,,1,90,-,-,-,-,1,-,-,-,5.86
517,Roman Bürki,31, GK,,,1,90,-,-,-,-,-,-,-,-,5.85
518,Robert Tesche,35, M(C),,,5(6),349,0.5,0.5,0.5,0.1,0.5,0.2,0.2,-,5.82
519,Jens Grahl Eintracht,33, GK,,,1,90,-,-,-,-,1,-,-,-,5.81
520,Hugo Siquet,19, D(R),M(R),,0(1),21,-,-,1,-,-,-,-,-,5.74
521,Nick Proschwitz,35, FW,,,0(1),26,-,-,-,-,-,-,-,-,5.73
522,Benjamin Uphoff,28, GK,,,2,180,-,-,-,-,1.5,-,-,-,5.1
