,Player,Player.1,Apps,Mins,Tackles,Inter,Fouls,Offsides,Clear,Drb,Blocks,OwnG,Rating
0,"1Mattia ZaccagniVerona, 26, AM(CL),FW","Mattia Zaccagni Verona, 26, AM(CL),FW",2,180,1.5,2,0.5,-,-,0.5,-,-,8.47
1,"2Luca GemelloTorino, 21, Goalkeeper","Luca Gemello Torino, 21, Goalkeeper",1,90,-,-,-,-,-,-,-,-,7.71
2,"3Domenico BerardiSassuolo, 27, AM(R),FW","Domenico Berardi Sassuolo, 27, AM(R),FW",33,2838,1,0.9,1.6,-,0.7,1.3,0.1,-,7.43
3,"4Rafael LeãoAC Milan, 22, AM(L),FW","Rafael Leão AC Milan, 22, AM(L),FW",31(3),2621,0.5,0.4,0.7,-,0.2,0.3,-,-,7.37
4,"5Sergej Milinkovic-SavicLazio, 27, AM(C)","Sergej Milinkovic-Savic Lazio, 27, AM(C)",36(1),3111,1.8,0.9,1.5,-,1.1,1,0.2,-,7.36
5,"6Lorenzo PellegriniRoma, 25, M(C)","Lorenzo Pellegrini Roma, 25, M(C)",27(1),2300,1.3,1,1.6,-,0.7,1.6,-,-,7.34
6,"7Dusan VlahovicFiorentina, 22, FW","Dusan Vlahovic Fiorentina, 22, FW",21,1862,0.2,-,0.9,-,0.7,0.4,0.1,-,7.33
7,"8Ciro ImmobileLazio, 32, FW","Ciro Immobile Lazio, 32, FW",31,2718,0.3,0.1,1.2,-,0.5,0.5,-,-,7.31
8,"9Luis MurielAtalanta, 31, AM(CL),FW","Luis Muriel Atalanta, 31, AM(CL),FW",17(10),1543,0.6,0.1,0.5,-,0.2,0.6,-,-,7.3
9,"10Hakan ÇalhanogluInter, 28, M(CLR),FW","Hakan Çalhanoglu Inter, 28, M(CLR),FW",33(1),2509,1.2,0.7,1.1,-,0.3,0.9,0.1,-,7.28
0,"11Wisdom AmeyBologna, 16, Defender","Wisdom Amey Bologna, 16, Defender",1,72,3.0,3.0,1.0,-,1.0,1.0,-,-,7.27
1,"12Victor OsimhenNapoli, 23, FW","Victor Osimhen Napoli, 23, FW",23(4),1993,0.4,0.1,1.4,-,0.6,0.1,0.1,-,7.22
2,"13Ivan PerisicInter, 33, M(CLR),FW","Ivan Perisic Inter, 33, M(CLR),FW",35,2844,1.1,1.3,0.8,-,0.9,0.6,0.2,-,7.22
3,"14Paulo DybalaJuventus, 28, AM(CR),FW","Paulo Dybala Juventus, 28, AM(CR),FW",26(3),2074,1.0,0.3,0.6,-,0.1,0.9,-,-,7.22
4,"15BremerTorino, 25, D(C)","Bremer Torino, 25, D(C)",33,2895,1.5,3.2,2.0,0.6,4.0,0.3,0.7,-,7.22
5,"16Gianluca CaprariVerona, 28, AM(CLR),FW","Gianluca Caprari Verona, 28, AM(CLR),FW",33(2),2755,1.2,0.1,1.2,-,0.1,1.0,-,-,7.2
6,"17Juan CuadradoJuventus, 34, D(R),M(CLR),FW","Juan Cuadrado Juventus, 34, D(R),M(CLR),FW",28(5),2496,1.5,0.9,0.6,-,0.9,0.8,0.2,-,7.19
7,"18Lautaro MartínezInter, 24, FW","Lautaro Martínez Inter, 24, FW",28(7),2302,0.6,0.5,1.1,-,0.2,0.1,-,-,7.18
8,"19Tammy AbrahamRoma, 24, FW","Tammy Abraham Roma, 24, FW",36(1),3099,0.7,0.1,1.0,-,0.7,0.4,0.1,-,7.17
9,"20Theo HernándezAC Milan, 24, D(L),M(L)","Theo Hernández AC Milan, 24, D(L),M(L)",30(2),2713,1.7,0.7,1.1,0.3,0.8,0.3,0.1,-,7.16
0,"21Marcelo BrozovicInter, 29, M(CR)","Marcelo Brozovic Inter, 29, M(CR)",35,2951,2.2,1.1,1.2,-,0.9,1,0.3,-,7.13
1,"22Nicolò BarellaInter, 25, AM(C)","Nicolò Barella Inter, 25, AM(C)",36,2933,1.8,0.6,0.8,-,0.2,0.7,0.1,-,7.13
2,"23Fabián RuizNapoli, 26, M(CL)","Fabián Ruiz Napoli, 26, M(CL)",29(3),2398,1.7,0.7,0.7,-,1,1.2,-,-,7.1
3,"24Lorenzo InsigneNapoli, 31, AM(CL),FW","Lorenzo Insigne Napoli, 31, AM(CL),FW",28(4),2311,0.7,0.6,0.6,-,-,1.1,-,-,7.09
4,"25Wladimiro FalconeSampdoria, 27, GK","Wladimiro Falcone Sampdoria, 27, GK",9(1),855,-,0.1,-,-,0.8,-,-,-,7.08
5,"26Kalidou KoulibalyNapoli, 30, D(C)","Kalidou Koulibaly Napoli, 30, D(C)",27,2406,1.4,1.1,1,0.7,3.1,0.5,0.9,-,7.08
6,"27Edin DzekoInter, 36, FW","Edin Dzeko Inter, 36, FW",27(9),2476,0.4,0.1,0.8,-,1,0.5,0.1,-,7.07
7,"28Duván ZapataAtalanta, 31, FW","Duván Zapata Atalanta, 31, FW",20(4),1732,0.3,0.1,1.2,-,0.2,0.2,-,-,7.06
8,"29André-Frank Zambo AnguissaNapoli, 26, M(C)","André-Frank Zambo Anguissa Napoli, 26, M(C)",21(4),1925,2,1.0,1.5,-,1.2,1,0.2,-,7.05
9,"30Giovanni Di LorenzoNapoli, 28, D(CLR),M(R)","Giovanni Di Lorenzo Napoli, 28, D(CLR),M(R)",33,2873,1.8,1.2,1.1,0.2,1.2,0.8,0.3,-,7.04
0,"31Gerard DeulofeuUdinese, 28, AM(CLR),FW","Gerard Deulofeu Udinese, 28, AM(CLR),FW",31(3),2628,0.3,0.3,0.7,-,0.1,0.6,-,-,7.04
1,"32Sandro TonaliAC Milan, 22, DMC","Sandro Tonali AC Milan, 22, DMC",31(5),2608,1.5,0.9,1.3,-,0.5,0.6,0.2,-,7.02
2,"33Felipe AndersonLazio, 29, M(CLR),FW","Felipe Anderson Lazio, 29, M(CLR),FW",33(5),2900,1.9,0.5,1.1,-,0.4,1.9,0.2,-,7.02
3,"34Nicolás GonzálezFiorentina, 24, M(CLR),FW","Nicolás González Fiorentina, 24, M(CLR),FW",26(7),2361,0.6,0.6,0.9,-,0.1,0.6,0.1,-,7.02
4,"35Mattia ZaccagniLazio, 26, AM(CL),FW","Mattia Zaccagni Lazio, 26, AM(CL),FW",21(8),1881,1.1,0.7,1.0,-,0.1,0.3,0.1,-,7.01
5,"36Abdelhamid SabiriSampdoria, 25, AM(CL),FW","Abdelhamid Sabiri Sampdoria, 25, AM(CL),FW",9(5),895,2.4,0.5,1.5,-,0.2,1.3,0.1,-,7.0
6,"37José Luis PalominoAtalanta, 32, D(C)","José Luis Palomino Atalanta, 32, D(C)",30(4),2674,2.3,2.9,1.1,0.7,2.3,0.5,0.6,-,7.0
7,"38Henrikh MkhitaryanRoma, 33, M(CLR),FW","Henrikh Mkhitaryan Roma, 33, M(CLR),FW",29(2),2505,1.5,0.7,1.3,-,0.8,1.1,0.1,-,6.99
8,"39Olivier GiroudAC Milan, 35, FW","Olivier Giroud AC Milan, 35, FW",22(7),1905,0.5,0.1,1.1,-,0.7,0.5,0.1,-,6.99
9,"40Fikayo TomoriAC Milan, 24, D(CR)","Fikayo Tomori AC Milan, 24, D(CR)",30(1),2719,2.4,1.5,0.6,0.5,2.5,0.3,0.7,-,6.98
0,"41Mário RuiNapoli, 31, D(L),M(L)","Mário Rui Napoli, 31, D(L),M(L)",34,3002,2,1.2,0.9,0.3,1.3,1.3,0.2,-,6.98
1,"42Milan DjuricSalernitana, 32, FW","Milan Djuric Salernitana, 32, FW",23(10),2173,-,0.1,0.7,-,1,0.1,-,-,6.97
2,"43Luis AlbertoLazio, 29, AM(CL),FW","Luis Alberto Lazio, 29, AM(CL),FW",27(7),2363,0.9,0.4,0.4,-,0.2,1.3,0.1,-,6.96
3,"44Francesco BardiBologna, 30, GK","Francesco Bardi Bologna, 30, GK",2,178,-,-,-,-,-,-,-,-,6.96
4,"45Federico ChiesaJuventus, 24, M(CLR),FW","Federico Chiesa Juventus, 24, M(CLR),FW",11(3),868,1.9,0.3,0.6,-,0.1,1,-,-,6.94
5,"46Bryan CristanteRoma, 27, D(C),M(C)","Bryan Cristante Roma, 27, D(C),M(C)",29(5),2674,2.3,1.2,1.2,0.1,1.3,0.9,0.1,1,6.94
6,"47Antonio CandrevaSampdoria, 35, M(CLR)","Antonio Candreva Sampdoria, 35, M(CLR)",36,3132,0.8,0.9,0.5,-,0.3,1,0.1,-,6.94
7,"48Franck KessiéAC Milan, 25, M(C)","Franck Kessié AC Milan, 25, M(C)",25(6),2312,1.3,0.7,1.2,0.1,0.7,0.3,0.3,-,6.94
8,"49DaniloJuventus, 30, D(CLR),DMC","Danilo Juventus, 30, D(CLR),DMC",22,1895,1.7,1.5,0.9,0.3,2.1,0.5,0.5,-,6.93
9,"50Sergio RomeroVenezia, 35, GK","Sergio Romero Venezia, 35, GK",16,1440,0.1,0.1,0.1,-,1.3,-,-,-,6.93
0,"51Mike MaignanAC Milan, 26, GK","Mike Maignan AC Milan, 26, GK",32,2880,0.1,-,-,-,0.5,-,-,-,6.92
1,"52Robin GosensAtalanta, 27, D(L),M(CL)","Robin Gosens Atalanta, 27, D(L),M(CL)",5(1),462,1.2,1.5,0.5,-,0.2,0.7,-,-,6.92
2,"53Antonin BarakVerona, 27, AM(C)","Antonin Barak Verona, 27, AM(C)",27(2),2348,0.6,0.2,0.9,-,0.8,0.4,0.2,-,6.91
3,"54Ruslan MalinovskyiAtalanta, 29, M(CR),FW","Ruslan Malinovskyi Atalanta, 29, M(CR),FW",19(11),1603,0.6,0.2,1.3,-,-,0.5,0.1,-,6.91
4,"55Luca LezzeriniVenezia, 27, GK","Luca Lezzerini Venezia, 27, GK",6,496,-,-,-,-,-,-,-,-,6.9
5,"56Simone VerdiSalernitana, 29, AM(CLR),FW","Simone Verdi Salernitana, 29, AM(CLR),FW",11(4),838,0.8,0.2,0.7,-,-,0.7,-,-,6.9
6,"57Alessandro BastoniInter, 23, D(C)","Alessandro Bastoni Inter, 23, D(C)",29(2),2323,1.4,1.1,1,0.2,1.8,0.5,0.4,-,6.9
7,"58PedroLazio, 34, M(CLR),FW","Pedro Lazio, 34, M(CLR),FW",25(7),2043,1.1,0.2,1,-,0.3,1,0.1,-,6.89
8,"59Hamed TraorèSassuolo, 22, AM(CLR)","Hamed Traorè Sassuolo, 22, AM(CLR)",21(10),1780,1,0.4,1,-,0.1,1.2,0.1,-,6.89
9,"60Giovanni SimeoneVerona, 26, AM(R),FW","Giovanni Simeone Verona, 26, AM(R),FW",32(3),2669,0.8,0.2,1.6,-,0.6,0.9,0.1,-,6.89
0,"61Davide CalabriaAC Milan, 25, D(LR),M(R)","Davide Calabria AC Milan, 25, D(LR),M(R)",24(2),2124,2.4,0.9,0.6,0.2,1.1,1.3,0.2,-,6.89
1,"62Matthijs de LigtJuventus, 22, D(C)","Matthijs de Ligt Juventus, 22, D(C)",29(2),2675,1.1,0.8,1,0.2,3.1,0.1,0.7,-,6.87
2,"63Alex MeretNapoli, 25, GK","Alex Meret Napoli, 25, GK",7,620,-,-,-,-,0.6,-,-,-,6.87
3,"64Guglielmo VicarioEmpoli, 25, GK","Guglielmo Vicario Empoli, 25, GK",38,3420,-,-,-,-,0.8,-,-,-,6.87
4,"65Lukasz SkorupskiBologna, 31, GK","Lukasz Skorupski Bologna, 31, GK",36,3240,-,-,0.1,-,1.1,-,-,-,6.86
5,"66Pierre KaluluAC Milan, 22, D(CR)","Pierre Kalulu AC Milan, 22, D(CR)",21(7),1939,2.2,0.9,0.6,0.4,1.8,0.2,0.5,-,6.86
6,"67Etrit BerishaTorino, 33, GK","Etrit Berisha Torino, 33, GK",10,900,-,-,0.1,-,0.8,-,-,-,6.86
7,"68Junior MessiasAC Milan, 31, AM(CR),FW","Junior Messias AC Milan, 31, AM(CR),FW",14(12),1430,1.3,0.7,0.8,-,0.6,0.7,-,-,6.86
8,"69Mario PasalicAtalanta, 27, M(CL)","Mario Pasalic Atalanta, 27, M(CL)",24(13),2010,0.7,0.5,0.8,-,0.4,0.5,0.2,-,6.86
9,"70Dries MertensNapoli, 35, AM(CLR),FW","Dries Mertens Napoli, 35, AM(CLR),FW",16(14),1389,0.5,0.3,0.9,-,0.1,0.4,0.1,-,6.86
0,"71Marko ArnautovicBologna, 33, AM(CLR),FW","Marko Arnautovic Bologna, 33, AM(CLR),FW",32(1),2706,0.5,0.2,1.4,-,0.5,0.7,0.1,-,6.85
1,"72Hirving LozanoNapoli, 26, AM(LR),FW","Hirving Lozano Napoli, 26, AM(LR),FW",20(10),1622,0.9,0.3,0.9,-,0.3,0.7,-,-,6.85
2,"73Sasa LukicTorino, 25, M(C)","Sasa Lukic Torino, 25, M(C)",34(1),2987,1.5,0.7,2.4,0.1,1.1,0.7,0.2,-,6.85
3,"74Dusan VlahovicJuventus, 22, FW","Dusan Vlahovic Juventus, 22, FW",12(3),1078,-,-,0.5,-,0.5,0.3,-,-,6.85
4,"75BetoUdinese, 24, FW","Beto Udinese, 24, FW",24(4),2175,0.8,0.2,1.9,-,0.9,0.4,-,-,6.84
5,"76Adrien TamezeVerona, 28, M(C)","Adrien Tameze Verona, 28, M(C)",26(12),2580,1.4,1.4,0.9,-,1.0,1.0,0.1,-,6.84
6,"77Jerdy SchoutenBologna, 25, DMC","Jerdy Schouten Bologna, 25, DMC",16(1),1394,1.5,1.9,1.0,-,1.7,0.8,0.3,-,6.84
7,"78Josip IlicicAtalanta, 34, AM(CLR),FW","Josip Ilicic Atalanta, 34, AM(CLR),FW",8(12),837,0.4,0.2,0.7,-,0.1,0.7,0.1,-,6.84
8,"79Álvaro MorataJuventus, 29, AM(L),FW","Álvaro Morata Juventus, 29, AM(L),FW",26(9),2312,0.5,0.1,1.4,-,0.6,0.7,-,-,6.83
9,"80Nicolás DomínguezBologna, 23, DMC","Nicolás Domínguez Bologna, 23, DMC",23(5),2027,2.7,1.1,0.9,-,1.1,1.6,0.3,-,6.83
0,"81Amir RrahmaniNapoli, 28, D(CL)","Amir Rrahmani Napoli, 28, D(CL)",33,2928,0.6,0.6,0.7,0.3,2.5,0.1,0.8,-,6.83
1,"82Adrian SemperGenoa, 24, GK","Adrian Semper Genoa, 24, GK",1,90,-,-,-,-,-,-,-,-,6.83
2,"83Zlatan IbrahimovicAC Milan, 40, FW","Zlatan Ibrahimovic AC Milan, 40, FW",11(12),1009,-,0.1,0.7,-,0.4,0.1,-,1,6.82
3,"84Gianluca ScamaccaSassuolo, 23, FW","Gianluca Scamacca Sassuolo, 23, FW",25(11),2155,0.5,0.1,1.4,-,0.6,0.4,-,-,6.82
4,"85David OspinaNapoli, 33, GK","David Ospina Napoli, 33, GK",31,2790,-,-,-,-,0.5,-,-,-,6.82
5,"86Teun KoopmeinersAtalanta, 24, D(C),M(C)","Teun Koopmeiners Atalanta, 24, D(C),M(C)",23(7),2129,1.3,0.5,1.2,-,0.5,1.1,0.1,1,6.82
6,"87ÉdersonSalernitana, 22, DMC","Éderson Salernitana, 22, DMC",13(2),1153,1.9,1.3,1.2,0.1,0.5,0.8,0.1,-,6.82
7,"88Riccardo StivanelloBologna, 18, Defender","Riccardo Stivanello Bologna, 18, Defender",0(1),45,1,-,-,-,6,-,2,-,6.82
8,"89Adrien RabiotJuventus, 27, DMC,M(L)","Adrien Rabiot Juventus, 27, DMC,M(L)",28(4),2294,2,0.6,1.4,-,1,0.6,0.3,-,6.82
9,"90Milan SkriniarInter, 27, D(C)","Milan Skriniar Inter, 27, D(C)",35,3150,1.3,0.7,1.2,0.3,2.5,0.5,0.7,-,6.82
0,"91Denzel DumfriesInter, 26, D(R),M(R)","Denzel Dumfries Inter, 26, D(R),M(R)",21(12),2028,1.0,0.3,1.0,0.1,0.5,0.5,0.2,-,6.81
1,"92Jordan VeretoutRoma, 29, M(C)","Jordan Veretout Roma, 29, M(C)",26(10),2329,0.9,0.8,0.5,-,0.6,0.7,-,-,6.81
2,"93Manuel LocatelliJuventus, 24, M(C)","Manuel Locatelli Juventus, 24, M(C)",23(8),2161,1.4,0.7,1.4,-,1.1,0.8,0.7,-,6.81
3,"94Wilfried Stephane SingoTorino, 21, M(R)","Wilfried Stephane Singo Torino, 21, M(R)",32(3),2626,1.6,0.7,1.2,-,1.2,0.3,0.2,-,6.8
4,"95Simone BastoniSpezia, 25, D(L),DMC,M(L)","Simone Bastoni Spezia, 25, D(L),DMC,M(L)",26(5),2291,1.7,1.0,1.0,-,0.9,1.4,0.4,-,6.8
5,"96Szymon ZurkowskiEmpoli, 24, M(C)","Szymon Zurkowski Empoli, 24, M(C)",29(6),2320,1.7,1.0,1.2,-,0.8,1.1,0.3,-,6.8
6,"97Giorgio AltareCagliari, 23, D(C)","Giorgio Altare Cagliari, 23, D(C)",17(2),1469,2.1,1.6,1.8,0.3,3.7,0.3,0.3,-,6.8
7,"98SamirUdinese, 27, D(CL)","Samir Udinese, 27, D(CL)",17,1427,2.1,2.5,1.9,0.3,3.4,0.6,0.4,-,6.8
8,"99IbañezRoma, 23, D(C)","Ibañez Roma, 23, D(C)",32(2),2888,1.6,1.8,1.4,0.6,2.8,0.5,0.2,-,6.8
9,"100Iyenoma UdogieUdinese, 19, M(L)","Iyenoma Udogie Udinese, 19, M(L)",29(6),2486,1.8,0.8,1.0,0.2,1.0,0.8,0.2,-,6.8
0,"101Milan BadeljGenoa, 33, M(C)","Milan Badelj Genoa, 33, M(C)",34,2853,1.9,2.5,1.1,0.1,1.2,1.4,0.2,-,6.79
1,"102Sérgio OliveiraRoma, 30, DMC","Sérgio Oliveira Roma, 30, DMC",13(1),902,1.9,0.7,0.9,-,0.4,1.1,-,-,6.79
2,"103Samir HandanovicInter, 37, GK","Samir Handanovic Inter, 37, GK",37,3330,-,-,-,-,0.5,-,-,-,6.79
3,"104Petar StojanovicEmpoli, 26, D(R)","Petar Stojanovic Empoli, 26, D(R)",32(1),2741,2.9,0.8,1.4,0.2,1.6,1.7,0.4,-,6.79
4,"105Ismaël BennacerAC Milan, 24, DMC","Ismaël Bennacer AC Milan, 24, DMC",15(16),1523,1.4,0.8,0.8,-,0.5,0.9,0.1,-,6.78
5,"106Morten FrendrupGenoa, 21, DMC","Morten Frendrup Genoa, 21, DMC",6(4),694,4,1.7,1,-,0.6,1.6,0.2,-,6.78
6,"107Marten de RoonAtalanta, 31, D(C),DMC","Marten de Roon Atalanta, 31, D(C),DMC",28(2),2549,2.3,1.5,1.7,0.3,1.4,0.9,0.1,-,6.78
7,"108Marco FaraoniVerona, 30, D(R),M(R)","Marco Faraoni Verona, 30, D(R),M(R)",30(2),2583,1.9,0.7,0.8,-,1.7,1,0.2,-,6.77
8,"109João PedroCagliari, 30, AM(CLR),FW","João Pedro Cagliari, 30, AM(CLR),FW",37,3325,0.4,0.2,1.8,-,0.5,0.4,0.1,-,6.77
9,"110Josip BrekaloTorino, 23, AM(CLR),FW","Josip Brekalo Torino, 23, AM(CLR),FW",26(6),2297,0.3,0.1,0.6,-,0.2,0.6,-,-,6.77
0,"111Davide FrattesiSassuolo, 22, DMC","Davide Frattesi Sassuolo, 22, DMC",35(1),2885,1.3,0.8,1.3,0.1,1.6,0.7,0.3,1,6.77
1,"112Federico DimarcoInter, 24, D(CL),M(L)","Federico Dimarco Inter, 24, D(CL),M(L)",13(19),1422,0.9,0.6,0.5,-,0.4,0.3,-,-,6.77
2,"113Ivan ProvedelSpezia, 28, GK","Ivan Provedel Spezia, 28, GK",31,2762,-,0.1,0.1,-,1.1,-,-,1,6.76
3,"114Maxime LopezSassuolo, 24, M(CR)","Maxime Lopez Sassuolo, 24, M(CR)",33(2),2942,2,1.2,1.1,-,1.0,1.5,0.2,-,6.76
4,"115Pablo MaríUdinese, 28, D(C)","Pablo Marí Udinese, 28, D(C)",15,1342,1.1,1.4,1.3,0.5,4.6,0.5,0.8,-,6.76
5,"116Cristiano BiraghiFiorentina, 29, D(L),M(L)","Cristiano Biraghi Fiorentina, 29, D(L),M(L)",37,3167,1,0.5,0.8,0.4,0.7,0.8,0.3,1,6.76
6,"117Merih DemiralAtalanta, 24, D(C)","Merih Demiral Atalanta, 24, D(C)",22(6),1916,1.1,2.1,1.0,0.4,2.3,0.5,0.5,-,6.75
7,"118Giacomo BonaventuraFiorentina, 32, M(CLR)","Giacomo Bonaventura Fiorentina, 32, M(CLR)",28(3),2280,1.1,0.5,1.0,-,0.3,0.8,0.1,-,6.75
8,"119Musa BarrowBologna, 23, AM(CL),FW","Musa Barrow Bologna, 23, AM(CL),FW",25(9),2147,0.4,0.2,0.3,-,0.1,0.4,-,-,6.75
9,"120Nikola MilenkovicFiorentina, 24, D(CR)","Nikola Milenkovic Fiorentina, 24, D(CR)",34,2932,1.6,1.1,1.4,1.3,2.7,0.1,0.4,-,6.75
0,"121Giacomo RaspadoriSassuolo, 22, AM(CL),FW","Giacomo Raspadori Sassuolo, 22, AM(CL),FW",32(4),2757,0.8,0.3,0.8,-,0.3,0.8,0.1,-,6.75
1,"122Emil BohinenSalernitana, 23, M(C)","Emil Bohinen Salernitana, 23, M(C)",8(3),699,1.4,1.1,1.5,0.1,1.2,0.9,0.3,-,6.75
2,"123Chris SmallingRoma, 32, D(CR)","Chris Smalling Roma, 32, D(CR)",23(4),2088,1.3,1.0,0.3,0.2,3.3,0.3,0.9,1,6.74
3,"124Alessio RomagnoliAC Milan, 27, D(CL)","Alessio Romagnoli AC Milan, 27, D(CL)",16(3),1408,1.3,1.0,0.9,0.3,2.3,0.2,0.6,-,6.74
4,"125Giorgio ChielliniJuventus, 37, D(C)","Giorgio Chiellini Juventus, 37, D(C)",16(5),1354,1.0,1.0,0.7,0.2,2.7,0.3,0.9,-,6.74
5,"126Andrea PinamontiEmpoli, 23, FW","Andrea Pinamonti Empoli, 23, FW",32(4),2871,0.3,0.2,0.9,-,0.6,0.4,0.1,-,6.74
6,"127Francesco AcerbiLazio, 34, D(C)","Francesco Acerbi Lazio, 34, D(C)",29(1),2530,0.8,1.1,0.6,0.6,3.0,0.2,0.9,-,6.73
7,"128Mattia BaniGenoa, 28, D(C)","Mattia Bani Genoa, 28, D(C)",13(4),1214,1.4,1.2,0.8,0.1,4.4,0.2,0.6,-,6.73
8,"129Domenico CriscitoGenoa, 35, D(CL),M(L)","Domenico Criscito Genoa, 35, D(CL),M(L)",18(2),1622,1.9,2.0,1.1,0.3,2.6,0.5,0.6,-,6.73
9,"130Rafael TolóiAtalanta, 31, D(C)","Rafael Tolói Atalanta, 31, D(C)",16(4),1440,1.9,1.3,1.4,0.3,1.8,0.8,0.6,-,6.73
0,"131Nicolò RovellaGenoa, 20, DMC","Nicolò Rovella Genoa, 20, DMC",16(5),1467,1.8,1,1.2,-,0.7,1.2,-,-,6.73
1,"132Wojciech SzczesnyJuventus, 32, GK","Wojciech Szczesny Juventus, 32, GK",33,2970,-,-,0.1,-,0.6,-,-,-,6.73
2,"133Lucas MartínezFiorentina, 26, D(C)","Lucas Martínez Fiorentina, 26, D(C)",16(4),1431,1.8,1,1.5,0.6,2.3,0.7,0.5,-,6.73
3,"134Ethan AmpaduVenezia, 21, D(C),DMC","Ethan Ampadu Venezia, 21, D(C),DMC",26(3),2289,2.3,1.8,1.6,-,2.5,1.2,0.7,-,6.73
4,"135Weston McKennieJuventus, 23, D(C),M(CLR)","Weston McKennie Juventus, 23, D(C),M(CLR)",15(6),1372,1,1.1,0.9,-,0.9,0.9,0.4,-,6.73
5,"136Stefan de VrijInter, 30, D(C)","Stefan de Vrij Inter, 30, D(C)",28(2),2413,1.3,1.1,0.6,0.4,1.7,0.2,0.3,1,6.73
6,"137Giorgos KyriakopoulosSassuolo, 26, D(L)","Giorgos Kyriakopoulos Sassuolo, 26, D(L)",22(7),1973,1,0.4,1.0,0.3,1.4,0.7,0.3,-,6.73
7,"138Alberto GrassiCagliari, 27, DMC","Alberto Grassi Cagliari, 27, DMC",26(4),2185,1.6,2.1,0.9,0.1,1.0,0.7,0.3,-,6.73
8,"139Stanislav LobotkaNapoli, 27, DMC","Stanislav Lobotka Napoli, 27, DMC",19(4),1687,1.7,0.5,0.8,-,0.5,1,-,-,6.73
9,"140Darko LazovicVerona, 31, M(CLR)","Darko Lazovic Verona, 31, M(CLR)",32(2),2783,1.1,0.6,0.4,0.1,1.1,0.5,0.1,-,6.72
0,"141Filip DjuricicSassuolo, 30, AM(CLR),FW","Filip Djuricic Sassuolo, 30, AM(CLR),FW",9(3),678,1.1,0.3,0.8,-,-,0.7,0.1,-,6.72
1,"142Mërgim VojvodaTorino, 27, D(CR),M(LR)","Mërgim Vojvoda Torino, 27, D(CR),M(LR)",22(7),1978,1.3,0.7,0.7,0.1,1.4,0.6,0.3,-,6.72
2,"143Remo FreulerAtalanta, 30, DMC","Remo Freuler Atalanta, 30, DMC",28(1),2380,2.4,1.2,1.5,-,0.8,1.4,0.3,1,6.71
3,"144Johan VásquezGenoa, 23, D(CL)","Johan Vásquez Genoa, 23, D(CL)",27(1),2282,2.8,1.5,1.1,0.3,2.9,1,0.4,-,6.71
4,"145Piotr ZielinskiNapoli, 28, M(CL)","Piotr Zielinski Napoli, 28, M(CL)",26(9),2099,0.5,0.2,0.5,-,0.1,0.4,0.1,-,6.71
5,"146Fernando ForestieriUdinese, 32, AM(CL),FW","Fernando Forestieri Udinese, 32, AM(CL),FW",0(4),53,-,-,0.8,-,0.3,0.3,-,-,6.71
6,"147Andrea BelottiTorino, 28, FW","Andrea Belotti Torino, 28, FW",16(6),1378,0.3,0.1,1.2,-,0.4,0.4,0.2,-,6.71
7,"148Manolo GabbiadiniSampdoria, 30, AM(CLR),FW","Manolo Gabbiadini Sampdoria, 30, AM(CLR),FW",15(3),1147,0.3,0.2,0.7,-,0.5,0.3,0.1,-,6.71
8,"149Sebastiano LupertoEmpoli, 25, D(C)","Sebastiano Luperto Empoli, 25, D(C)",22(2),1957,1.2,1.9,1.3,0.4,5.4,0.4,1.1,-,6.71
9,"150Boris RadunovicCagliari, 26, GK","Boris Radunovic Cagliari, 26, GK",4,271,-,-,-,-,0.3,-,-,-,6.7
0,"151Leonardo BonucciJuventus, 35, D(C)","Leonardo Bonucci Juventus, 35, D(C)",22(2),2004,0.6,1.1,0.7,0.2,3.4,0.2,0.7,-,6.7
1,"152Daniele VerdeSpezia, 25, AM(CLR)","Daniele Verde Spezia, 25, AM(CLR)",21(12),1959,0.3,0.5,0.1,-,0.2,0.3,0.1,-,6.7
2,"153Joaquín CorreaInter, 27, AM(CL),FW","Joaquín Correa Inter, 27, AM(CL),FW",12(14),1024,0.4,0.1,0.6,-,0.1,0.5,-,-,6.7
3,"154Federico FazioSalernitana, 35, D(C)","Federico Fazio Salernitana, 35, D(C)",16,1435,1.1,1.7,1.0,0.3,4.2,0.2,1,-,6.7
4,"155Aaron HickeyBologna, 19, D(L),M(L)","Aaron Hickey Bologna, 19, D(L),M(L)",34(2),2835,1.3,0.8,1.1,0.2,1.0,0.3,0.4,-,6.69
5,"156Mikkel DamsgaardSampdoria, 21, AM(CL)","Mikkel Damsgaard Sampdoria, 21, AM(CL)",6(5),576,2.5,0.6,0.9,-,0.6,1.5,0.1,-,6.69
6,"157WalaceUdinese, 27, DMC","Walace Udinese, 27, DMC",33(3),2972,2.3,1.5,1.3,-,0.9,1.8,0.1,-,6.69
7,"158Jovane CabralLazio, 23, AM(CLR),FW","Jovane Cabral Lazio, 23, AM(CLR),FW",2(1),192,0.7,0.3,1.7,-,0.3,-,0.3,-,6.69
8,"159Danilo D'AmbrosioInter, 33, D(CLR),M(LR)","Danilo D'Ambrosio Inter, 33, D(CLR),M(LR)",9(11),990,1.5,0.4,0.7,0.1,0.9,0.6,0.5,-,6.69
9,"160Tommaso PobegaTorino, 22, AM(C)","Tommaso Pobega Torino, 22, AM(C)",24(9),2240,1.5,0.8,2.3,-,1.1,0.6,0.1,-,6.69
0,"161Nedim BajramiEmpoli, 23, AM(C)","Nedim Bajrami Empoli, 23, AM(C)",23(12),2063,0.6,0.1,0.5,-,0.2,0.3,-,-,6.68
1,"162Alexis SaelemaekersAC Milan, 22, M(R)","Alexis Saelemaekers AC Milan, 22, M(R)",22(14),1869,1.2,0.4,0.8,0.1,0.2,1.0,-,-,6.68
2,"163Ales MatejuVenezia, 26, D(CLR)","Ales Mateju Venezia, 26, D(CLR)",9,731,1.8,1.0,1.4,0.1,1.3,1.8,0.7,-,6.68
3,"164Mattia AramuVenezia, 27, AM(CR)","Mattia Aramu Venezia, 27, AM(CR)",25(7),2112,0.6,0.3,0.9,-,0.6,0.8,0.1,-,6.68
4,"165Mattia VitiEmpoli, 20, D(C)","Mattia Viti Empoli, 20, D(C)",16(4),1489,1.4,1.5,0.8,0.6,3.3,0.5,1.3,1,6.68
5,"166Nahuel MolinaUdinese, 24, D(R),M(R)","Nahuel Molina Udinese, 24, D(R),M(R)",31(4),2650,1.2,0.6,0.9,0.1,1.0,0.9,0.1,-,6.68
6,"167Mohamed FaresGenoa, 26, D(L),M(L)","Mohamed Fares Genoa, 26, D(L),M(L)",6(3),586,0.4,0.9,1.1,0.1,1.0,0.4,0.3,-,6.68
7,"168Andrea RanocchiaInter, 34, D(C)","Andrea Ranocchia Inter, 34, D(C)",3(3),338,1.3,0.7,0.7,0.2,2.7,0.3,0.5,-,6.68
8,"169Simone RomagnoliEmpoli, 32, D(C)","Simone Romagnoli Empoli, 32, D(C)",17(2),1498,1.5,0.5,0.9,0.3,4.5,0.3,1.5,1,6.68
9,"170Francesco CaputoSampdoria, 34, FW","Francesco Caputo Sampdoria, 34, FW",31(5),2799,0.1,0.1,0.6,-,0.3,0.1,-,-,6.68
0,"171Ola AinaTorino, 25, D(CLR),M(LR)","Ola Aina Torino, 25, D(CLR),M(LR)",17(4),1442,1.3,1.3,0.9,0.1,1.2,0.4,0.1,-,6.68
1,"172Bartosz BereszynskiSampdoria, 29, D(CR),M(R)","Bartosz Bereszynski Sampdoria, 29, D(CR),M(R)",35,2956,1.8,1.2,1,0.3,1.5,1.2,0.3,-,6.67
2,"173Nicolò ZanioloRoma, 22, AM(CR),FW","Nicolò Zaniolo Roma, 22, AM(CR),FW",23(5),1985,0.9,0.3,1.9,-,0.2,0.8,-,-,6.67
3,"174Lucas TorreiraFiorentina, 26, DMC","Lucas Torreira Fiorentina, 26, DMC",26(5),2201,1.2,0.8,1.2,-,0.5,0.7,-,-,6.67
4,"175Davide BiraschiGenoa, 27, D(CR),M(R)","Davide Biraschi Genoa, 27, D(CR),M(R)",11(3),935,2.2,1.1,0.9,0.4,1.9,0.5,0.6,-,6.67
5,"176Riccardo OrsoliniBologna, 25, M(CR),FW","Riccardo Orsolini Bologna, 25, M(CR),FW",21(8),1794,0.7,0.2,0.7,-,0.4,0.6,0.1,-,6.67
6,"177Pasquale MazzocchiSalernitana, 26, D(R),M(R)","Pasquale Mazzocchi Salernitana, 26, D(R),M(R)",15,1277,1.9,0.7,1.2,0.3,1.9,1.3,-,-,6.67
7,"178Luigi SepeSalernitana, 31, GK","Luigi Sepe Salernitana, 31, GK",16,1394,-,0.1,-,-,0.4,-,-,-,6.67
8,"179Jakub KiwiorSpezia, 22, DMC","Jakub Kiwior Spezia, 22, DMC",21(1),1963,2.3,1.8,1.2,-,2.2,1.4,0.7,-,6.66
9,"180Emil AuderoSampdoria, 25, GK","Emil Audero Sampdoria, 25, GK",29,2562,0.1,0.1,-,-,0.9,0.1,-,-,6.66
0,"181Morten ThorsbySampdoria, 26, M(CLR)","Morten Thorsby Sampdoria, 26, M(CLR)",35,2952,1.3,0.7,2.3,-,1.1,0.8,0.3,-,6.66
1,"182Omar ColleySampdoria, 29, D(C)","Omar Colley Sampdoria, 29, D(C)",31(1),2749,1.5,2.5,0.8,0.4,4.2,0.3,0.6,-,6.66
2,"183Nicola ZalewskiRoma, 20, M(L)","Nicola Zalewski Roma, 20, M(L)",9(7),799,2.0,1.0,0.6,-,0.1,0.9,0.1,-,6.66
3,"184Luiz FelipeLazio, 25, D(C)","Luiz Felipe Lazio, 25, D(C)",28(3),2494,1.3,1.1,0.9,0.5,3.2,0.5,1.1,-,6.66
4,"185Mattias SvanbergBologna, 23, M(CL)","Mattias Svanberg Bologna, 23, M(CL)",31(5),2576,1.1,0.8,1.0,-,0.8,1.1,0.3,-,6.66
5,"186Koray GünterVerona, 27, D(C)","Koray Günter Verona, 27, D(C)",29(1),2416,1.1,2.3,1.4,0.2,3.5,0.5,0.7,1,6.66
6,"187Mattia CaldaraVenezia, 28, D(C)","Mattia Caldara Venezia, 28, D(C)",30(1),2703,1.5,2.0,0.9,0.4,4.6,0.5,1.2,-,6.66
7,"188Rodrigo BentancurJuventus, 24, M(C)","Rodrigo Bentancur Juventus, 24, M(C)",13(6),1157,1.7,1.4,1.3,-,0.7,0.7,0.1,-,6.65
8,"189Antonio SanabriaTorino, 26, FW","Antonio Sanabria Torino, 26, FW",22(7),1814,0.1,0.1,0.9,-,0.3,0.1,0.1,-,6.65
9,"190Rodrigo BecãoUdinese, 26, D(C)","Rodrigo Becão Udinese, 26, D(C)",35,3132,2.3,1.2,1.6,0.3,2.5,0.7,0.6,-,6.65
0,"191Ivan IlicVerona, 21, M(C)","Ivan Ilic Verona, 21, M(C)",30(2),2537,1.2,0.7,1.4,-,1.7,1.1,0.4,1,6.65
1,"192Mamadou CoulibalySalernitana, 23, M(C)","Mamadou Coulibaly Salernitana, 23, M(C)",9(3),810,1.3,0.9,1.3,-,0.5,1.1,-,-,6.64
2,"193Francesco CaputoSassuolo, 34, FW","Francesco Caputo Sassuolo, 34, FW",2,158,-,-,-,-,-,-,-,-,6.64
3,"194Nahitan NándezCagliari, 26, M(CLR)","Nahitan Nández Cagliari, 26, M(CLR)",16(5),1521,1.9,0.4,1.3,-,0.7,0.7,-,-,6.63
4,"195Alessandro FlorenziAC Milan, 31, D(R),M(CLR)","Alessandro Florenzi AC Milan, 31, D(R),M(CLR)",12(12),1152,1.2,1.1,0.4,0.1,0.3,0.8,0.1,-,6.63
5,"196Stefano SensiSampdoria, 26, AM(C)","Stefano Sensi Sampdoria, 26, AM(C)",10(1),761,1.6,0.5,1.6,-,0.4,1.2,-,-,6.63
6,"197Bram NuytinckUdinese, 32, D(C)","Bram Nuytinck Udinese, 32, D(C)",23(4),2037,1.4,0.8,0.6,0.4,3.5,0.7,1.1,-,6.63
7,"198Silvan HeftiGenoa, 24, D(R)","Silvan Hefti Genoa, 24, D(R)",14(2),1290,3.1,1.3,0.8,0.5,1.8,1.6,0.3,-,6.63
8,"199Davide ZappacostaAtalanta, 29, D(R),M(LR)","Davide Zappacosta Atalanta, 29, D(R),M(LR)",29(5),2360,0.9,0.4,0.9,0.1,0.5,0.5,0.1,-,6.63
9,"200Brahim DíazAC Milan, 22, AM(CLR)","Brahim Díaz AC Milan, 22, AM(CLR)",25(6),1872,0.7,0.3,0.7,-,0.1,0.5,-,-,6.62
0,"201Alexis SánchezInter, 33, M(CLR),FW","Alexis Sánchez Inter, 33, M(CLR),FW",7(20),863,0.3,0.1,0.4,-,0.1,0.3,-,-,6.62
1,"202Igor JulioFiorentina, 24, D(C),M(L)","Igor Julio Fiorentina, 24, D(C),M(L)",23(7),2240,1.8,1,0.9,0.8,1.4,0.3,0.6,-,6.62
2,"203Alex FerrariSampdoria, 27, D(CR)","Alex Ferrari Sampdoria, 27, D(CR)",20(3),1653,1.7,1.7,1.3,0.3,2.7,0.6,1,-,6.62
3,"204Matteo PessinaAtalanta, 25, AM(C)","Matteo Pessina Atalanta, 25, AM(C)",18(9),1444,1,0.5,0.6,-,0.2,0.7,0.1,-,6.62
4,"205Koffi DjidjiTorino, 29, D(CL)","Koffi Djidji Torino, 29, D(CL)",21(4),1738,1.9,1.4,1.0,0.4,2.3,0.2,0.4,-,6.61
5,"206Jérémie BogaSassuolo, 25, AM(CLR),FW","Jérémie Boga Sassuolo, 25, AM(CLR),FW",8(4),672,0.6,0.2,0.1,-,-,0.1,-,-,6.61
6,"207Andrea ConsigliSassuolo, 35, GK","Andrea Consigli Sassuolo, 35, GK",37,3322,-,-,0.1,-,0.8,0.1,-,-,6.61
7,"208Rolando MandragoraTorino, 24, DMC","Rolando Mandragora Torino, 24, DMC",16(5),1319,1,0.5,1.2,-,0.6,0.4,0.2,-,6.61
8,"209Arthur TheateBologna, 22, D(C)","Arthur Theate Bologna, 22, D(C)",28(3),2428,1.1,1.4,0.8,0.5,2,0.5,0.5,-,6.61
9,"210Roberto SorianoBologna, 31, AM(CLR)","Roberto Soriano Bologna, 31, AM(CLR)",32(3),2639,1.6,0.6,1.4,-,0.9,1.1,0.1,-,6.61
0,"211Mattia De SciglioJuventus, 29, D(CLR),M(LR)","Mattia De Sciglio Juventus, 29, D(CLR),M(LR)",13(7),1168,1.2,0.5,0.8,-,1.3,0.7,-,-,6.61
1,"212Pawel DawidowiczVerona, 27, D(C)","Pawel Dawidowicz Verona, 27, D(C)",13(4),1196,1.8,1.2,1.5,0.4,3.0,0.5,0.6,-,6.6
2,"213Pietro TerraccianoFiorentina, 32, GK","Pietro Terracciano Fiorentina, 32, GK",31(1),2860,-,0.1,-,-,1.3,0.1,-,-,6.6
3,"214Berat DjimsitiAtalanta, 29, D(C)","Berat Djimsiti Atalanta, 29, D(C)",25(6),2257,1.4,1,0.7,0.3,1.7,0.5,0.4,1,6.6
4,"215Rui PatrícioRoma, 34, GK","Rui Patrício Roma, 34, GK",38,3420,-,-,-,-,0.3,-,-,-,6.6
5,"216Rick KarsdorpRoma, 27, D(R),M(R)","Rick Karsdorp Roma, 27, D(R),M(R)",32(4),2890,1.5,0.9,0.8,0.2,0.6,0.6,0.1,-,6.59
6,"217Luca PellegriniJuventus, 23, D(L),M(L)","Luca Pellegrini Juventus, 23, D(L),M(L)",15(3),1117,1.3,0.3,1.3,-,0.9,0.4,0.1,-,6.59
7,"218Aleksey MiranchukAtalanta, 26, M(CR),FW","Aleksey Miranchuk Atalanta, 26, M(CR),FW",7(12),769,0.6,0.1,0.7,-,0.3,0.4,-,-,6.59
8,"219Gianluca ManciniRoma, 26, D(C),DMC","Gianluca Mancini Roma, 26, D(C),DMC",33,2884,1.2,1.2,1.8,0.8,2.0,0.5,0.6,-,6.59
9,"220Salvatore SiriguGenoa, 35, GK","Salvatore Sirigu Genoa, 35, GK",37,3330,-,-,-,-,0.6,-,-,1,6.59
0,"221Simon KjaerAC Milan, 33, D(C)","Simon Kjaer AC Milan, 33, D(C)",10(1),806,1.8,0.8,1.8,0.3,3.3,0.5,1.2,1,6.59
1,"222Nicolò CasaleVerona, 24, D(C)","Nicolò Casale Verona, 24, D(C)",30(6),2596,1.3,1.4,1.2,0.1,2.4,0.4,0.3,-,6.58
2,"223Daniele PadelliUdinese, 36, GK","Daniele Padelli Udinese, 36, GK",3,270,-,-,-,-,1.0,-,-,-,6.58
3,"224Marco SportielloAtalanta, 30, GK","Marco Sportiello Atalanta, 30, GK",6,451,-,-,-,-,0.8,-,-,-,6.58
4,"225Kevin AgudeloSpezia, 23, AM(CR),FW","Kevin Agudelo Spezia, 23, AM(CR),FW",12(11),1236,1.9,0.3,1.6,-,0.2,0.6,-,-,6.58
5,"226Adam MarusicLazio, 29, D(CLR),M(LR)","Adam Marusic Lazio, 29, D(CLR),M(LR)",30(3),2720,0.9,1.2,0.8,0.2,1.8,0.6,0.2,-,6.58
6,"227Ricardo RodríguezTorino, 29, D(CL),M(L)","Ricardo Rodríguez Torino, 29, D(CL),M(L)",28(6),2472,1.1,1.2,0.8,0.4,1.4,0.4,0.2,-,6.58
7,"228Alessandro BuongiornoTorino, 23, D(C)","Alessandro Buongiorno Torino, 23, D(C)",12(11),1184,0.9,1.3,1.2,0.1,1.9,0.2,0.3,-,6.58
8,"229Juan MussoAtalanta, 28, GK","Juan Musso Atalanta, 28, GK",33,2932,-,-,0.1,-,0.7,-,-,-,6.58
9,"230Matteo DarmianInter, 32, D(CLR),M(LR)","Matteo Darmian Inter, 32, D(CLR),M(LR)",18(7),1509,1.3,0.8,0.9,0.1,0.9,1,-,-,6.58
0,"231Raoul BellanovaCagliari, 22, M(R)","Raoul Bellanova Cagliari, 22, M(R)",27(4),2498,0.9,0.7,0.3,0.2,1.3,0.7,0.3,-,6.58
1,"232Alex SandroJuventus, 31, D(CL),M(L)","Alex Sandro Juventus, 31, D(CL),M(L)",17(11),1776,1.0,1,1.1,0.2,1.3,0.5,0.2,1,6.57
2,"233Danilo CataldiLazio, 27, M(C)","Danilo Cataldi Lazio, 27, M(C)",19(13),1713,1.1,0.5,0.6,-,0.5,0.8,0.4,-,6.57
3,"234Federico BernardeschiJuventus, 28, M(CLR),FW","Federico Bernardeschi Juventus, 28, M(CLR),FW",16(12),1480,0.6,0.2,0.6,-,0.5,0.3,0.1,-,6.57
4,"235Erick PulgarFiorentina, 28, DMC","Erick Pulgar Fiorentina, 28, DMC",4(2),341,1.0,0.8,0.8,-,0.3,0.8,0.2,-,6.57
5,"236Jérémie BogaAtalanta, 25, AM(CLR),FW","Jérémie Boga Atalanta, 25, AM(CLR),FW",7(8),765,0.5,0.1,0.1,-,0.1,0.1,-,-,6.57
6,"237Dennis PraetTorino, 28, AM(CR)","Dennis Praet Torino, 28, AM(CR)",17(6),1544,0.8,0.1,0.9,-,0.2,0.6,-,-,6.57
7,"238Thomas HenryVenezia, 27, FW","Thomas Henry Venezia, 27, FW",23(10),2122,0.3,0.1,1.5,-,0.8,0.2,0.2,2,6.57
8,"239Samuele RicciEmpoli, 20, M(C)","Samuele Ricci Empoli, 20, M(C)",17(4),1533,1.6,1.5,0.8,-,0.8,0.7,0.2,-,6.57
9,"240Alessio CragnoCagliari, 27, GK","Alessio Cragno Cagliari, 27, GK",35,3150,0.1,-,-,-,0.7,-,-,-,6.57
0,"241Riccardo SaponaraFiorentina, 30, AM(CL)","Riccardo Saponara Fiorentina, 30, AM(CL)",13(16),1287,0.3,-,0.2,-,0.1,0.3,-,-,6.57
1,"242Grigoris KastanosSalernitana, 24, AM(CR)","Grigoris Kastanos Salernitana, 24, AM(CR)",16(11),1346,1.1,0.8,1.0,-,0.3,0.6,0.2,-,6.57
2,"243Matias ViñaRoma, 24, D(L),M(L)","Matias Viña Roma, 24, D(L),M(L)",18(8),1566,1.8,1,0.3,0.1,1.0,1.2,0.1,-,6.57
3,"244Matteo PolitanoNapoli, 28, AM(CLR),FW","Matteo Politano Napoli, 28, AM(CLR),FW",20(13),1659,0.7,0.4,0.4,-,0.1,1.2,0.1,-,6.56
4,"245Jean-Victor MakengoUdinese, 23, AM(CL)","Jean-Victor Makengo Udinese, 23, AM(CL)",26(7),2360,0.9,0.6,0.8,-,0.4,0.4,0.2,-,6.56
5,"246RogerioSassuolo, 24, D(L),M(L)","Rogerio Sassuolo, 24, D(L),M(L)",19(4),1733,0.9,0.8,0.7,0.7,1.7,0.3,0.3,-,6.56
6,"247Ainsley Maitland-NilesRoma, 24, D(LR),M(CLR)","Ainsley Maitland-Niles Roma, 24, D(LR),M(CLR)",7(1),493,1.0,0.8,0.8,0.1,0.4,1.1,-,-,6.56
7,"248Ridgeciano HapsVenezia, 28, D(L),M(L)","Ridgeciano Haps Venezia, 28, D(L),M(L)",24(1),2062,1.4,1.2,0.9,0.2,1.9,0.4,0.5,-,6.56
8,"249Denis ZakariaJuventus, 25, D(C),DMC","Denis Zakaria Juventus, 25, D(C),DMC",6(3),598,1.2,1.2,1.2,-,0.7,0.9,0.3,-,6.56
9,"250Stephan El ShaarawyRoma, 29, AM(CLR),FW","Stephan El Shaarawy Roma, 29, AM(CLR),FW",8(19),1047,0.5,0.4,0.3,0.1,0.2,0.1,0.1,-,6.56
0,"251Marash KumbullaRoma, 22, D(C)","Marash Kumbulla Roma, 22, D(C)",13(4),1030,1.2,0.9,1.3,0.5,1.5,0.4,0.5,-,6.56
1,"252Armando IzzoTorino, 30, D(C)","Armando Izzo Torino, 30, D(C)",6(5),526,1.5,1.5,1.5,0.2,1.9,0.2,0.4,-,6.56
2,"253Kelvin AmianSpezia, 24, D(CLR)","Kelvin Amian Spezia, 24, D(CLR)",31(1),2652,2.1,1,1.1,0.2,2.0,0.3,0.7,-,6.56
3,"254Andrea CambiasoGenoa, 22, D(R),M(L)","Andrea Cambiaso Genoa, 22, D(R),M(L)",21(5),1795,1.8,0.9,0.8,0.2,1.1,0.5,0.3,-,6.56
4,"255Daniele RuganiJuventus, 27, D(C)","Daniele Rugani Juventus, 27, D(C)",9(3),881,0.7,0.9,0.9,0.5,3.8,0.3,0.3,-,6.56
5,"256Lorenzo De SilvestriBologna, 34, D(R),M(R)","Lorenzo De Silvestri Bologna, 34, D(R),M(R)",27(4),2300,0.7,0.8,0.9,0.1,1.5,0.7,0.2,-,6.55
6,"257Marco SilvestriUdinese, 31, GK","Marco Silvestri Udinese, 31, GK",35,3150,-,-,-,-,0.5,-,-,-,6.55
7,"258Thomas StrakoshaLazio, 27, GK","Thomas Strakosha Lazio, 27, GK",23,2070,-,-,0.1,-,0.7,-,-,-,6.55
8,"259Isaac SuccessUdinese, 26, AM(LR),FW","Isaac Success Udinese, 26, AM(LR),FW",11(11),911,0.2,0.1,1.1,-,0.2,0.2,-,-,6.55
9,"260Nehuen PérezUdinese, 21, D(C)","Nehuen Pérez Udinese, 21, D(C)",19(1),1695,2.2,1.1,1.5,0.2,2.2,0.5,0.5,-,6.54
0,"261David ZimaTorino, 21, D(C)","David Zima Torino, 21, D(C)",13(7),1310,1,1.2,0.8,0.1,2.1,0.6,0.7,-,6.54
1,"262Eljif ElmasNapoli, 22, M(CLR)","Eljif Elmas Napoli, 22, M(CLR)",12(25),1601,0.7,0.2,0.7,-,0.4,0.4,0.1,-,6.54
2,"263Alessandro BerardiVerona, 31, Goalkeeper","Alessandro Berardi Verona, 31, Goalkeeper",1,90,-,-,-,-,-,-,-,-,6.54
3,"264Diego GodínCagliari, 36, D(C)","Diego Godín Cagliari, 36, D(C)",9(2),819,1.6,1.2,1.2,0.5,3.9,0.5,0.5,-,6.54
4,"265Rade KrunicAC Milan, 28, M(CL)","Rade Krunic AC Milan, 28, M(CL)",15(13),1414,1.2,0.6,0.8,-,0.5,0.6,0.1,-,6.54
5,"266Emmanuel GyasiSpezia, 28, M(LR),FW","Emmanuel Gyasi Spezia, 28, M(LR),FW",35(1),3045,1.3,0.4,1.3,-,1.1,0.6,0.1,1,6.54
6,"267Ciprian TatarusanuAC Milan, 36, GK","Ciprian Tatarusanu AC Milan, 36, GK",6,540,-,-,-,-,0.5,0.2,-,-,6.54
7,"268Manolo PortanovaGenoa, 22, AM(CL)","Manolo Portanova Genoa, 22, AM(CL)",17(7),1333,1.9,0.7,1.9,-,0.8,0.8,0.1,-,6.53
8,"269Matteo LovatoCagliari, 22, D(C)","Matteo Lovato Cagliari, 22, D(C)",14(2),1243,1.4,1.8,1,0.8,2.6,0.8,0.6,-,6.53
9,"270Niki MäenpääVenezia, 37, GK","Niki Mäenpää Venezia, 37, GK",16(1),1485,-,-,0.1,-,1.2,-,-,-,6.53
0,"271Arthur CabralFiorentina, 24, FW","Arthur Cabral Fiorentina, 24, FW",8(6),750,0.6,0.1,1.1,-,0.6,0.2,0.1,-,6.53
1,"272Gian Marco FerrariSassuolo, 30, D(C)","Gian Marco Ferrari Sassuolo, 30, D(C)",35(1),3127,0.4,1.2,0.7,0.9,3.1,0.4,0.8,-,6.53
2,"273Albin EkdalSampdoria, 32, M(C)","Albin Ekdal Sampdoria, 32, M(C)",19(7),1641,1.7,1.1,1.2,-,0.9,1.2,0.3,-,6.53
3,"274Mattia DestroGenoa, 31, FW","Mattia Destro Genoa, 31, FW",21(6),1754,0.3,0.1,1.5,-,0.6,0.2,-,-,6.53
4,"275Roberto PereyraUdinese, 31, M(CLR),FW","Roberto Pereyra Udinese, 31, M(CLR),FW",22(2),1799,0.8,0.5,1.4,-,0.4,0.7,0.2,-,6.53
5,"276Antonio VaccaVenezia, 32, M(C)","Antonio Vacca Venezia, 32, M(C)",15(6),1070,1.7,1.0,1.0,-,0.6,1.0,0.4,-,6.53
6,"277Maya YoshidaSampdoria, 33, D(CR)","Maya Yoshida Sampdoria, 33, D(CR)",19(7),1823,0.7,1.1,0.8,0.5,2.7,0.3,0.8,1,6.53
7,"278Martin ErlicSpezia, 24, D(C)","Martin Erlic Spezia, 24, D(C)",30,2579,0.9,0.9,0.9,0.3,4.0,0.3,1.3,-,6.53
8,"279Gaetano CastrovilliFiorentina, 25, M(C)","Gaetano Castrovilli Fiorentina, 25, M(C)",16(7),1400,1.1,0.5,0.9,-,0.2,0.5,0.2,-,6.52
9,"280Adrien SilvaSampdoria, 33, M(C)","Adrien Silva Sampdoria, 33, M(C)",12(5),1086,1.4,1.4,0.8,-,1.3,1.4,0.3,-,6.52
0,"281Miguel VelosoVerona, 36, M(C)","Miguel Veloso Verona, 36, M(C)",17(5),1347,1.0,0.5,0.8,-,0.7,0.3,0.2,-,6.52
1,"282Gary MedelBologna, 34, D(C),DMC","Gary Medel Bologna, 34, D(C),DMC",32(1),2831,1.2,1.3,1,0.9,3.4,0.6,0.6,-,6.52
2,"283Aimar SherSpezia, 19, Midfielder","Aimar Sher Spezia, 19, Midfielder",0(1),45,2.0,3,-,-,1.0,1.0,-,-,6.52
3,"284Fabiano ParisiEmpoli, 21, D(L)","Fabiano Parisi Empoli, 21, D(L)",16(9),1474,1.4,0.9,0.9,0.2,1.4,0.7,0.4,-,6.52
4,"285Elseid HysajLazio, 28, D(LR),M(R)","Elseid Hysaj Lazio, 28, D(LR),M(R)",24(5),2031,1.6,0.8,0.6,0.2,0.9,0.6,0.2,-,6.52
5,"286Manuel LazzariLazio, 28, D(R),M(R)","Manuel Lazzari Lazio, 28, D(R),M(R)",16(15),1655,0.9,0.4,0.6,0.2,0.5,0.3,0.1,-,6.51
6,"287Nikola MaksimovicGenoa, 30, D(CR),M(R)","Nikola Maksimovic Genoa, 30, D(CR),M(R)",13(1),1116,1.0,0.9,0.7,0.1,4.1,0.1,0.8,-,6.51
7,"288Petko HristovSpezia, 23, D(C)","Petko Hristov Spezia, 23, D(C)",13(4),1245,1.0,1.1,0.5,0.5,2.7,0.4,1.4,-,6.51
8,"289Felipe CaicedoGenoa, 33, FW","Felipe Caicedo Genoa, 33, FW",1(8),279,0.3,-,0.7,-,0.3,0.1,-,-,6.51
9,"290Juan JesusNapoli, 30, D(CL)","Juan Jesus Napoli, 30, D(CL)",14(7),1273,1.2,0.4,0.7,0.5,1.5,0.3,0.8,1,6.51
0,"291Jacopo DeziVenezia, 30, Midfielder","Jacopo Dezi Venezia, 30, Midfielder",0(1),16,-,1.0,-,-,-,1,-,-,6.51
1,"292Tolgay ArslanUdinese, 31, M(C)","Tolgay Arslan Udinese, 31, M(C)",22(8),1677,1.2,0.4,0.9,-,0.7,1,0.1,-,6.51
2,"293Razvan MarinCagliari, 26, M(C)","Razvan Marin Cagliari, 26, M(C)",31(5),2817,1.2,0.3,1,-,0.3,0.8,0.1,-,6.5
3,"294Adama SoumaoroBologna, 29, D(CR)","Adama Soumaoro Bologna, 29, D(CR)",26(2),2267,0.5,1.2,0.9,0.4,3.3,0.2,0.6,1,6.5
4,"295Diego CoppolaVerona, 18, Defender","Diego Coppola Verona, 18, Defender",3(1),249,2,1.0,0.5,0.8,1.3,-,0.3,-,6.5
5,"296Gianluca BusioVenezia, 20, M(C)","Gianluca Busio Venezia, 20, M(C)",23(6),1956,1.8,0.7,1.1,-,0.9,1.2,0.4,-,6.49
6,"297Lorenzo TonelliEmpoli, 32, D(C)","Lorenzo Tonelli Empoli, 32, D(C)",8(6),868,1.2,1.4,0.6,0.4,2,0.5,0.6,1,6.49
7,"298Lucas LeivaLazio, 35, D(C),M(C)","Lucas Leiva Lazio, 35, D(C),M(C)",19(16),1698,1.6,0.8,1.1,-,1,1.1,0.3,-,6.49
8,"299Tommaso AugelloSampdoria, 27, D(L)","Tommaso Augello Sampdoria, 27, D(L)",25(11),2398,1,0.8,0.3,0.2,1.5,0.3,0.1,-,6.49
9,"300Sofian KiyineVenezia, 24, AM(CL)","Sofian Kiyine Venezia, 24, AM(CL)",14(12),1239,0.9,0.4,1.9,-,0.3,0.8,-,-,6.49
0,"301David OkerekeVenezia, 24, AM(CR),FW","David Okereke Venezia, 24, AM(CR),FW",24(8),2064,0.5,0.3,0.9,-,0.6,0.5,0.1,-,6.49
1,"302Nicolas HaasEmpoli, 26, M(C)","Nicolas Haas Empoli, 26, M(C)",11(5),1007,2.2,0.6,1.1,-,1,1.4,0.3,-,6.49
2,"303Lorenzo MontipòVerona, 26, GK","Lorenzo Montipò Verona, 26, GK",34,3060,-,-,-,-,1,-,-,-,6.49
3,"304Marko PjacaTorino, 27, AM(CL),FW","Marko Pjaca Torino, 27, AM(CL),FW",13(11),1146,0.3,0.2,0.5,-,0.1,0.2,0.1,-,6.48
4,"305Alessandro DeiolaCagliari, 26, M(C)","Alessandro Deiola Cagliari, 26, M(C)",28(5),2147,1.4,0.8,1.4,-,1.3,1.1,0.3,-,6.48
5,"306Lazar SamardzicUdinese, 20, Midfielder","Lazar Samardzic Udinese, 20, Midfielder",1(21),472,0.6,0.1,0.5,-,-,0.9,-,-,6.48
6,"307Leonardo PavolettiCagliari, 33, FW","Leonardo Pavoletti Cagliari, 33, FW",14(19),1508,0.3,0.1,1.4,-,0.4,0.2,0.2,-,6.48
7,"308ArthurJuventus, 25, DMC","Arthur Juventus, 25, DMC",11(9),957,1.3,0.4,1,-,0.4,0.6,0.1,-,6.48
8,"309Cristian AnsaldiTorino, 35, D(CLR),M(CLR)","Cristian Ansaldi Torino, 35, D(CLR),M(CLR)",5(14),678,1.1,0.3,0.7,-,0.5,0.2,0.1,-,6.48
9,"310Ignacio PussettoUdinese, 26, AM(CLR),FW","Ignacio Pussetto Udinese, 26, AM(CLR),FW",11(17),1202,0.6,0.1,1.1,-,0.4,0.3,0.1,-,6.48
0,"311Bartlomiej DragowskiFiorentina, 24, GK","Bartlomiej Dragowski Fiorentina, 24, GK",7,557,-,0.1,0.1,-,0.7,-,-,-,6.48
1,"312Tomás RincónSampdoria, 34, M(CR)","Tomás Rincón Sampdoria, 34, M(CR)",13(4),1171,1.3,1.1,1.3,-,0.6,1.2,0.1,-,6.48
2,"313Pietro CeccaroniVenezia, 26, D(C)","Pietro Ceccaroni Venezia, 26, D(C)",35,3122,1.6,0.9,0.7,0.5,4.0,0.3,0.9,-,6.47
3,"314Arkadiusz RecaSpezia, 26, D(L),M(L)","Arkadiusz Reca Spezia, 26, D(L),M(L)",22(3),1779,1.2,1.3,0.9,0.2,1.7,0.4,0.3,-,6.47
4,"315Roberto GagliardiniInter, 28, DMC","Roberto Gagliardini Inter, 28, DMC",6(12),640,0.7,0.5,1.3,-,0.3,0.7,0.3,-,6.47
5,"316Ante RebicAC Milan, 28, AM(CLR),FW","Ante Rebic AC Milan, 28, AM(CLR),FW",6(18),876,0.6,0.1,0.8,-,0.1,0.5,-,-,6.47
6,"317Lassana CoulibalySalernitana, 26, M(CL)","Lassana Coulibaly Salernitana, 26, M(CL)",29(2),2341,1.9,0.7,1.1,-,0.8,1.2,0.4,-,6.47
7,"318Riccardo SottilFiorentina, 23, AM(LR)","Riccardo Sottil Fiorentina, 23, AM(LR)",14(10),1245,0.4,-,0.6,-,0.1,0.3,-,-,6.47
8,"319Federico BonazzoliSalernitana, 25, AM(C),FW","Federico Bonazzoli Salernitana, 25, AM(C),FW",19(13),1867,0.8,0.2,1.0,-,0.2,0.6,-,-,6.47
9,"320Dimitrije KamenovicLazio, 21, Defender","Dimitrije Kamenovic Lazio, 21, Defender",0(1),45,1,2,1.0,1,1.0,-,-,-,6.47
0,"321Vid BelecSalernitana, 32, GK","Vid Belec Salernitana, 32, GK",21(2),1936,-,-,-,-,0.7,-,-,-,6.47
1,"322Cristian MolinaroVenezia, 38, D(L),M(L)","Cristian Molinaro Venezia, 38, D(L),M(L)",6(2),549,1.5,0.8,0.9,0.1,2.4,0.3,0.3,-,6.47
2,"323Rey ManajSpezia, 25, FW","Rey Manaj Spezia, 25, FW",19(11),1768,0.6,0.1,1.8,-,0.4,0.7,-,-,6.47
3,"324Giuseppe PezzellaAtalanta, 24, D(L),M(L)","Giuseppe Pezzella Atalanta, 24, D(L),M(L)",10(11),1068,1.3,0.4,0.9,-,0.5,0.5,0.2,-,6.46
4,"325Kevin BonifaziBologna, 26, D(C)","Kevin Bonifazi Bologna, 26, D(C)",14(8),1209,1.1,0.7,0.7,0.1,1.6,-,0.3,1,6.46
5,"326Samuele RicciTorino, 20, M(C)","Samuele Ricci Torino, 20, M(C)",9(3),725,0.7,1.2,1.2,0.1,0.8,0.3,0.1,-,6.46
6,"327Giulio MaggioreSpezia, 24, M(C)","Giulio Maggiore Spezia, 24, M(C)",33(2),2835,1.7,0.8,1.8,-,0.9,1.3,0.1,-,6.46
7,"328Norbert GyömbérSalernitana, 29, D(CR),DMC","Norbert Gyömbér Salernitana, 29, D(CR),DMC",30(1),2566,1.7,1.4,1.5,0.4,3.9,0.5,0.8,-,6.46
8,"329Cristian VolpatoRoma, 18, Midfielder","Cristian Volpato Roma, 18, Midfielder",0(3),36,0.3,-,0.3,-,-,-,-,-,6.46
9,"330Matteo LovatoAtalanta, 22, D(C)","Matteo Lovato Atalanta, 22, D(C)",3(3),303,0.8,1.2,0.8,-,1.3,0.2,0.3,-,6.46
0,"331Riccardo GaglioloSalernitana, 32, D(CL)","Riccardo Gagliolo Salernitana, 32, D(CL)",12(5),1135,1.4,1.6,0.5,0.5,3.0,0.6,0.5,-,6.46
1,"332Salvador FerrerSpezia, 24, D(R)","Salvador Ferrer Spezia, 24, D(R)",14(13),1489,1.2,0.7,0.5,0.1,1.6,0.5,0.5,-,6.45
2,"333Ivan RadovanovicSalernitana, 33, D(C),DMC","Ivan Radovanovic Salernitana, 33, D(C),DMC",12(2),1055,0.8,0.5,0.6,0.4,2.0,0.9,0.5,-,6.45
3,"334Federico Di FrancescoEmpoli, 27, M(LR),FW","Federico Di Francesco Empoli, 27, M(LR),FW",17(9),1378,0.6,0.3,1.1,-,0.3,0.5,-,-,6.45
4,"335Leo ØstigårdGenoa, 22, D(C)","Leo Østigård Genoa, 22, D(C)",13(2),1172,1.1,0.5,1.0,0.5,3.4,0.1,0.7,-,6.45
5,"336Luca CeppitelliCagliari, 32, D(C)","Luca Ceppitelli Cagliari, 32, D(C)",16(8),1445,1.0,1.0,0.8,0.6,2.3,0.5,0.6,-,6.44
6,"337Hans HateboerAtalanta, 28, D(R),M(R)","Hans Hateboer Atalanta, 28, D(R),M(R)",16(5),1391,1.0,0.3,0.9,-,0.9,0.7,-,-,6.44
7,"338Stefan StrandbergSalernitana, 31, D(C),DMC","Stefan Strandberg Salernitana, 31, D(C),DMC",11,934,1.2,0.8,0.7,0.5,4.4,0.3,1.2,1,6.44
8,"339Matteo GabbiaAC Milan, 22, D(C)","Matteo Gabbia AC Milan, 22, D(C)",6(2),537,0.5,1.0,0.9,0.5,1.5,0.5,0.3,-,6.44
9,"340Dejan KulusevskiJuventus, 22, AM(CR),FW","Dejan Kulusevski Juventus, 22, AM(CR),FW",5(15),762,0.8,0.3,1.5,-,0.3,0.7,-,-,6.43
0,"341Krzysztof PiatekFiorentina, 26, FW","Krzysztof Piatek Fiorentina, 26, FW",9(5),737,0.4,0.1,0.5,-,0.6,0.1,-,-,6.43
1,"342Michaël CuisanceVenezia, 22, AM(C)","Michaël Cuisance Venezia, 22, AM(C)",13,930,1.8,0.9,0.9,-,0.2,1.4,-,-,6.43
2,"343Nicola SansoneBologna, 30, AM(LR),FW","Nicola Sansone Bologna, 30, AM(LR),FW",6(21),883,0.5,0.1,0.6,-,0.1,0.4,-,-,6.43
3,"344Kostas ManolasNapoli, 30, D(C)","Kostas Manolas Napoli, 30, D(C)",3(1),312,0.5,1,1.3,0.5,2.5,0.3,0.3,-,6.43
4,"345Nicolò BertolaSpezia, 19, Defender","Nicolò Bertola Spezia, 19, Defender",0(2),33,1.5,1.5,-,-,0.5,0.5,-,-,6.43
5,"346Takehiro TomiyasuBologna, 23, D(CR)","Takehiro Tomiyasu Bologna, 23, D(CR)",0(1),9,-,1,-,-,-,-,-,-,6.43
6,"347Joakim MaehleAtalanta, 25, D(LR),M(LR)","Joakim Maehle Atalanta, 25, D(LR),M(LR)",15(11),1468,0.8,0.5,0.4,0.1,0.3,0.6,0.1,-,6.43
7,"348Kristjan AsllaniEmpoli, 20, M(C)","Kristjan Asllani Empoli, 20, M(C)",14(9),1347,0.8,0.8,0.6,-,0.5,0.8,0.3,-,6.43
8,"349Simone VerdiTorino, 29, AM(CLR),FW","Simone Verdi Torino, 29, AM(CLR),FW",0(3),43,0.3,-,0.3,-,-,-,-,-,6.43
9,"350Joseph Alfred DuncanFiorentina, 29, DMC","Joseph Alfred Duncan Fiorentina, 29, DMC",21(12),1934,1,0.3,0.7,-,0.2,0.6,0.1,-,6.43
0,"351Luca RanieriSalernitana, 23, D(L),M(L)","Luca Ranieri Salernitana, 23, D(L),M(L)",25(2),2116,1.4,0.8,0.6,0.1,2.2,0.5,0.3,-,6.43
1,"352DalbertCagliari, 28, D(L),DMC,M(L)","Dalbert Cagliari, 28, D(L),DMC,M(L)",27(1),2096,1.5,0.9,1.4,-,1,0.9,0.2,-,6.42
2,"353Dimitrios NikolaouSpezia, 23, D(C)","Dimitrios Nikolaou Spezia, 23, D(C)",36,3240,1.1,1.4,0.9,0.6,3.6,0.3,0.7,1,6.42
3,"354Marco ModoloVenezia, 33, Defender","Marco Modolo Venezia, 33, Defender",4(2),390,1.0,0.7,1,0.3,4.3,0.5,1,-,6.42
4,"355Denso KasiusBologna, 19, Defender","Denso Kasius Bologna, 19, Defender",1(6),177,1.3,0.4,0.1,0.1,0.6,0.4,-,-,6.42
5,"356Paolo FaragòCagliari, 29, D(R),DMC,M(R)","Paolo Faragò Cagliari, 29, D(R),DMC,M(R)",0(1),16,1.0,-,-,-,-,-,-,-,6.42
6,"357Giangiacomo MagnaniSampdoria, 26, D(C)","Giangiacomo Magnani Sampdoria, 26, D(C)",3(1),238,1.0,1.8,0.8,0.5,3,-,0.5,-,6.42
7,"358Giorgio ScalviniAtalanta, 18, D(C)","Giorgio Scalvini Atalanta, 18, D(C)",9(9),761,1.2,1.2,0.8,0.1,0.8,0.6,0.1,-,6.42
8,"359Mert MüldürSassuolo, 23, D(R)","Mert Müldür Sassuolo, 23, D(R)",24(7),2047,1.7,0.8,0.8,0.6,1.2,0.7,0.2,-,6.41
9,"360Arturo VidalInter, 35, M(CR)","Arturo Vidal Inter, 35, M(CR)",2(26),715,0.9,0.3,0.6,-,0.2,0.6,0.2,-,6.41
0,"361Davide MarfellaNapoli, 22, Goalkeeper","Davide Marfella Napoli, 22, Goalkeeper",0(1),10,-,-,-,-,-,-,-,-,6.41
1,"362Cedric GondoSalernitana, 25, FW","Cedric Gondo Salernitana, 25, FW",10(4),705,0.4,0.2,1.3,-,0.1,0.2,-,-,6.41
2,"363Nadiem AmiriGenoa, 25, M(CLR)","Nadiem Amiri Genoa, 25, M(CLR)",9(4),685,0.5,-,0.5,-,-,0.5,-,-,6.41
3,"364Jeremy ToljanSassuolo, 27, D(LR),M(LR)","Jeremy Toljan Sassuolo, 27, D(LR),M(LR)",15(5),1399,0.9,0.6,0.4,0.4,1.6,0.4,0.3,-,6.41
4,"365Fodé Ballo-TouréAC Milan, 25, D(L),M(L)","Fodé Ballo-Touré AC Milan, 25, D(L),M(L)",5(5),445,1.8,0.3,1.2,-,0.4,0.5,0.2,-,6.41
5,"366Zinho VanheusdenGenoa, 22, D(C)","Zinho Vanheusden Genoa, 22, D(C)",11(3),990,1.3,1.6,0.7,0.2,2.9,0.4,1,1,6.41
6,"367Mattia PerinJuventus, 29, GK","Mattia Perin Juventus, 29, GK",5,406,-,-,-,-,0.8,-,-,-,6.41
7,"368Luigi SameleSassuolo, 20, Forward","Luigi Samele Sassuolo, 20, Forward",0(2),3,-,-,-,-,0.5,-,-,-,6.4
8,"369Gastón PereiroCagliari, 26, AM(CLR),FW","Gastón Pereiro Cagliari, 26, AM(CLR),FW",9(20),964,0.4,-,0.6,-,0.2,0.4,-,-,6.4
9,"370Adam OunasNapoli, 25, AM(CLR),FW","Adam Ounas Napoli, 25, AM(CLR),FW",1(14),312,0.4,0.1,0.6,-,0.2,0.3,-,-,6.4
0,"371Charalampos LykogiannisCagliari, 28, D(CL),M(L)","Charalampos Lykogiannis Cagliari, 28, D(CL),M(L)",21(7),1822,0.7,1.1,1,0.2,2.2,0.3,0.3,-,6.4
1,"372Liam HendersonEmpoli, 26, AM(C)","Liam Henderson Empoli, 26, AM(C)",23(15),2019,0.6,0.2,1.6,-,0.3,0.6,0.1,-,6.4
2,"373Filippo BandinelliEmpoli, 27, M(C)","Filippo Bandinelli Empoli, 27, M(C)",24(11),1968,0.9,0.3,1.5,-,1,0.5,0.1,-,6.39
3,"374Federico CeccheriniVerona, 30, D(C)","Federico Ceccherini Verona, 30, D(C)",29(5),2375,0.9,1.5,1.7,0.1,2.1,0.4,0.2,-,6.39
4,"375Kelvin YeboahGenoa, 22, FW","Kelvin Yeboah Genoa, 22, FW",9(8),848,0.8,0.1,1.6,0.1,0.4,0.6,0.1,-,6.39
5,"376Edoardo GoldanigaCagliari, 28, D(CR)","Edoardo Goldaniga Cagliari, 28, D(CR)",11,937,1.1,2,2,-,2,0.6,0.5,-,6.39
6,"377Carles PérezRoma, 24, AM(CR)","Carles Pérez Roma, 24, AM(CR)",3(16),545,0.4,0.1,0.7,-,0.1,0.5,-,-,6.39
7,"378Daniele BaselliCagliari, 30, M(C)","Daniele Baselli Cagliari, 30, M(C)",2(7),283,0.7,0.2,0.2,-,0.6,0.4,-,-,6.38
8,"379Francesco RossiAtalanta, 31, Goalkeeper","Francesco Rossi Atalanta, 31, Goalkeeper",0(1),36,-,-,-,-,-,-,-,-,6.38
9,"380Vlad ChirichesSassuolo, 32, D(CR)","Vlad Chiriches Sassuolo, 32, D(CR)",27(2),2304,1,1.4,1,1.2,2.4,0.4,0.7,-,6.38
0,"381Moustapha CisséAtalanta, 18, Forward","Moustapha Cissé Atalanta, 18, Forward",0(3),35,0.3,-,0.7,-,-,1,-,-,6.38
1,"382Samu CastillejoAC Milan, 27, AM(CLR)","Samu Castillejo AC Milan, 27, AM(CLR)",1(4),126,0.8,0.4,0.4,-,0.2,1.4,0.2,-,6.38
2,"383Domen CrnigojVenezia, 26, AM(CR)","Domen Crnigoj Venezia, 26, AM(CR)",22(12),1889,0.6,0.7,0.8,-,1.2,0.5,0.2,-,6.37
3,"384Diego DemmeNapoli, 30, DMC","Diego Demme Napoli, 30, DMC",7(12),686,1.1,0.5,1.5,-,0.1,0.6,0.1,-,6.37
4,"385Adam ObertCagliari, 19, Defender","Adam Obert Cagliari, 19, Defender",3(3),273,1.3,0.7,1,0.3,1.8,0.2,0.7,-,6.37
5,"386Giacomo SatalinoSassuolo, 23, Goalkeeper","Giacomo Satalino Sassuolo, 23, Goalkeeper",0(1),8,-,-,-,-,-,-,-,-,6.37
6,"387Sebastian WalukiewiczCagliari, 22, D(C)","Sebastian Walukiewicz Cagliari, 22, D(C)",4(3),303,1.3,1,0.6,0.1,2,0.3,0.3,-,6.37
7,"388Andrea CarboniCagliari, 21, D(C)","Andrea Carboni Cagliari, 21, D(C)",25(5),2218,1.8,0.9,0.6,0.3,2.8,0.8,0.5,1,6.37
8,"389Mehdi BourabiaSpezia, 30, M(C)","Mehdi Bourabia Spezia, 30, M(C)",2(6),275,0.6,0.4,0.8,-,1.3,1,0.8,-,6.37
9,"390Jonathan IkonéFiorentina, 24, AM(CLR),FW","Jonathan Ikoné Fiorentina, 24, AM(CLR),FW",7(10),646,0.4,0.1,0.4,-,0.1,0.4,0.1,-,6.36
0,"391Nadir ZorteaSalernitana, 22, D(R)","Nadir Zortea Salernitana, 22, D(R)",13(16),1406,0.7,0.2,0.5,-,1.1,0.3,0.1,-,6.36
1,"392PatricLazio, 29, D(CR),M(R)","Patric Lazio, 29, D(CR),M(R)",20(5),1654,0.8,0.5,1.0,0.7,1.8,0.4,0.4,1,6.36
2,"393Leonardo SpinazzolaRoma, 29, D(LR),M(L)","Leonardo Spinazzola Roma, 29, D(LR),M(L)",2(1),129,-,-,0.3,-,0.7,0.3,0.3,-,6.36
3,"394Giangiacomo MagnaniVerona, 26, D(C)","Giangiacomo Magnani Verona, 26, D(C)",5(9),527,0.7,0.7,0.8,0.1,3.3,0.6,0.2,-,6.36
4,"395Fabio MirettiJuventus, 18, Midfielder","Fabio Miretti Juventus, 18, Midfielder",4(2),322,0.7,0.3,0.7,-,0.3,1.2,0.2,-,6.36
5,"396Franck RibérySalernitana, 39, AM(CL),FW","Franck Ribéry Salernitana, 39, AM(CL),FW",17(7),1429,0.7,0.1,1.3,-,-,0.2,-,-,6.36
6,"397Kaan AyhanSassuolo, 27, D(CR),DMC","Kaan Ayhan Sassuolo, 27, D(CR),DMC",14(9),1345,0.9,0.6,0.6,0.6,2.4,0.3,0.6,-,6.35
7,"398Ardian IsmajliEmpoli, 25, D(C)","Ardian Ismajli Empoli, 25, D(C)",13(7),1264,0.7,1.2,0.9,0.5,4,0.5,0.6,2,6.35
8,"399Ilija NestorovskiUdinese, 32, FW","Ilija Nestorovski Udinese, 32, FW",1(6),185,-,-,0.4,-,0.6,0.4,-,-,6.35
9,"400Eldor ShomurodovRoma, 26, FW","Eldor Shomurodov Roma, 26, FW",5(23),767,0.2,0.1,0.6,-,0.2,0.3,-,-,6.35
0,"401Kacper UrbanskiBologna, 17, Midfielder","Kacper Urbanski Bologna, 17, Midfielder",0(1),45,3.0,-,2,-,-,-,-,-,6.35
1,"402Kingsley MichaelBologna, 22, Midfielder","Kingsley Michael Bologna, 22, Midfielder",1(1),76,2.0,0.5,-,-,0.5,0.5,0.5,-,6.35
2,"403Paolo GhiglioneGenoa, 25, D(R),M(R)","Paolo Ghiglione Genoa, 25, D(R),M(R)",6(7),598,1.3,0.8,0.8,-,0.8,0.4,0.4,-,6.35
3,"404David StrelecSpezia, 21, Forward","David Strelec Spezia, 21, Forward",7(3),506,0.4,0.2,0.4,-,0.1,0.7,0.1,-,6.35
4,"405Kevin LasagnaVerona, 29, AM(CL),FW","Kevin Lasagna Verona, 29, AM(CL),FW",11(17),1173,0.5,0.1,0.7,-,0.2,0.4,-,-,6.35
5,"406Luca FiordilinoVenezia, 25, M(C)","Luca Fiordilino Venezia, 25, M(C)",5(10),657,1.4,0.7,0.3,-,0.7,0.9,0.3,-,6.35
6,"407Sofyan AmrabatFiorentina, 25, DMC","Sofyan Amrabat Fiorentina, 25, DMC",8(15),931,1.0,0.2,1.1,-,0.2,0.3,0.3,-,6.35
7,"408Julian ChabotSampdoria, 24, D(C)","Julian Chabot Sampdoria, 24, D(C)",4(7),482,1.1,0.8,0.9,0.3,2.4,0.2,0.4,-,6.34
8,"409Youssef MalehFiorentina, 23, M(C)","Youssef Maleh Fiorentina, 23, M(C)",11(17),1018,1.0,0.2,1.5,-,-,0.5,-,-,6.34
9,"410Andrea La MantiaEmpoli, 31, FW","Andrea La Mantia Empoli, 31, FW",3(15),478,0.1,0.1,0.3,-,0.3,0.1,0.1,-,6.34
0,"411Robin GosensInter, 27, D(L),M(CL)","Robin Gosens Inter, 27, D(L),M(CL)",0(7),164,0.4,0.4,0.1,-,0.4,-,0.3,-,6.34
1,"412Fabio QuagliarellaSampdoria, 39, FW","Fabio Quagliarella Sampdoria, 39, FW",19(14),1661,0.2,0.1,0.6,-,0.3,0.4,-,-,6.34
2,"413Álvaro OdriozolaFiorentina, 26, D(R)","Álvaro Odriozola Fiorentina, 26, D(R)",18(7),1730,1.0,0.3,0.6,0.2,0.8,0.7,0.2,-,6.34
3,"414Gonzalo EscalanteLazio, 29, DMC","Gonzalo Escalante Lazio, 29, DMC",0(1),8,1.0,1,-,-,-,-,1,-,6.34
4,"415Jacopo SalaSpezia, 30, D(LR),M(CR)","Jacopo Sala Spezia, 30, D(LR),M(CR)",13(5),891,1.2,0.8,0.6,-,0.6,0.9,-,-,6.34
5,"416Alessandro ZanoliNapoli, 21, D(R)","Alessandro Zanoli Napoli, 21, D(R)",5(7),453,0.8,0.3,0.8,-,1.2,0.2,0.1,-,6.34
6,"417Lorenzo VenutiFiorentina, 27, D(CLR),M(LR)","Lorenzo Venuti Fiorentina, 27, D(CLR),M(LR)",20(3),1578,1.1,0.2,0.7,0.4,1,0.4,0.2,1,6.34
7,"418Andrea PetagnaNapoli, 26, FW","Andrea Petagna Napoli, 26, FW",4(20),574,0.1,-,0.6,-,0.2,0.1,-,-,6.34
8,"419Matías VecinoInter, 30, M(C)","Matías Vecino Inter, 30, M(C)",2(15),363,0.4,0.2,0.5,-,0.4,0.4,0.1,-,6.33
9,"420Michel AebischerBologna, 25, M(C)","Michel Aebischer Bologna, 25, M(C)",4(8),433,1.2,0.5,1.1,-,0.3,0.4,0.1,-,6.33
0,"421Fabio DepaoliVerona, 25, D(R),DMC,M(R)","Fabio Depaoli Verona, 25, D(R),DMC,M(R)",7(11),697,0.7,0.4,1.1,-,0.7,0.3,0.1,-,6.33
1,"422Tyronne EbuehiVenezia, 26, D(LR)","Tyronne Ebuehi Venezia, 26, D(LR)",12(7),1142,1.5,0.8,1.2,0.1,1.7,0.4,0.2,-,6.33
2,"423Yayah KallonGenoa, 20, Forward","Yayah Kallon Genoa, 20, Forward",5(10),630,1.0,0.1,1.3,-,0.1,0.5,0.1,-,6.33
3,"424Ebrima ColleySpezia, 22, Midfielder","Ebrima Colley Spezia, 22, Midfielder",3(8),390,0.5,0.3,0.9,-,0.2,0.5,-,-,6.33
4,"425Moise KeanJuventus, 22, AM(L),FW","Moise Kean Juventus, 22, AM(L),FW",12(20),1091,0.3,0.1,0.6,-,0.3,0.3,-,-,6.33
5,"426Luis BinksBologna, 20, D(C)","Luis Binks Bologna, 20, D(C)",7(8),643,0.5,1.1,0.5,0.8,2.1,0.1,0.3,-,6.33
6,"427Caleb EkubanGenoa, 28, AM(CLR),FW","Caleb Ekuban Genoa, 28, AM(CLR),FW",18(12),1721,0.6,0.3,0.7,-,0.2,0.5,0.2,-,6.33
7,"428Stefano SturaroGenoa, 29, M(CL)","Stefano Sturaro Genoa, 29, M(CL)",25(1),1783,1.7,0.6,2.0,-,1.0,1,-,-,6.33
8,"429Andrea ContiSampdoria, 28, D(R),M(R)","Andrea Conti Sampdoria, 28, D(R),M(R)",2(5),229,0.6,1.0,0.7,0.3,0.6,0.4,-,-,6.32
9,"430Liberato CacaceEmpoli, 21, D(L),M(L)","Liberato Cacace Empoli, 21, D(L),M(L)",5(5),465,1.5,0.8,0.9,0.1,0.8,-,0.2,-,6.32
0,"431M'Bala NzolaSpezia, 25, FW","M'Bala Nzola Spezia, 25, FW",10(11),1061,0.1,-,1.4,-,0.6,0.2,-,-,6.32
1,"432Leo StulacEmpoli, 27, M(C)","Leo Stulac Empoli, 27, M(C)",8(15),822,0.6,0.3,0.3,-,0.6,0.5,0.1,-,6.32
2,"433Mitchell DijksBologna, 29, D(L),M(L)","Mitchell Dijks Bologna, 29, D(L),M(L)",7(9),688,0.9,0.2,0.6,0.1,0.6,0.4,0.1,-,6.32
3,"434Bosko SutaloVerona, 22, D(C)","Bosko Sutalo Verona, 22, D(C)",6(18),912,0.8,0.7,0.5,0.1,1.4,0.3,0.2,-,6.31
4,"435Ebrima DarboeRoma, 21, DMC","Ebrima Darboe Roma, 21, DMC",1,64,1,1,1,-,-,-,-,-,6.31
5,"436Abdoulaye TouréGenoa, 28, DMC","Abdoulaye Touré Genoa, 28, DMC",6(2),435,1.5,0.5,0.4,-,0.8,0.8,0.1,-,6.31
6,"437Ivor PandurVerona, 22, GK","Ivor Pandur Verona, 22, GK",3,270,-,-,-,-,0.7,-,-,-,6.31
7,"438Jens Stryger LarsenUdinese, 31, D(CLR),M(LR)","Jens Stryger Larsen Udinese, 31, D(CLR),M(LR)",8(3),686,0.5,0.4,0.3,-,1.1,0.1,-,1,6.31
8,"439Karol LinettyTorino, 27, M(CLR)","Karol Linetty Torino, 27, M(CLR)",11(5),899,0.9,0.2,1.9,-,0.1,0.8,-,-,6.3
9,"440Tiemoué BakayokoAC Milan, 27, DMC","Tiemoué Bakayoko AC Milan, 27, DMC",5(9),496,1.4,0.6,0.9,-,0.7,0.8,0.1,-,6.3
0,"441Andreas Skov OlsenBologna, 22, M(R)","Andreas Skov Olsen Bologna, 22, M(R)",6(12),744,0.7,0.2,0.2,0.1,0.6,0.3,0.1,-,6.3
1,"442Carlo PinsoglioJuventus, 32, Goalkeeper","Carlo Pinsoglio Juventus, 32, Goalkeeper",0(1),45,-,-,-,-,-,-,-,-,6.3
2,"443Mato JajaloUdinese, 34, M(C)","Mato Jajalo Udinese, 34, M(C)",6(16),621,1.1,0.5,0.5,-,0.2,0.5,-,-,6.3
3,"444Pasquale MazzocchiVenezia, 26, D(R),M(R)","Pasquale Mazzocchi Venezia, 26, D(R),M(R)",15(3),1246,1,1.2,1.2,0.1,1.4,0.9,0.4,-,6.3
4,"445Kevin StrootmanCagliari, 32, DMC","Kevin Strootman Cagliari, 32, DMC",7(3),645,0.8,1,1,-,1.3,0.7,0.2,-,6.29
5,"446Amadou DiawaraRoma, 24, DMC","Amadou Diawara Roma, 24, DMC",2(2),169,1.8,-,1.3,-,0.3,0.5,-,-,6.29
6,"447José CallejónFiorentina, 35, M(LR),FW","José Callejón Fiorentina, 35, M(LR),FW",16(14),1302,0.5,0.1,0.1,-,-,0.6,-,-,6.29
7,"448Albert GudmundssonGenoa, 24, AM(CLR),FW","Albert Gudmundsson Genoa, 24, AM(CLR),FW",6(6),607,0.4,0.4,1.2,-,0.3,0.4,-,-,6.29
8,"449Kristoffer AskildsenSampdoria, 21, Midfielder","Kristoffer Askildsen Sampdoria, 21, Midfielder",7(12),749,0.9,0.8,0.9,0.1,0.7,0.5,0.4,1,6.29
9,"450Keita BaldéCagliari, 27, AM(LR),FW","Keita Baldé Cagliari, 27, AM(LR),FW",14(12),1233,0.3,0.2,1,-,0.2,0.3,-,-,6.29
0,"451Andrea MasielloGenoa, 36, D(CR)","Andrea Masiello Genoa, 36, D(CR)",6(1),517,0.7,1.6,0.9,0.4,2.9,0.4,0.6,-,6.29
1,"452Pablo GaldamesGenoa, 25, M(C)","Pablo Galdames Genoa, 25, M(C)",11(8),1032,1.5,0.4,1.1,-,0.5,1.2,0.1,-,6.29
2,"453Radu DragusinSalernitana, 20, D(C)","Radu Dragusin Salernitana, 20, D(C)",5(2),486,0.7,1.9,0.4,1,2.4,0.9,0.4,-,6.29
3,"454RuanSassuolo, 23, D(C)","Ruan Sassuolo, 23, D(C)",0(10),207,0.7,0.2,0.4,0.1,2.4,0.1,0.5,-,6.28
4,"455Diego PerottiSalernitana, 33, M(CLR),FW","Diego Perotti Salernitana, 33, M(CLR),FW",1(10),278,1.0,0.2,0.5,-,0.5,0.8,-,-,6.28
5,"456Andrea SchiavoneSalernitana, 29, M(C)","Andrea Schiavone Salernitana, 29, M(C)",5(9),569,1.0,0.6,0.7,-,0.8,0.9,0.2,-,6.28
6,"457Faouzi GhoulamNapoli, 31, D(L)","Faouzi Ghoulam Napoli, 31, D(L)",3(11),325,0.2,0.2,0.3,0.1,0.7,0.2,0.1,-,6.28
7,"458Francesco Di MarianoVenezia, 26, Forward","Francesco Di Mariano Venezia, 26, Forward",1,63,1.0,-,1.0,-,-,-,1,-,6.28
8,"459Marko RogCagliari, 26, M(C)","Marko Rog Cagliari, 26, M(C)",2(6),307,0.6,0.1,1.4,-,0.4,0.9,0.1,-,6.28
9,"460Viktor KovalenkoSpezia, 26, M(C)","Viktor Kovalenko Spezia, 26, M(C)",16(10),1323,0.6,0.5,0.6,-,0.2,0.5,0.1,-,6.28
0,"461Matheus HenriqueSassuolo, 24, M(C)","Matheus Henrique Sassuolo, 24, M(C)",10(15),1066,0.4,0.3,0.7,0.1,0.4,0.7,0.1,-,6.28
1,"462Filippo MelegoniGenoa, 23, AM(CR)","Filippo Melegoni Genoa, 23, AM(CR)",10(15),976,0.8,0.4,0.6,-,0.3,0.3,-,-,6.28
2,"463Gianluca GaetanoNapoli, 22, Midfielder","Gianluca Gaetano Napoli, 22, Midfielder",0(2),19,0.5,1.0,0.5,-,-,0.5,-,-,6.28
3,"464Francesco Di TacchioSalernitana, 32, M(C)","Francesco Di Tacchio Salernitana, 32, M(C)",14(4),1257,0.9,1.2,1.3,0.1,1.3,0.9,0.4,1,6.27
4,"465Patrick CutroneEmpoli, 24, FW","Patrick Cutrone Empoli, 24, FW",15(13),1402,0.2,0.2,0.5,-,-,0.3,-,-,6.27
5,"466Riccardo CalafioriRoma, 20, Defender","Riccardo Calafiori Roma, 20, Defender",2(4),170,0.8,0.5,0.7,0.2,0.2,0.7,-,-,6.27
6,"467Kevin MalcuitNapoli, 30, D(R),M(R)","Kevin Malcuit Napoli, 30, D(R),M(R)",2(6),286,0.5,1.0,1,0.1,0.8,-,-,-,6.27
7,"468Gregoire DefrelSassuolo, 30, AM(CR),FW","Gregoire Defrel Sassuolo, 30, AM(CR),FW",11(27),1346,0.4,0.1,0.4,-,0.3,0.3,-,-,6.27
8,"469Andrei MotocSalernitana, 20, Midfielder","Andrei Motoc Salernitana, 20, Midfielder",1,90,1.0,2.0,-,1,1,-,2,-,6.27
9,"470Toma BasicLazio, 25, M(C)","Toma Basic Lazio, 25, M(C)",9(20),969,0.4,0.1,0.4,-,0.7,0.4,0.1,-,6.27
0,"471Aleksa TerzicFiorentina, 22, Defender","Aleksa Terzic Fiorentina, 22, Defender",1(13),261,0.6,0.3,0.3,0.1,0.3,0.2,-,-,6.27
1,"472Yildirim Mert ÇetinVerona, 25, D(C)","Yildirim Mert Çetin Verona, 25, D(C)",0(2),46,0.5,-,-,-,1,-,-,-,6.27
2,"473Demba SeckTorino, 21, Forward","Demba Seck Torino, 21, Forward",1(5),143,0.3,-,0.3,-,-,-,-,-,6.26
3,"474Stefan RaduLazio, 35, D(CL)","Stefan Radu Lazio, 35, D(CL)",6(4),554,0.9,0.5,0.4,0.1,1.5,0.4,0.2,-,6.26
4,"475Riccardo FiamozziEmpoli, 29, D(R)","Riccardo Fiamozzi Empoli, 29, D(R)",7(3),622,0.7,0.7,0.3,0.1,1,0.2,0.5,-,6.26
5,"476Jean-Daniel Akpa AkproLazio, 29, D(R),M(CLR)","Jean-Daniel Akpa Akpro Lazio, 29, D(R),M(CLR)",4(6),313,1.7,0.2,1.3,-,0.6,0.5,0.2,-,6.26
6,"477Riccardo MarchizzaEmpoli, 24, D(L)","Riccardo Marchizza Empoli, 24, D(L)",16(3),1352,1.1,0.5,1,0.3,1.1,0.3,0.3,1,6.26
7,"478Radu DragusinSampdoria, 20, D(C)","Radu Dragusin Sampdoria, 20, D(C)",4(9),613,0.3,0.8,0.5,0.2,2.5,0.3,0.3,-,6.26
8,"479Marvin ZeegelaarUdinese, 31, D(CL),M(L)","Marvin Zeegelaar Udinese, 31, D(CL),M(L)",6(8),637,1.1,0.9,0.9,0.1,1.4,0.6,0.3,-,6.25
9,"480Hilmir Rafn MikaelssonVenezia, 18, Forward","Hilmir Rafn Mikaelsson Venezia, 18, Forward",0(1),17,2.0,-,-,-,-,-,-,-,6.25
0,"481Daan HeymansVenezia, 22, AM(C)","Daan Heymans Venezia, 22, AM(C)",2(5),252,0.4,0.6,1.1,-,0.4,0.6,0.4,-,6.25
1,"482Nikola KalinicVerona, 34, FW","Nikola Kalinic Verona, 34, FW",4(10),401,0.1,-,1.1,-,0.1,0.1,-,-,6.25
2,"483Martín CáceresCagliari, 35, D(CLR),M(R)","Martín Cáceres Cagliari, 35, D(CLR),M(R)",9(5),834,0.9,1,0.5,0.3,1.2,0.6,0.2,-,6.25
3,"484Joel ObiSalernitana, 31, M(CR)","Joel Obi Salernitana, 31, M(CR)",12(9),1146,1.1,0.5,1.5,-,0.3,0.3,0.3,-,6.25
4,"485Dor PeretzVenezia, 27, DMC","Dor Peretz Venezia, 27, DMC",4(14),574,1.5,0.4,0.6,-,0.6,0.7,0.2,-,6.25
5,"486Pepe ReinaLazio, 39, GK","Pepe Reina Lazio, 39, GK",15,1350,-,-,0.1,-,0.5,0.1,-,-,6.25
6,"487Emanuel VignatoBologna, 21, AM(CL)","Emanuel Vignato Bologna, 21, AM(CL)",3(21),582,0.5,0.1,0.2,-,0.2,0.3,-,-,6.25
7,"488Stefano OkakaUdinese, 32, FW","Stefano Okaka Udinese, 32, FW",0(2),20,-,-,0.5,-,0.5,-,-,-,6.25
8,"489Tomás RincónTorino, 34, M(CR)","Tomás Rincón Torino, 34, M(CR)",1(6),158,0.3,0.3,0.7,-,0.6,0.4,0.1,-,6.24
9,"490Stefano SensiInter, 26, AM(C)","Stefano Sensi Inter, 26, AM(C)",1(8),158,0.4,-,0.4,-,0.1,0.2,-,-,6.24
0,"491Dennis JohnsenVenezia, 24, AM(L),FW","Dennis Johnsen Venezia, 24, AM(L),FW",17(10),1466,0.5,0.2,0.3,-,0.1,0.4,-,-,6.24
1,"492Daniel BessaVerona, 29, AM(C)","Daniel Bessa Verona, 29, AM(C)",5(19),762,0.3,0.2,0.9,-,0.5,0.5,0.1,-,6.24
2,"493Janis AntisteSpezia, 19, Forward","Janis Antiste Spezia, 19, Forward",9(9),796,1,0.2,0.8,0.1,0.3,0.4,0.1,-,6.24
3,"494Ben KoneTorino, 22, Midfielder","Ben Kone Torino, 22, Midfielder",0(1),81,3,1,1,-,1,1,-,-,6.23
4,"495Daniel MaldiniAC Milan, 20, Forward","Daniel Maldini AC Milan, 20, Forward",2(6),145,1,0.1,0.5,-,-,0.5,-,-,6.23
5,"496Niklas PyyhtiaBologna, 18, Midfielder","Niklas Pyyhtia Bologna, 18, Midfielder",0(1),18,-,-,-,-,-,1,-,-,6.22
6,"497Pietro PellegriAC Milan, 21, FW","Pietro Pellegri AC Milan, 21, FW",1(5),131,0.3,-,1.2,-,0.2,0.2,-,-,6.22
7,"498Jean-Pierre NsameVenezia, 29, FW","Jean-Pierre Nsame Venezia, 29, FW",1(10),237,0.1,-,0.5,-,0.1,-,-,-,6.22
8,"499Brandon SoppyUdinese, 20, D(R),M(R)","Brandon Soppy Udinese, 20, D(R),M(R)",7(21),765,0.7,0.2,0.8,-,0.2,0.2,0.1,-,6.22
9,"500Aleksandar KolarovInter, 36, D(CL),M(L)","Aleksandar Kolarov Inter, 36, D(CL),M(L)",0(3),38,0.3,0.3,-,-,0.7,-,-,-,6.22
0,"501Filip BenkovicUdinese, 24, D(C)","Filip Benkovic Udinese, 24, D(C)",0(2),6,-,-,0.5,-,-,-,-,-,6.22
1,"502Francesco ForteVenezia, 29, Forward","Francesco Forte Venezia, 29, Forward",4(8),398,0.3,-,0.9,-,0.2,0.3,-,-,6.22
2,"503Federico SantanderBologna, 31, FW","Federico Santander Bologna, 31, FW",0(7),61,0.3,-,0.3,-,-,-,-,-,6.21
3,"504Suf PodgoreanuSpezia, 20, Forward","Suf Podgoreanu Spezia, 20, Forward",1(4),109,0.4,0.2,0.4,-,0.6,0.6,-,-,6.21
4,"505Jeroen ZoetSpezia, 31, GK","Jeroen Zoet Spezia, 31, GK",7,630,0.1,-,0.1,-,0.7,-,-,-,6.21
5,"506Tanner TessmannVenezia, 20, DMC","Tanner Tessmann Venezia, 20, DMC",6(14),674,0.6,0.3,0.5,-,1.1,0.5,0.5,-,6.21
6,"507Felix Afena-GyanRoma, 19, Forward","Felix Afena-Gyan Roma, 19, Forward",6(11),665,0.6,0.2,0.9,-,-,0.2,-,-,6.21
7,"508Vanja Milinkovic-SavicTorino, 25, GK","Vanja Milinkovic-Savic Torino, 25, GK",27,2430,-,-,0.1,-,0.5,-,-,-,6.21
8,"509Valerio VerreSampdoria, 28, AM(CL),FW","Valerio Verre Sampdoria, 28, AM(CL),FW",6(5),421,0.6,-,0.7,-,0.5,0.5,-,-,6.2
9,"510Nicola BagnoliniBologna, 18, Goalkeeper","Nicola Bagnolini Bologna, 18, Goalkeeper",0(1),2,-,-,-,-,-,-,-,-,6.2
0,"511Riccardo CiervoSampdoria, 20, Midfielder","Riccardo Ciervo Sampdoria, 20, Midfielder",1(9),219,0.8,0.2,0.3,-,0.2,0.4,-,-,6.2
1,"512SimySalernitana, 30, FW","Simy Salernitana, 30, FW",10(9),842,0.3,0.2,0.6,-,0.5,0.3,0.2,-,6.2
2,"513Martin HonglaVerona, 24, D(C),DMC","Martin Hongla Verona, 24, D(C),DMC",7(11),644,0.8,0.2,0.8,-,0.9,0.2,0.1,-,6.2
3,"514Michael SvobodaVenezia, 23, D(C)","Michael Svoboda Venezia, 23, D(C)",13(5),1234,1.8,0.6,0.5,0.4,3.3,0.8,0.8,-,6.19
4,"515Mattia ZanottiInter, 19, Defender","Mattia Zanotti Inter, 19, Defender",0(1),8,1,-,-,-,-,1,-,-,6.19
5,"516Flavio Junior BianchiGenoa, 22, Forward","Flavio Junior Bianchi Genoa, 22, Forward",4(3),317,0.3,-,0.7,-,-,0.3,-,-,6.18
6,"517Simone PafundiUdinese, 16, Midfielder","Simone Pafundi Udinese, 16, Midfielder",0(1),22,-,-,1,-,-,1,-,-,6.18
7,"518Matija NastasicFiorentina, 29, D(C)","Matija Nastasic Fiorentina, 29, D(C)",2(3),217,0.2,1,0.4,0.6,2.2,-,0.2,-,6.18
8,"519Goran PandevGenoa, 38, M(CR),FW","Goran Pandev Genoa, 38, M(CR),FW",7(13),837,0.1,0.1,0.3,-,-,0.5,0.1,-,6.17
9,"520Ebenezer AnnanBologna, 19, Defender","Ebenezer Annan Bologna, 19, Defender",0(1),24,1,1,-,-,1,-,-,-,6.17
0,"521Matteo CancellieriVerona, 20, Forward","Matteo Cancellieri Verona, 20, Forward",1(11),220,0.3,0.1,0.8,-,-,0.4,-,-,6.17
1,"522Ronaldo VieiraSampdoria, 23, DMC","Ronaldo Vieira Sampdoria, 23, DMC",4(10),489,0.7,0.4,0.8,-,0.4,0.4,0.1,-,6.16
2,"523NaniVenezia, 35, M(CLR),FW","Nani Venezia, 35, M(CLR),FW",3(7),283,0.2,0.2,0.2,-,-,0.1,-,-,6.16
3,"524Alasanne SidibeAtalanta, 19, Midfielder","Alasanne Sidibe Atalanta, 19, Midfielder",0(1),5,1,-,-,-,-,-,-,-,6.16
4,"525Tommaso BaldanziEmpoli, 19, Midfielder","Tommaso Baldanzi Empoli, 19, Midfielder",0(1),16,-,-,-,-,-,-,-,-,6.16
5,"526Matteo RuggeriSalernitana, 19, M(L)","Matteo Ruggeri Salernitana, 19, M(L)",8(6),681,0.6,0.1,0.1,0.1,1.7,0.2,0.1,-,6.16
6,"527André AndersonLazio, 22, Midfielder","André Anderson Lazio, 22, Midfielder",0(4),61,0.5,0.5,0.5,-,0.3,0.5,-,-,6.16
7,"528Pawel JaroszynskiSalernitana, 27, D(L),M(L)","Pawel Jaroszynski Salernitana, 27, D(L),M(L)",4(9),509,0.8,0.8,0.5,0.2,1.2,0.2,-,-,6.15
8,"529Nicola MurruSampdoria, 27, D(L),M(L)","Nicola Murru Sampdoria, 27, D(L),M(L)",13(9),987,1,0.3,1,0.1,0.7,0.2,0.1,-,6.15
9,"530Gabriele ZappaCagliari, 22, D(R),M(R)","Gabriele Zappa Cagliari, 22, D(R),M(R)",11(14),1140,0.8,0.6,0.6,0.1,1,0.7,0.2,-,6.15
0,"531HernaniGenoa, 28, M(CL)","Hernani Genoa, 28, M(CL)",7(11),681,1.1,0.7,0.7,-,0.3,1.1,0.2,-,6.15
1,"532Luka RomeroLazio, 17, Midfielder","Luka Romero Lazio, 17, Midfielder",0(8),77,0.3,0.1,0.3,-,-,0.3,-,-,6.15
2,"533Kaio JorgeJuventus, 20, FW","Kaio Jorge Juventus, 20, FW",0(9),114,0.2,-,0.4,-,0.2,0.2,-,-,6.14
3,"534Filippo TerraccianoVerona, 19, Midfielder","Filippo Terracciano Verona, 19, Midfielder",0(1),6,-,-,-,-,1,-,-,-,6.14
4,"535Panagiotis RetsosVerona, 23, D(CLR)","Panagiotis Retsos Verona, 23, D(CLR)",1(4),49,-,0.4,0.2,-,0.4,0.4,-,-,6.14
5,"536Aurélien NguiambaSpezia, 23, Midfielder","Aurélien Nguiamba Spezia, 23, Midfielder",0(3),49,1,-,0.3,-,0.3,0.3,0.3,-,6.13
6,"537Simone ZazaTorino, 30, FW","Simone Zaza Torino, 30, FW",0(10),119,0.2,-,0.5,-,0.3,-,-,-,6.13
7,"538Pietro PellegriTorino, 21, FW","Pietro Pellegri Torino, 21, FW",1(8),210,0.1,-,1.1,-,0.6,0.4,-,-,6.12
8,"539Raul Moro PrescoliLazio, 19, Forward","Raul Moro Prescoli Lazio, 19, Forward",1(10),194,0.3,-,-,-,-,0.4,-,-,6.12
9,"540Edoardo BoveRoma, 20, Midfielder","Edoardo Bove Roma, 20, Midfielder",0(11),63,0.1,0.1,0.1,-,-,0.2,-,-,6.12
0,"541Marco BenassiEmpoli, 27, M(CR)","Marco Benassi Empoli, 27, M(CR)",3(9),377,0.5,0.3,0.4,-,0.3,0.8,-,-,6.12
1,"542Roberto PiccoliAtalanta, 21, FW","Roberto Piccoli Atalanta, 21, FW",1(11),185,0.2,-,-,-,-,0.2,-,-,6.12
2,"543Alessandro RussoSalernitana, 18, Midfielder","Alessandro Russo Salernitana, 18, Midfielder",0(1),28,1,-,-,-,1,1,-,-,6.12
3,"544Axel TuanzebeNapoli, 24, D(CR)","Axel Tuanzebe Napoli, 24, D(CR)",0(1),10,-,-,-,-,-,-,1,-,6.12
4,"545Bryan ReynoldsRoma, 20, D(R)","Bryan Reynolds Roma, 20, D(R)",0(1),1,-,-,-,-,1,1,-,-,6.12
5,"546Francesco CassataGenoa, 24, M(CL)","Francesco Cassata Genoa, 24, M(CL)",0(1),6,-,-,-,-,-,-,-,-,6.12
6,"547Giorgio CittadiniAtalanta, 20, Defender","Giorgio Cittadini Atalanta, 20, Defender",0(2),3,-,0.5,-,-,-,-,-,-,6.12
7,"548Julian KristoffersenSalernitana, 25, Forward","Julian Kristoffersen Salernitana, 25, Forward",0(1),6,-,-,1,-,-,-,-,-,6.12
8,"549Borja MayoralRoma, 25, FW","Borja Mayoral Roma, 25, FW",1(4),94,-,-,-,-,-,-,-,-,6.12
9,"550Wajdi KechridaSalernitana, 26, D(R),M(R)","Wajdi Kechrida Salernitana, 26, D(R),M(R)",10(7),948,0.5,0.5,0.5,-,0.8,0.3,0.1,-,6.12
0,"551Roberto PiccoliGenoa, 21, FW","Roberto Piccoli Genoa, 21, FW",2(3),215,0.2,0.2,0.6,-,0.2,-,-,-,6.12
1,"552Diego FalcinelliBologna, 30, FW","Diego Falcinelli Bologna, 30, FW",0(6),61,0.3,0.2,0.3,0.2,0.2,-,-,-,6.11
2,"553Abdou HarrouiSassuolo, 24, DMC,M(R)","Abdou Harroui Sassuolo, 24, DMC,M(R)",3(19),439,0.5,0.2,0.6,0.1,0.1,0.1,-,-,6.11
3,"554Leonardo MancusoEmpoli, 30, FW","Leonardo Mancuso Empoli, 30, FW",5(3),428,0.1,0.1,0.1,0.1,0.3,0.8,-,-,6.11
4,"555David SchneggVenezia, 23, Defender","David Schnegg Venezia, 23, Defender",2(2),141,0.5,0.8,0.8,0.5,0.8,0.5,-,-,6.11
5,"556Mateusz PraszelikVerona, 21, Midfielder","Mateusz Praszelik Verona, 21, Midfielder",0(2),23,-,-,1,-,-,-,-,-,6.11
6,"557Eddie SalcedoSpezia, 20, AM(C),FW","Eddie Salcedo Spezia, 20, AM(C),FW",5(7),428,0.1,-,0.7,-,0.5,0.1,0.1,-,6.1
7,"558Sam LammersAtalanta, 25, FW","Sam Lammers Atalanta, 25, FW",0(2),37,0.5,-,1,-,-,-,-,-,6.1
8,"559Nicolas ViolaBologna, 32, DMC","Nicolas Viola Bologna, 32, DMC",1(5),100,0.3,-,0.3,-,0.2,0.2,0.2,-,6.1
9,"560Sydney van HooijdonkBologna, 22, FW","Sydney van Hooijdonk Bologna, 22, FW",0(4),35,-,-,-,-,-,0.3,-,-,6.1
0,"561Gianluca FrabottaVerona, 22, D(L)","Gianluca Frabotta Verona, 22, D(L)",0(2),18,-,0.5,1,-,-,0.5,-,-,6.1
1,"562Marco BenassiFiorentina, 27, M(CR)","Marco Benassi Fiorentina, 27, M(CR)",1(5),157,0.2,0.5,0.7,0.2,0.3,0.2,-,-,6.09
2,"563Federico PelusoSassuolo, 38, D(CL),M(L)","Federico Peluso Sassuolo, 38, D(CL),M(L)",0(2),9,0.5,-,0.5,-,-,-,-,-,6.09
3,"564Valerio VerreEmpoli, 28, AM(CL),FW","Valerio Verre Empoli, 28, AM(CL),FW",4(4),310,0.5,0.1,1,-,-,0.6,-,-,6.08
4,"565MikaelSalernitana, 23, FW","Mikael Salernitana, 23, FW",0(7),77,0.1,-,0.4,-,0.1,-,-,-,6.08
5,"566Andrea ContiAC Milan, 28, D(R),M(R)","Andrea Conti AC Milan, 28, D(R),M(R)",0(1),12,-,-,-,-,-,-,-,-,6.08
6,"567Tommaso De NipotiAtalanta, 18, Forward","Tommaso De Nipoti Atalanta, 18, Forward",0(1),5,-,-,-,-,-,-,-,-,6.08
7,"568Brian OddeiSassuolo, 19, Forward","Brian Oddei Sassuolo, 19, Forward",0(2),7,-,-,-,-,-,-,-,-,6.08
8,"569Aaron RamseyJuventus, 31, M(CLR)","Aaron Ramsey Juventus, 31, M(CLR)",1(2),97,-,0.3,0.7,-,-,-,-,-,6.07
9,"570Issa BahVenezia, 19, Forward","Issa Bah Venezia, 19, Forward",0(1),9,-,-,-,-,-,-,-,-,6.07
0,"571Luca StangaAC Milan, 20, Defender","Luca Stanga AC Milan, 20, Defender",0(1),2,1,-,1,-,-,-,-,-,6.07
1,"572Martín SatrianoInter, 21, FW","Martín Satriano Inter, 21, FW",0(4),34,0.3,-,0.3,-,-,-,-,-,6.07
2,"573Vedat MuriqiLazio, 28, FW","Vedat Muriqi Lazio, 28, FW",1(10),208,0.1,-,0.5,-,0.1,0.5,-,-,6.06
3,"574Daniele BaselliTorino, 30, M(C)","Daniele Baselli Torino, 30, M(C)",0(6),141,0.5,0.2,0.5,-,0.3,0.7,-,-,6.05
4,"575Francesco MagnanelliSassuolo, 37, DMC","Francesco Magnanelli Sassuolo, 37, DMC",2(10),265,0.4,0.1,0.8,-,0.3,0.7,0.1,-,6.05
5,"576Stefano SabelliGenoa, 29, D(R),M(R)","Stefano Sabelli Genoa, 29, D(R),M(R)",5(2),353,0.9,0.4,0.9,0.1,1.3,0.9,0.1,-,6.05
6,"577Leonardo CapezziSalernitana, 27, M(C)","Leonardo Capezzi Salernitana, 27, M(C)",2(3),175,0.6,-,0.6,-,0.2,0.6,0.8,-,6.05
7,"578Ibrahima MbayeBologna, 27, D(LR),M(LR)","Ibrahima Mbaye Bologna, 27, D(LR),M(LR)",1(5),103,0.2,0.2,0.5,0.3,1,0.2,0.2,-,6.04
8,"579Denis VavroLazio, 26, D(C)","Denis Vavro Lazio, 26, D(C)",0(1),7,-,-,-,-,-,-,-,-,6.04
9,"580Petar ZovkoSpezia, 20, Goalkeeper","Petar Zovko Spezia, 20, Goalkeeper",1(1),29,-,-,-,-,0.5,-,-,-,6.04
0,"581Simone TrimboliSampdoria, 20, Midfielder","Simone Trimboli Sampdoria, 20, Midfielder",0(5),60,0.4,0.4,0.4,-,-,-,-,-,6.04
1,"582Bjarki BjarkasonVenezia, 22, Midfielder","Bjarki Bjarkason Venezia, 22, Midfielder",0(1),2,-,-,-,-,-,-,-,-,6.03
2,"583Gerard YepesSampdoria, 19, Midfielder","Gerard Yepes Sampdoria, 19, Midfielder",0(4),17,0.3,-,-,-,-,-,-,-,6.03
3,"584Valon BehramiGenoa, 37, M(C)","Valon Behrami Genoa, 37, M(C)",2(8),306,0.3,0.1,0.8,-,0.4,0.7,0.1,-,6.03
4,"585Valentin MihailaAtalanta, 22, AM(L)","Valentin Mihaila Atalanta, 22, AM(L)",0(5),73,0.2,-,0.4,-,-,0.2,-,-,6.03
5,"586Christian OlivaCagliari, 26, M(C)","Christian Oliva Cagliari, 26, M(C)",0(4),44,0.5,-,-,-,-,0.8,-,-,6.03
6,"587Diego FariasCagliari, 32, AM(CLR),FW","Diego Farias Cagliari, 32, AM(CLR),FW",0(4),63,0.3,-,-,-,-,0.5,-,-,6.02
7,"588Antonio RaimondoBologna, 18, Forward","Antonio Raimondo Bologna, 18, Forward",1,75,-,-,3,-,1,1,-,-,6.02
8,"589Arnór SigurdssonVenezia, 23, AM(CLR),FW","Arnór Sigurdsson Venezia, 23, AM(CLR),FW",0(9),174,0.1,0.1,0.2,-,-,0.1,-,-,6.02
9,"590Nicolas GalazziVenezia, 21, Forward","Nicolas Galazzi Venezia, 21, Forward",0(1),17,2,-,2,-,-,1,-,-,6.02
0,"591Fabio DepaoliSampdoria, 25, D(R),DMC,M(R)","Fabio Depaoli Sampdoria, 25, D(R),DMC,M(R)",1(5),108,0.5,0.2,1.3,-,0.3,0.3,0.2,-,6.02
1,"592Maximilian UllmannVenezia, 25, D(L)","Maximilian Ullmann Venezia, 25, D(L)",2(3),245,-,0.4,0.4,-,1.2,0.2,-,-,6.02
2,"593Lys MoussetSalernitana, 26, FW","Lys Mousset Salernitana, 26, FW",2(4),159,0.2,-,0.7,-,-,-,-,-,6.02
3,"594Ernesto TorregrossaSampdoria, 29, FW","Ernesto Torregrossa Sampdoria, 29, FW",0(10),107,0.2,-,0.7,-,0.1,0.1,-,-,6.02
4,"595Aleksander BuksaGenoa, 19, Forward","Aleksander Buksa Genoa, 19, Forward",0(4),62,-,-,0.5,-,0.3,0.3,-,-,6.02
5,"596Magnus WarmingTorino, 21, Forward","Magnus Warming Torino, 21, Forward",0(4),53,0.3,-,0.3,-,-,-,-,-,6.01
6,"597Aleksandr KokorinFiorentina, 31, AM(CLR),FW","Aleksandr Kokorin Fiorentina, 31, AM(CLR),FW",0(6),50,0.2,-,0.3,-,-,-,-,-,6.01
7,"598Felipe CaicedoInter, 33, FW","Felipe Caicedo Inter, 33, FW",0(3),21,-,-,0.3,-,-,-,-,-,6.0
8,"599Damir CeterCagliari, 24, Forward","Damir Ceter Cagliari, 24, Forward",0(1),5,-,-,-,-,-,-,-,-,6.0
9,"600Daniel FuzatoRoma, 24, GK","Daniel Fuzato Roma, 24, GK",1,1,-,-,-,-,-,-,-,-,6.0
0,"601Dimitrios KeramitsisRoma, 17, Defender","Dimitrios Keramitsis Roma, 17, Defender",0(1),1,-,-,-,-,-,-,-,-,6.0
1,"602Edoardo GoldanigaSassuolo, 28, D(CR)","Edoardo Goldaniga Sassuolo, 28, D(CR)",0(1),1,-,-,-,-,-,-,-,-,6.0
2,"603Riccardo PinziUdinese, 18, Midfielder","Riccardo Pinzi Udinese, 18, Midfielder",0(1),1,-,-,-,-,-,-,-,-,6.0
3,"604Edoardo VerganiSalernitana, 21, Forward","Edoardo Vergani Salernitana, 21, Forward",1(5),98,0.3,-,0.5,-,0.2,-,0.3,-,6.0
4,"605Christos KourfalidisCagliari, 19, Midfielder","Christos Kourfalidis Cagliari, 19, Midfielder",0(2),17,-,-,-,-,-,0.5,-,-,6.0
5,"606Matìas SouléJuventus, 19, Midfielder","Matìas Soulé Juventus, 19, Midfielder",0(2),4,-,-,-,-,-,0.5,-,-,6.0
6,"607Patrick LealVenezia, 19, Midfielder","Patrick Leal Venezia, 19, Midfielder",0(1),1,-,-,-,-,-,1,-,-,5.99
7,"608Sebastien De MaioUdinese, 35, D(C)","Sebastien De Maio Udinese, 35, D(C)",2,180,2.5,0.5,1.5,-,4,4,2.5,-,5.99
8,"609Riccardo CalafioriGenoa, 20, Defender","Riccardo Calafiori Genoa, 20, Defender",1(2),81,0.3,0.7,1,-,1.3,0.3,0.3,-,5.99
9,"610Cristiano RonaldoJuventus, 37, M(L),FW","Cristiano Ronaldo Juventus, 37, M(L),FW",0(1),31,1,-,-,-,-,-,-,-,5.98
0,"611Giovanni SimeoneCagliari, 26, AM(R),FW","Giovanni Simeone Cagliari, 26, AM(R),FW",0(1),6,-,-,1,-,-,-,-,-,5.98
1,"612Luca GaglianoCagliari, 21, Forward","Luca Gagliano Cagliari, 21, Forward",0(2),11,-,-,-,-,0.5,-,-,-,5.98
2,"613Filippo Delli CarriSalernitana, 23, Defender","Filippo Delli Carri Salernitana, 23, Defender",3(2),334,1.2,0.8,0.4,-,2.4,1.8,0.4,-,5.97
3,"614Filippo DistefanoFiorentina, 18, Forward","Filippo Distefano Fiorentina, 18, Forward",0(1),1,-,-,-,-,-,-,-,-,5.97
4,"615Mario PerroneSalernitana, 19, Defender","Mario Perrone Salernitana, 19, Defender",0(1),13,-,-,1,-,-,-,-,-,5.97
5,"616Samuel MrázSpezia, 25, Forward","Samuel Mráz Spezia, 25, Forward",0(2),52,-,-,1,-,-,-,-,-,5.94
6,"617Emil CeïdeSassuolo, 20, Forward","Emil Ceïde Sassuolo, 20, Forward",0(6),49,0.2,-,-,-,-,0.2,-,-,5.93
7,"618Giovanni CrociataEmpoli, 24, Midfielder","Giovanni Crociata Empoli, 24, Midfielder",0(1),14,-,-,1,-,-,1,-,-,5.93
8,"619Sebastian GiovincoSampdoria, 35, AM(C),FW","Sebastian Giovinco Sampdoria, 35, AM(C),FW",0(2),37,-,-,1,-,-,0.5,-,-,5.93
9,"620Andrea FavilliGenoa, 25, FW","Andrea Favilli Genoa, 25, FW",0(1),36,1,-,-,-,2,-,-,-,5.92
0,"621Samuel Di CarmineVerona, 33, FW","Samuel Di Carmine Verona, 33, FW",0(1),35,-,-,1,-,-,-,-,-,5.92
1,"622Vladyslav SupryahaSampdoria, 22, Forward","Vladyslav Supryaha Sampdoria, 22, Forward",0(1),23,-,-,1,-,-,1,-,-,5.92
2,"623Luka BogdanSalernitana, 26, Defender","Luka Bogdan Salernitana, 26, Defender",4(2),396,1,1,0.3,-,3.2,0.7,0.3,-,5.92
3,"624Nicola RavagliaSampdoria, 33, GK","Nicola Ravaglia Sampdoria, 33, GK",0(1),4,-,-,-,-,-,-,-,-,5.91
4,"625Marley AkéJuventus, 21, Forward","Marley Aké Juventus, 21, Forward",0(4),73,-,0.3,1.5,-,-,0.5,-,-,5.9
5,"626Frédéric VeseliSalernitana, 29, D(CLR)","Frédéric Veseli Salernitana, 29, D(CLR)",8(1),599,0.8,0.4,0.8,0.1,2,0.1,0.6,-,5.88
6,"627Laurens SerpeGenoa, 21, Defender","Laurens Serpe Genoa, 21, Defender",0(1),45,1,-,-,-,1,1,-,-,5.87
7,"628Martin PalumboJuventus, 20, Midfielder","Martin Palumbo Juventus, 20, Midfielder",0(1),12,-,-,-,-,-,1,-,-,5.86
8,"629Luca VignaliSpezia, 26, D(R)","Luca Vignali Spezia, 26, D(R)",1(1),85,0.5,0.5,-,-,0.5,1.5,-,-,5.86
9,"630Vincenzo FiorilloSalernitana, 32, GK","Vincenzo Fiorillo Salernitana, 32, GK",1,90,-,-,-,-,1,-,-,-,5.7
0,"631Ramzi AyaSalernitana, 32, Defender","Ramzi Aya Salernitana, 32, Defender",2,136,0.5,-,0.5,-,2,-,-,-,5.31
1,"632Gianluca PegoloSassuolo, 41, GK","Gianluca Pegolo Sassuolo, 41, GK",1,90,-,-,-,-,-,-,-,-,5.0
2,"633Ionut RaduInter, 25, GK","Ionut Radu Inter, 25, GK",1,90,-,-,-,-,-,-,-,-,4.9
