Name,Age,position1,position2,position3,Apps,Goals,Assists,SpG,KeyP,Drb,Fouled,Off,Disp,UnsTch,Rating,Mins
Robert Lewandowski,33, FW,,,34,35,3,4.7,1.1,1.4,1.1,0.6,1.6,2.4,7.89,2952
Christopher Nkunku,24, M(CLR),FW,,31(3),20,13,2.4,1.9,1.9,1.8,0.4,1.5,3.2,7.64,2735
Joshua Kimmich,27, D(CR),DMC,M(R),28,3,11,1,2.9,0.8,1.6,-,0.6,1.1,7.6,2478
Stefanos Kapino,28, GK,,,1,-,-,-,-,-,-,-,-,-,7.58,90
Erling Håland,21, FW,,,21(3),22,7,3.3,1,0.5,0.6,0.6,0.7,2.4,7.55,1915
Patrik Schick,26, AM(R),FW,,26(1),24,3,3.3,0.6,0.6,0.8,0.2,0.8,2.2,7.45,2094
Florian Wirtz,19, AM(C),,,22(2),7,10,1.5,2.5,2.3,1,0.4,1.4,3.1,7.41,1864
Nico Schlotterbeck,22, D(C),,,32,4,1,1.1,0.4,0.7,1.1,-,0.5,0.9,7.39,2789
Thomas Müller,32, M(CLR),FW,,32,8,18,1.7,2.6,0.4,0.7,0.4,0.8,1.7,7.34,2578
Alphonso Davies,21, D(L),M(LR),,20(2),-,3,0.8,1.5,3.6,1.2,0.1,1.1,2.1,7.31,1744
Jonas Wind,23, AM(C),FW,,14,5,2,2.6,1.1,0.7,2.2,0.5,1.4,1.8,7.31,1187
Serge Gnabry,26, AM(CLR),FW,,25(9),14,5,2,1.4,1.9,0.6,0.4,0.6,1.8,7.3,2192
Marco Reus,33, M(CLR),FW,,29,9,12,1.8,1.8,1,1.5,0.3,1.1,2.1,7.25,2514
Jonas Hofmann,29, M(CLR),,,24(2),12,5,2.1,2.7,0.8,0.8,0.3,0.9,1.7,7.2,2082
Moussa Diaby,22, M(CLR),,,32,13,12,1.7,1.9,1.8,0.8,0.5,0.9,2.2,7.2,2773
Leroy Sané,26, M(CLR),FW,,22(10),7,7,2.8,1.6,1.9,0.8,0.2,1.3,1.7,7.17,1982
David Raum,24, D(L),M(LR),,31(1),3,11,0.8,2.6,1,1,0.2,0.5,1.4,7.16,2762
Kingsley Coman,25, M(LR),FW,,16(5),6,2,2.2,1.1,2.3,1,0.2,1.4,2.4,7.13,1369
Jude Bellingham,18, M(CLR),,,32,3,8,1.4,1.2,1.7,2.8,0.2,1.9,2.6,7.12,2795
Julian Brandt,26, M(CLR),FW,,22(9),9,8,1.1,1.4,1.2,0.5,0.1,1,1.9,7.12,2083
Tom Rothe,17, Defender,,,1(1),1,-,1,0.5,0.5,0.5,1.5,-,-,7.12,94
Filip Kostic Eintracht,29, M(LR),FW,,28(3),4,9,1.6,2.8,0.8,0.7,0.1,1.1,1.6,7.11,2525
Anthony Modeste,34, FW,,,31(1),20,3,3.3,0.6,0.2,1,1.1,0.7,2.2,7.11,2620
Diant Ramaj Eintracht,20, Goalkeeper,,,1,-,-,-,-,-,-,-,-,-,7.11,90
Vincenzo Grifo,29, AM(CL),,,33(1),9,7,2,1.9,1.1,0.8,-,0.8,1.4,7.1,2792
Nicolas Höfler,32, D(C),DMC,,30,2,4,1.1,0.6,0.8,1.3,-,0.4,1,7.09,2604
Leon Goretzka,27, M(CR),,,19,3,3,2.4,1.5,0.5,0.5,0.1,0.7,1.4,7.08,1407
Lucas Höler,27, AM(CLR),FW,,30(4),7,2,1.8,1.2,0.6,1.8,0.4,1.3,2.8,7.08,2598
Sasa Kalajdzic,24, FW,,,13(2),6,1,2.5,1.5,0.7,1.2,0.1,0.9,3.2,7.08,1221
Obite Evan Ndicka Eintracht,22, D(CL),,,32,4,4,0.8,0.3,0.4,0.4,0.1,0.2,0.7,7.06,2858
Danilo Soares,30, D(L),M(L),,30,-,1,0.4,0.6,1.2,1.4,-,0.7,1.3,7.06,2568
Timo Hübers,25, D(C),,,20,1,-,0.5,-,0.3,1.2,-,0.2,1,7.06,1742
Willi Orban,29, D(C),,,30,2,1,0.7,0.2,0.1,1,0.1,0.1,0.5,7.06,2646
Konstantinos Mavropanos,24, D(C),,,31,4,-,1.1,0.3,0.6,0.6,0.1,0.3,0.8,7.05,2711
Josko Gvardiol,20, D(CL),,,28(1),2,2,0.8,0.4,1.3,1.2,-,0.7,1,7.04,2413
Max Kruse,34, M(CLR),FW,,16,5,4,1.8,1.7,0.9,0.4,0.1,0.4,2.1,7.03,1283
Jeremiah St. Juste,25, D(CR),DMC,,7(1),1,-,1.5,0.4,0.1,1,-,0.3,0.5,7.03,605
Borna Sosa,24, D(L),M(L),,28,1,8,0.9,2.2,1.3,0.9,-,0.5,1.4,7.02,2500
Lennart Grill,23, GK,,,1,-,-,-,-,-,-,-,-,-,7.01,90
Mark Uth,30, AM(CR),FW,,24(6),5,8,2.3,1.8,0.8,1.5,0.4,1,2.4,7,2041
Kouadio Koné,21, DMC,,,25(1),2,-,1.1,0.5,2.6,2.2,-,1.8,2.5,6.99,2107
Maximilian Arnold,28, M(CR),,,34,4,2,1.1,1.7,0.4,1.7,-,0.5,0.9,6.99,2996
Ellyes Skhiri,27, DMC,,,20(2),4,1,1,0.7,0.5,1,0.1,0.8,0.6,6.98,1820
Kerem Demirbay,28, M(C),,,23(6),1,4,1.3,1.6,1,1,0.1,0.8,1.2,6.98,2053
Dayot Upamecano,23, D(C),,,25(3),1,6,0.4,0.4,0.4,0.4,-,0.3,0.6,6.98,2210
Alexander Hack,28, D(C),,,24(4),3,1,0.8,0.4,0.3,1.2,0.1,-,0.5,6.97,2078
Jonas Hector,32, D(L),M(CL),,30,-,6,0.6,1.2,0.5,1.8,-,0.4,0.9,6.97,2556
Christopher Trimmel,35, D(CR),M(R),,23(2),2,-,0.8,1.2,0.8,0.2,-,0.5,1.2,6.97,1996
Benjamin Hübner,32, D(C),,,5,1,-,1.6,-,0.2,0.4,-,0.2,0.2,6.96,378
Anthony Losilla,36, D(C),DMC,,32,2,-,1.1,0.5,0.6,0.6,0.1,0.5,1,6.96,2847
Angeliño,25, D(L),M(L),,26(3),2,5,0.4,1.8,0.5,1.2,0.1,0.7,1,6.95,2299
Omar Marmoush,23, AM(L),FW,,19(2),3,5,2.3,1.5,2.1,2.7,0.3,2,4.1,6.95,1584
Jamal Musiala,19, M(CL),,,12(18),5,5,1.4,0.9,1.9,0.7,0.1,1.3,2,6.94,1458
Jonathan Tah,26, D(C),,,33,2,3,0.5,0.3,0.5,0.3,-,0.3,0.6,6.94,2882
Lucas Hernández,26, D(CL),,,25,-,1,0.2,0.4,0.7,1.4,-,0.2,0.6,6.94,2041
Max Kruse,34, M(CLR),FW,,14,7,1,1.5,1.1,0.6,0.9,0.4,0.6,1.8,6.94,1138
Anton Stach,23, DMC,,,20(9),1,6,1.7,1.1,1,1.5,-,0.7,1.8,6.93,1864
Marcel Halstenberg,30, D(CL),M(L),,5(3),1,-,0.6,0.5,0.9,0.5,0.1,0.1,0.6,6.93,506
Wataru Endo,29, DMC,,,33,4,2,1.4,0.7,1,1.8,-,1.3,1.5,6.93,2902
Patrick Wimmer,21, AM(R),,,27(4),3,6,1.8,1.4,2.3,1.2,0.2,1.5,2.2,6.92,2067
Alassane Plea,29, AM(CLR),FW,,23(9),9,6,1.9,1.8,1,0.8,0.4,0.7,1.3,6.91,1983
Breel Embolo,25, AM(CR),FW,,23(5),8,3,1.6,1.2,1.5,2.4,0.7,2.1,3.2,6.91,2076
Donyell Malen,23, AM(L),FW,,20(7),5,3,1.7,0.8,1.3,1.1,0.3,1,2,6.9,1696
Andrej Kramaric,30, AM(CLR),FW,,30(2),6,9,2.9,1.3,0.9,0.9,0.3,1.2,2,6.89,2710
Thomas Meunier,30, D(R),M(R),,17,2,4,1.1,0.9,0.6,0.4,0.1,0.6,1.5,6.88,1406
Mohamed Simakan,22, D(CR),,,23(5),1,-,0.4,0.3,0.6,1.2,-,0.3,0.9,6.88,2013
Jeremie Frimpong,21, D(R),M(R),,25,1,6,0.4,1.2,1.9,1.8,-,1,1.9,6.88,2062
Maximilian Mittelstädt,25, D(L),M(CL),,16(8),-,5,0.4,0.9,1.3,1.5,-,0.8,1,6.88,1494
Mats Hummels,33, D(C),,,20(3),1,2,0.5,0.1,0.3,0.5,-,0.1,0.5,6.88,1768
Florian Kainz,29, AM(CLR),,,31(1),4,4,1.2,1.5,0.9,1.4,-,0.7,1.1,6.88,2347
Florian Grillitsch,26, D(C),M(CL),,16(2),-,-,0.4,0.6,0.3,1.3,-,0.3,0.5,6.87,1495
Benjamin Pavard,26, D(CLR),M(R),,24(1),-,1,0.7,0.7,0.1,0.4,0.1,0.2,0.4,6.87,2080
Philipp Lienhart,25, D(C),,,32,5,-,0.6,0.1,0.1,0.8,-,0.1,0.6,6.87,2871
Emre Can,28, D(CLR),DMC,,19(5),5,1,0.5,0.3,0.8,0.9,-,0.4,0.9,6.86,1691
Reece Oxford,23, D(C),DMC,,30,2,1,0.5,0.1,0.1,0.7,-,-,0.6,6.86,2694
Ramy Bensebaïni,27, D(CL),DMC,M(L),21(1),4,1,1.4,0.6,0.7,1.9,0.2,0.6,1.3,6.86,1930
Mahmoud Dahoud,26, M(C),,,20(2),2,3,1,1.3,1.2,0.6,-,0.6,1.4,6.85,1665
Karim Onisiwo,30, AM(LR),FW,,28(3),5,8,2.1,1.3,1.6,1,0.9,1.5,4.1,6.84,2376
Edmond Tapsoba,23, D(C),,,19(3),1,-,0.3,-,0.5,0.3,-,0.1,0.7,6.84,1813
Taiwo Awoniyi,24, FW,,,29(2),15,1,2.2,0.9,1.1,0.7,0.7,1.3,4.5,6.84,2200
Aarón Martín,25, D(L),M(L),,25(3),1,1,0.6,1.6,1,0.6,-,0.5,1.2,6.84,2296
Maxence Lacroix,22, D(C),,,29,-,-,0.6,0.2,1.1,0.9,-,0.4,0.9,6.83,2497
Paul Jaeckel,23, D(C),DMC,,22(2),-,-,0.1,0.3,0.8,0.5,-,0.2,0.8,6.83,2045
Chris Führich,24, M(CLR),FW,,21(4),3,2,1.2,1.2,1.6,0.8,0.1,0.9,1.7,6.83,1725
Jamie Bynoe-Gittens,17, Midfielder,,,1(3),-,-,0.3,0.5,3.3,1.5,-,1.3,1.5,6.83,133
Jonathan Burkardt,21, AM(CR),FW,,32(2),11,3,2.3,0.9,1.2,1.2,0.3,1.8,3.4,6.82,2632
Josip Brekalo,23, AM(CLR),FW,,0(1),-,1,-,1,1,-,-,2,1,6.82,20
Dominik Szoboszlai,21, AM(CL),,,15(16),6,8,1.3,1.3,0.6,0.7,0.2,0.9,1.4,6.82,1538
Tony Jantschke,32, D(CR),DMC,,3,-,-,0.3,-,-,1,-,-,-,6.82,227
Amadou Haïdara,24, M(CLR),,,15(5),3,1,0.7,0.4,1,0.7,-,0.8,0.8,6.82,1327
Raphaël Guerreiro,28, D(L),M(CL),,21(2),4,2,1.4,1.2,1.1,0.3,-,0.6,1.3,6.82,1803
Ridle Baku,24, D(R),M(CR),,28(6),3,5,1.1,1.1,1.1,1.1,0.3,0.7,1.8,6.81,2450
Niklas Süle,26, D(CR),,,19(9),1,2,0.6,0.4,0.3,-,-,0.1,0.3,6.81,1835
Daniel Caligiuri,34, D(R),M(CLR),FW,24(4),4,2,1.3,0.8,1.4,1.5,-,1.3,2.5,6.81,2014
Manuel Riemann,33, GK,,,30,-,1,-,0.2,-,0.2,-,-,-,6.81,2700
Lukas Kübler,29, D(R),M(R),,27(2),2,-,0.4,0.5,0.3,0.7,0.1,0.2,0.8,6.8,2338
Sheraldo Becker,27, AM(CLR),FW,,22(6),4,6,1.3,1.5,0.9,0.9,0.4,0.7,1.6,6.8,1770
Lukás Hrádecky,32, GK,,,32,-,-,-,-,-,0.1,-,-,-,6.8,2880
Denis Zakaria,25, D(C),DMC,,15(1),2,1,1.1,0.6,1.8,0.7,0.1,0.7,1.1,6.8,1395
Silvan Widmer,29, D(R),M(R),,33,4,5,0.7,0.6,0.6,0.6,-,0.4,0.8,6.79,2925
Amos Pieper,24, D(C),,,27,-,-,0.5,0.2,0.2,0.6,-,-,0.3,6.79,2382
Rafael Borré Eintracht,26, FW,,,28(3),8,4,1.7,0.9,0.9,0.8,0.5,1,3.1,6.79,2391
Salih Özcan,24, M(C),,,26(5),2,-,0.9,0.6,0.8,1.7,-,0.9,0.8,6.79,2310
Michael Gregoritsch,28, AM(CR),FW,,15(10),9,-,1.7,0.3,0.2,0.5,0.2,0.6,1.6,6.78,1394
Marvin Schwäbe,27, GK,,,21,-,-,-,-,-,0.1,-,-,-,6.78,1890
Robert Andrich,27, M(C),,,21(5),4,2,1.2,0.5,0.5,0.6,0.1,0.3,0.5,6.78,1821
Karim Bellarabi,32, M(CLR),FW,,9(7),3,2,1.8,0.6,1.1,0.4,0.1,0.8,1.2,6.78,687
Christian Günter,29, D(L),M(L),,34,2,9,0.7,2,0.6,0.4,0.1,0.2,1.1,6.78,3060
Florian Neuhaus,25, M(C),,,23(5),4,4,1.6,0.7,1.3,1,-,0.9,1.4,6.78,2038
Guilherme Ramos,24, D(C),,,9(4),-,-,0.5,0.1,0.3,0.4,0.1,0.5,1,6.77,903
Cédric Brunner,28, D(CR),,,26(1),-,1,0.4,0.6,0.6,0.9,-,0.4,0.7,6.77,2188
Matthias Ginter,28, D(CR),DMC,,26(1),1,-,1.1,0.6,0.2,1,0.1,0.1,0.4,6.77,2268
Wout Weghorst,29, FW,,,17(1),6,1,2.1,0.9,0.4,1.7,0.8,1,2.7,6.76,1552
Jesper Lindstrøm Eintracht,22, AM(C),FW,,26(3),5,4,1.9,1.6,1.1,0.6,0.1,1.1,2.9,6.76,1996
Ansgar Knauff Eintracht,20, M(R),,,8(4),1,1,1,0.8,1.5,0.7,0.1,0.7,1.3,6.76,760
Iago,25, D(L),M(L),,26(2),2,5,0.4,1.1,0.4,0.6,0.1,0.7,1.3,6.75,2179
Robin Knoche,30, D(C),,,33,-,-,0.3,0.1,0.4,0.4,-,0.2,0.5,6.75,2970
Marvin Plattenhardt,30, D(L),M(L),,19(2),-,3,0.3,1.9,0.4,1,-,0.3,0.7,6.75,1638
Nordi Mukiele,24, D(CR),M(R),,21(7),1,3,0.8,0.5,0.7,0.9,0.3,0.8,1.3,6.75,1846
Tuta Eintracht,22, D(C),,,26,4,-,0.6,0.2,0.6,0.5,-,0.3,0.9,6.75,2189
Grischa Prömel,27, M(C),,,28(1),8,1,1.3,0.5,0.6,2,0.1,1,1.8,6.75,2428
Yann Sommer,33, GK,,,32,-,1,-,-,-,0.2,-,-,-,6.75,2880
André Silva,26, FW,,,24(9),11,3,1.8,0.5,0.7,0.8,0.5,1.4,2.7,6.74,2081
Niklas Dorsch,24, DMC,,,27(3),1,-,0.4,0.5,1.1,1.6,-,0.8,0.7,6.74,2328
Manuel Neuer,36, GK,,,28,-,-,-,-,-,-,-,-,-,6.74,2511
Stefan Bell,30, D(CR),,,33,2,-,0.7,0.3,0.2,0.2,0.2,0.1,0.4,6.74,2869
Thorgan Hazard,29, M(CLR),FW,,14(9),4,1,1,1,1,0.8,0.5,0.7,1,6.73,1337
Atakan Karazor,25, D(C),DMC,,23(1),-,1,0.4,0.7,0.5,1.6,-,0.6,1,6.73,1906
Josuha Guilavogui,31, D(C),M(C),,10(5),-,-,0.5,0.2,0.5,0.4,0.1,0.6,0.8,6.73,943
Joakim Nilsson,28, D(C),,,31,2,-,0.2,0.1,0.1,0.5,0.1,-,0.4,6.73,2739
John Brooks,29, D(C),,,29(2),1,-,0.4,0.2,0.3,0.5,-,0.2,0.7,6.73,2619
Stefan Ortega Moreno,29, GK,,,33,-,-,-,0.2,-,0.1,-,-,-,6.73,2970
Jordan Torunarigha,24, D(CL),,,6(1),-,1,0.3,0.3,0.3,0.6,0.1,0.1,0.6,6.72,484
Giovanni Reyna,19, AM(CLR),,,6(4),2,1,1.1,1.5,0.6,1.1,0.1,1.3,1.2,6.72,442
Cristian Gamboa,32, D(R),,,20(3),1,-,0.2,0.6,0.6,0.5,0.1,0.3,0.7,6.72,1725
Moussa Niakhaté,26, D(CL),,,29(1),4,-,0.4,0.4,0.4,0.8,0.1,0.4,0.7,6.72,2567
Corentin Tolisso,27, D(R),M(CR),,8(7),2,1,1.1,1.1,0.1,0.4,0.2,0.2,0.8,6.72,705
Dani Olmo,24, AM(CLR),FW,,7(12),3,3,1.2,0.6,1.3,1.2,0.1,0.8,1.2,6.71,740
Mark Flekken,28, GK,,,32,-,-,-,-,0.1,-,-,-,-,6.71,2880
Manuel Akanji,26, D(CR),,,25(1),1,-,0.5,0.1,0.3,0.9,-,-,0.3,6.71,2263
Xaver Schlager,24, M(C),,,13(1),-,1,0.7,0.4,0.8,0.7,0.1,0.7,1.3,6.71,1047
Paulinho,21, AM(CLR),,,14(10),4,2,1.1,0.9,1.1,0.7,0.1,0.8,1.6,6.71,1219
Louis Jordan Beyer,22, D(CR),,,14(2),-,-,0.4,0.3,0.6,1.3,-,0.3,0.4,6.71,1294
Timo Baumgartl,26, D(C),,,25,1,2,0.5,0.3,0.2,0.5,-,0.3,0.6,6.71,2169
Philipp Klement,29, M(C),,,3(3),1,-,1,1.3,0.7,0.2,0.2,0.2,0.8,6.7,338
Koen Casteels,29, GK,,,28,-,-,-,-,0.1,0.1,-,-,-,6.7,2520
Marvin Friedrich,26, D(C),,,13,-,-,1.1,0.4,0.4,0.2,-,0.4,0.8,6.7,1170
Suat Serdar,25, M(CLR),,,27(3),3,-,1.1,0.8,2,1.6,0.1,1.6,2.2,6.7,2230
Jeffrey Gouweleeuw,30, D(C),,,29,2,-,0.4,0.3,0.5,0.3,-,0.2,0.8,6.7,2578
Ihlas Bebou,28, M(CLR),FW,,25(3),7,2,1.6,0.7,0.6,0.8,0.4,1.1,2.2,6.69,2106
Lukas Klostermann,26, D(CLR),M(R),,17(6),-,1,0.3,0.2,0.1,0.2,-,0.2,0.4,6.69,1648
Piero Hincapié,20, D(CL),,,20(7),1,2,0.3,0.4,0.6,0.6,0.1,0.5,1,6.69,1752
Benjamin Henrichs,25, D(LR),DMC,M(LR),12(10),3,3,0.7,0.6,0.5,0.6,-,0.6,0.6,6.69,1138
Niko Gießelmann,30, D(CL),M(L),,25(3),3,6,1,1,0.1,1.2,-,0.3,0.9,6.69,2093
Diadié Samassékou,26, DMC,,,21(3),2,-,0.6,0.4,0.3,1,-,0.2,0.7,6.68,1665
Waldemar Anton,25, D(CR),DMC,,29,2,1,0.8,0.2,0.6,0.6,-,0.4,0.9,6.68,2597
Rani Khedira,28, D(C),DMC,,32,-,1,0.4,0.3,0.3,1.1,-,0.4,0.9,6.68,2765
Matheus Cunha,23, AM(CL),FW,,1,-,1,2,1,1,3,-,2,3,6.68,65
Gregor Kobel,24, GK,,,29,-,-,-,-,-,0.2,-,-,0.1,6.68,2566
Djibril Sow Eintracht,25, DMC,,,28(3),2,3,0.5,0.6,0.4,1.2,-,0.5,1.4,6.67,2422
Kevin Trapp Eintracht,31, GK,,,32,-,-,-,-,-,0.1,-,-,-,6.67,2880
Marc Oliver Kempf,27, D(C),,,10(2),3,-,1.1,0.4,0.4,0.7,-,0.2,0.8,6.67,841
Konrad Laimer,25, D(R),M(CR),,15(11),4,4,0.6,0.7,0.8,0.3,-,0.8,1.2,6.67,1246
Charles Aránguiz,33, M(C),,,16(10),1,3,0.4,0.7,0.3,0.5,-,0.3,0.8,6.67,1576
Santiago Ascacibar,25, DMC,,,27(1),-,1,0.5,0.4,0.4,1.1,0.1,0.5,0.9,6.66,2381
Chris Richards,22, D(C),,,13(6),1,1,0.5,0.2,0.2,0.1,-,0.1,0.4,6.66,1301
Lukas Nmecha,23, AM(CR),FW,,18(7),8,-,2.1,0.6,0.9,1.2,0.2,1.1,3,6.66,1633
Sebastian Polter,31, AM(R),FW,,26(6),10,1,1.7,0.9,0.1,1.1,0.2,1.1,2.3,6.66,2259
Georginio Rutter,20, FW,,,13(20),8,2,1.6,0.5,1.1,1.1,0.6,0.7,2.3,6.66,1604
Oliver Baumann,32, GK,,,33,-,-,-,-,-,0.1,-,-,-,6.66,2970
Gerrit Holtmann,27, D(L),M(LR),,22(6),5,4,1.5,1,1.4,0.5,0.2,1.4,2,6.65,1765
Lee Jae-Sung,29, AM(CL),FW,,19(8),4,3,1,0.7,0.4,0.5,0.1,1,1.9,6.65,1449
Mitchel Bakker,21, D(L),M(L),,19(6),1,4,0.4,0.6,1.1,0.8,-,0.6,1.4,6.65,1825
Lars Stindl,33, M(CLR),FW,,20(6),4,5,1.7,1.2,0.3,0.6,0.2,0.7,1.3,6.64,1637
Hiroki Ito,23, D(C),,,26(3),1,1,0.4,0.5,0.2,0.3,-,0.1,0.6,6.64,2348
Kevin Mbabu,27, D(R),M(R),,14(10),-,-,0.2,0.9,1.4,0.9,0.1,0.5,1.3,6.64,1389
Stevan Jovetic,32, AM(CL),FW,,13(5),6,1,2.4,0.8,0.7,0.9,0.4,1.2,1.3,6.64,1020
Robin Zentner,27, GK,,,32,-,-,-,-,-,0.1,-,-,0.1,6.64,2880
Max Christiansen,25, DMC,,,22(5),-,-,0.4,0.4,0.2,0.7,-,0.3,0.6,6.63,2056
Vasilios Lampropoulos,32, D(C),,,13,-,-,0.3,0.1,-,0.3,-,0.3,0.5,6.63,1169
Bastian Oczipka,33, D(CL),M(L),,9(9),-,1,0.3,0.9,0.8,0.7,0.1,0.3,0.6,6.63,929
Daichi Kamada Eintracht,25, AM(CLR),FW,,23(9),4,3,1.1,1,0.9,0.8,0.2,0.7,1.9,6.63,2146
Axel Witsel,33, D(C),M(C),,22(7),2,-,0.3,0.2,0.2,1,-,0.5,0.6,6.62,1946
Erhan Masovic,23, D(C),,,16(3),-,-,0.2,-,0.1,0.4,-,-,0.3,6.62,1461
Marc Oliver Kempf,27, D(C),,,12,-,1,0.7,0.3,0.5,1,-,0.3,0.4,6.61,1052
Christoph Baumgartner,22, AM(CLR),FW,,23(6),7,2,1.4,0.7,0.7,1.1,-,0.9,2.1,6.61,1899
André Hahn,31, AM(CLR),FW,,25(7),5,2,1.4,0.6,0.4,0.6,0.5,0.7,2,6.61,2112
Tiago Tomás,19, AM(CR),FW,,13(1),4,-,2,0.5,1.1,1.8,0.5,0.8,4.1,6.61,1080
Exequiel Palacios,23, M(C),,,12(11),2,2,0.4,0.3,0.3,0.7,-,0.6,0.6,6.61,1094
Maximilian Eggestein,25, M(CR),,,26(5),1,2,0.7,0.7,0.2,0.8,-,0.7,1.4,6.6,2205
Dennis Geiger,23, M(C),,,17(3),2,2,0.7,1.2,0.3,1,-,0.5,0.8,6.6,1385
Amine Adli,22, AM(CL),FW,,13(12),3,2,1.5,0.6,0.8,1.1,0.3,0.7,1.9,6.6,1256
Maxim Leitsch,24, D(C),,,17(2),1,-,0.3,0.2,0.2,-,0.1,0.1,0.8,6.6,1537
Frederik Rønnow,29, GK,,,7,-,-,-,-,-,0.1,-,-,-,6.6,630
Paulo Otávio,27, D(L),M(L),,5(2),-,1,0.6,0.4,0.7,0.6,0.1,0.3,1,6.6,365
Eduard Löwen,25, D(C),M(C),,14(11),2,2,1.4,1.5,0.7,0.4,-,0.8,1.3,6.6,1346
Simon Zoller,30, AM(LR),FW,,6(4),3,2,1.1,0.7,0.2,0.5,0.3,0.1,1.5,6.6,595
Leandro Barreiro,22, DMC,,,20(11),1,2,1,0.5,0.2,0.9,-,0.4,1.3,6.6,1790
Genki Haraguchi,31, M(CLR),,,23(7),2,6,1,0.8,0.4,1,-,0.5,0.8,6.6,1770
Martin Hinteregger Eintracht,29, D(C),,,25(2),1,-,0.6,0.3,0.1,1.1,-,0.1,0.8,6.6,2222
Josip Stanisic,22, D(R),,,6(7),1,-,0.3,0.2,0.4,0.1,-,0.5,0.8,6.59,646
Frederik Winther,21, Defender,,,3(1),-,-,-,-,-,-,-,-,0.5,6.59,327
Konstantinos Stafylidis,28, D(LR),DMC,M(L),14(9),-,1,0.7,0.4,0.2,0.7,-,0.4,0.4,6.59,1299
Sebastiaan Bornauw,23, D(C),,,23(4),1,-,0.5,0.1,0.1,0.2,0.1,0.1,0.2,6.59,2008
Dejan Ljubicic,24, M(CR),,,22(8),3,1,1,0.9,1.1,0.7,0.1,0.8,1.6,6.59,1975
Michaël Cuisance,22, AM(C),,,0(1),-,-,-,1,1,-,-,2,-,6.59,12
Niklas Stark,27, D(C),DMC,,22(4),1,-,0.4,0.2,0.3,0.8,-,0.1,0.5,6.59,2028
Emil Forsberg,30, AM(CLR),FW,,20(11),6,2,1.4,0.8,0.7,0.7,0.1,0.8,1.8,6.58,1709
Jessic Ngankam,21, FW,,,4(2),2,1,1.5,0.2,0.7,0.8,0.2,0.8,2.7,6.58,342
Yannick Gerhardt,28, D(L),M(CL),,17(10),1,3,0.5,0.4,0.5,0.9,0.1,0.6,1.3,6.58,1577
Kevin Kampl,31, M(CLR),,,25(2),-,1,0.3,0.6,0.4,0.4,-,0.5,1,6.58,1913
Pavel Kaderábek,30, D(R),M(LR),,14(5),1,2,0.6,1.1,0.1,0.4,0.1,-,0.8,6.58,1202
Kevin Schade,20, M(R),,,7(14),4,1,0.9,0.3,0.7,1.2,0.2,1,1.7,6.58,826
Benno Schmitz,27, D(CLR),,,29(2),-,5,0.4,1.1,0.1,0.8,-,0.1,0.9,6.58,2433
Dominik Kohr,28, DMC,,,19(3),-,3,0.8,0.5,0.4,0.9,-,0.6,0.7,6.58,1626
Péter Gulácsi,32, GK,,,33,-,-,-,-,-,0.1,-,-,0.1,6.58,2967
Fabian Bredlow,27, GK,,,4,-,-,-,-,-,0.5,-,-,0.5,6.58,360
Makoto Hasebe Eintracht,38, D(CR),M(CR),,12(6),-,-,-,0.2,0.3,0.7,-,0.2,0.2,6.57,1184
Arne Maier,23, DMC,,,21(8),1,6,0.6,1.1,0.6,0.5,-,0.6,1.3,6.57,1871
Branimir Hrgota,29, AM(LR),FW,,33(1),9,5,1.9,1,1,1.9,0.4,1.6,2.8,6.57,2789
Fabian Klos,34, FW,,,14(11),3,1,1.6,0.6,0.4,0.7,0.1,0.6,1.5,6.57,1423
Erik Durm Eintracht,30, D(LR),M(LR),,7,-,1,0.1,0.4,-,1,-,0.6,0.9,6.57,478
Stefan Posch,25, D(CR),,,26(2),2,-,0.5,0.2,0.1,0.5,-,0.2,0.5,6.57,2203
Armel Bella Kotchap,20, D(C),,,19(2),-,-,0.4,0.1,0.1,1.2,0.1,0.2,0.3,6.56,1679
Ishak Belfodil,30, AM(LR),FW,,17(9),5,2,1.2,0.8,0.7,0.4,1,1.1,1.5,6.56,1643
Timo Horn,29, GK,,,13,-,-,-,-,0.1,0.1,-,-,-,6.56,1170
Nico Elvedi,25, D(CLR),,,28,1,-,0.5,0.1,0.2,0.8,-,0.2,0.3,6.55,2432
Vladimír Darida,31, M(CLR),FW,,23(2),2,5,1,1.4,0.7,1.3,0.2,0.9,1.5,6.55,1799
Luca Kilian,22, D(C),,,25(5),1,-,0.2,0.1,-,0.4,-,0.1,0.4,6.55,2282
Marco Meyerhöfer,26, D(R),M(R),,25(1),1,-,0.4,0.7,0.7,1,-,0.4,1,6.55,2281
Odilon Kossounou,21, D(CR),,,20(7),-,1,0.1,0.2,0.4,0.3,-,0.4,0.6,6.55,1791
Yussuf Poulsen,27, AM(R),FW,,12(13),6,-,1.1,0.3,0.5,1.2,0.3,1.3,2,6.55,1078
Munas Dabbur,30, AM(C),FW,,17(10),3,3,1.2,0.6,0.6,0.7,0.1,1.3,1.5,6.54,1317
Hamadi Al Ghaddioui,31, FW,,,7(3),2,2,1.2,0.8,0.1,0.6,0.3,0.6,1.6,6.54,500
Andreas Linde,28, GK,,,12,-,-,-,-,0.1,0.1,-,-,0.1,6.54,1080
Rafal Gikiewicz,34, GK,,,34,-,-,-,0.1,-,0.2,-,-,0.1,6.54,3060
Jean-Paul Boëtius,28, AM(CL),FW,,19(14),2,2,0.7,0.8,0.7,1.2,-,0.8,1.2,6.54,1802
Rafael Czichos,32, D(C),,,16(1),-,1,0.1,0.1,0.2,0.6,-,-,0.5,6.54,1404
Marcus Thuram,24, AM(L),FW,,8(12),3,-,1.6,0.7,1.2,1.2,0.4,1.3,1.8,6.54,885
Alessandro Schöpf,28, M(CLR),,,27(4),1,-,1.1,1.4,1,1.3,-,1,2.3,6.54,2407
Omar Richards,24, D(L),M(L),,5(7),-,-,0.3,0.3,0.9,1.8,-,0.4,0.7,6.54,437
Orel Mangala,24, M(C),,,22(6),1,3,0.6,1,1.5,1,-,1.3,1.8,6.53,1863
Andrés Andrade,23, D(CL),,,12(5),-,-,0.4,0.2,0.5,0.1,0.1,0.4,0.9,6.53,1046
Roland Sallai,25, AM(CLR),FW,,18(13),4,4,1.5,0.6,0.5,1.4,0.1,0.5,1.5,6.53,1560
Timothy Tillman,23, AM(C),,,23(6),1,2,0.8,1,1.3,1.4,-,1,2.4,6.53,2018
Sardar Azmoun,27, FW,,,4(5),1,1,1.2,0.7,0.4,0.4,-,0.2,0.7,6.53,358
Masaya Okugawa,26, AM(CL),FW,,30(3),8,1,1,0.8,0.6,0.7,0.4,0.8,2.1,6.52,2545
Tanguy Nianzou,20, D(C),,,6(11),1,1,0.4,0.3,0.3,0.5,-,0.2,0.4,6.52,577
Dedryck Boyata,31, D(C),,,22(1),-,-,0.4,0.2,0.1,0.3,0.1,-,0.3,6.52,1900
Julian Ryerson,24, D(R),M(CR),,13(15),2,-,0.6,0.6,0.7,0.5,-,0.6,0.6,6.52,1421
Micky van de Ven,21, Defender,,,2(3),-,1,-,0.2,-,0.2,-,-,0.6,6.52,189
Kingsley Ehizibue,27, D(R),M(R),,6(10),-,1,0.4,0.6,0.3,1,-,0.4,0.8,6.52,675
Marc Roca,25, DMC,,,4(5),-,-,0.6,0.6,0.3,0.4,-,0.3,0.9,6.51,378
Milos Pantovic,25, AM(CLR),,,18(10),4,3,0.8,1.2,0.2,1.1,0.3,0.4,1.1,6.51,1539
Christopher Lenz Eintracht,27, D(L),M(L),,6(9),-,1,0.4,0.9,0.3,0.3,-,0.3,0.7,6.51,659
Dan-Axel Zagadou,23, D(CL),,,10(5),-,-,0.3,-,0.3,0.3,-,0.3,0.4,6.51,950
Aster Vranckx,19, M(C),,,12(12),2,-,1,0.5,0.7,0.7,-,0.7,1,6.51,1139
Jeong Woo-Yeong,22, AM(CR),FW,,23(9),5,2,1.6,0.8,0.5,0.5,0.4,0.3,1.1,6.51,1795
Jérôme Roussillon,29, D(L),M(L),,18(8),1,-,0.5,0.6,1.2,0.9,0.2,0.7,1.1,6.5,1779
Marco Richter,24, AM(CLR),FW,,19(11),5,1,1.5,0.6,0.5,1.5,0.2,1.2,2.3,6.5,1716
Nico Schulz,29, D(L),M(L),,9(7),-,2,0.2,0.4,0.3,0.3,-,0.2,1.1,6.5,834
Michael Esser,34, GK,,,3,-,-,-,-,-,-,-,-,-,6.49,270
Pavao Pervan,34, GK,,,6,-,-,-,-,-,-,-,-,-,6.49,540
Marvin Friedrich,26, D(C),,,7(1),-,-,0.6,-,-,0.3,0.1,-,0.3,6.49,600
Ondrej Duda,27, AM(C),FW,,20(11),2,-,1.4,0.6,1.2,1.1,-,0.8,2.1,6.49,1618
Eric Choupo-Moting,33, M(CLR),FW,,1(19),4,2,0.8,0.3,0.7,0.4,0.1,0.3,0.8,6.49,363
Pascal Stenzel,26, D(CR),M(R),,9(7),-,-,0.4,0.3,0.1,0.3,-,0.1,0.3,6.49,894
Lucas Tousart,25, DMC,,,22(8),2,-,0.8,0.4,0.7,0.8,-,0.6,1.1,6.49,1961
Angelo Stiller,21, DMC,,,18(8),2,1,0.6,0.6,0.6,0.5,-,0.3,1,6.48,1692
Dodi Lukébakio,24, AM(CLR),FW,,7(12),1,2,0.9,0.6,1.4,0.7,0.6,1.1,1.7,6.48,873
Danny Blum,31, AM(LR),FW,,2(11),2,-,0.8,0.9,0.4,0.2,-,0.2,0.6,6.48,339
Alfred Finnbogason,33, FW,,,3(7),2,1,0.6,0.5,0.2,0.1,0.1,0.5,0.9,6.48,288
Joe Scally,19, D(R),M(R),,20(10),1,2,0.6,0.6,0.7,1.2,0.1,0.4,1.9,6.48,1905
Rubén Vargas,23, AM(CLR),FW,,26(3),1,3,1.4,0.8,1.5,0.9,0.4,1.3,2.6,6.48,2005
Jonathan Schmid,31, D(R),M(CLR),,6(7),-,1,0.4,0.7,0.4,0.2,-,0.2,0.5,6.47,583
Kevin Akpoguma,27, D(CR),M(R),,19(7),2,2,0.5,0.4,0.8,0.9,0.2,0.3,1.2,6.47,1535
Delano Burgzorg,23, AM(L),,,0(3),1,-,0.7,-,0.3,-,0.3,-,0.7,6.47,24
Bouna Sarr,30, D(R),M(CLR),,0(5),-,-,0.2,-,0.8,-,-,-,-,6.46,59
Anderson Lucoqui,24, D(L),M(L),,9(4),1,-,0.6,0.5,0.2,1.2,-,0.7,0.9,6.46,743
Andreas Luthe,35, GK,,,27,-,-,-,-,-,0.1,-,-,0.1,6.45,2430
Marius Wolf,27, D(R),M(CLR),,15(12),3,1,0.7,0.4,0.5,0.6,0.1,0.8,0.6,6.45,1324
Takuma Asano,27, AM(CLR),FW,,20(7),3,4,1.2,0.7,0.7,1,0.7,0.7,2.2,6.45,1618
Jacob Laursen,27, D(L),,,20(4),2,-,0.3,0.3,0.5,0.3,-,0.2,0.7,6.45,1641
Manuel Prietl,30, M(C),,,23(3),-,1,0.7,0.2,0.6,0.4,-,0.7,1.2,6.45,2122
Jan Thielmann,20, AM(CLR),FW,,10(19),3,3,0.5,0.8,0.6,0.4,0.1,0.4,1.8,6.45,1182
Peter Pekarík,35, D(LR),M(R),,26(1),-,-,0.4,0.5,0.2,0.7,-,0.2,0.8,6.44,2239
Gian-Luca Itter,23, D(CL),,,16(8),-,1,0.2,0.4,0.6,0.2,-,0.3,0.5,6.44,1453
Sebastian Vasiliadis,24, M(C),,,16(3),-,-,0.6,0.3,0.6,0.3,0.1,0.8,1.4,6.44,1199
Steffen Tigges,23, Forward,,,0(9),3,-,0.4,0.1,-,0.1,0.1,-,0.8,6.43,105
Jamie Leweling,21, AM(R),FW,,22(11),5,1,1.3,0.5,1.4,1.5,0.5,1.7,2.6,6.43,1959
Luca Netz,19, D(L),M(L),,16(7),-,3,0.6,0.7,0.4,0.5,-,0.5,0.8,6.43,1313
Kristijan Jakic Eintracht,25, DMC,,,21(5),1,-,1.2,0.3,0.5,0.7,-,1,1.2,6.43,1883
Elvis Rexhbecaj,24, M(C),,,29(2),-,-,1,0.6,0.5,1.8,0.1,1,2,6.43,2469
Jürgen Locadia,28, AM(LR),FW,,4(7),2,1,1.6,0.7,-,0.8,0.4,1,2,6.43,442
Florian Niederlechner,31, AM(CR),FW,,13(13),5,3,1.1,0.6,0.3,1,0.3,0.6,1,6.43,1153
Alexander Schwolow,30, GK,,,25,-,-,-,-,-,-,-,-,-,6.43,2176
Sebastian Rode Eintracht,31, D(R),M(C),,10(7),1,-,0.4,0.7,0.2,0.5,-,0.4,0.5,6.42,763
Clinton Mola,21, D(L),,,1(2),-,-,-,-,0.7,-,-,-,0.7,6.42,113
Hannes Wolf,23, M(CLR),,,2(5),-,-,0.9,0.3,0.9,0.7,-,0.4,1.4,6.42,306
Aymen Barkok Eintracht,24, AM(CR),,,2(3),-,-,0.4,0.2,0.8,0.2,-,1.6,1,6.42,159
Nils Petersen,33, FW,,,3(19),5,1,0.6,0.3,0.2,0.1,-,0.1,1,6.42,568
Sebastian Griesbeck,31, D(C),DMC,,28(1),1,-,0.2,0.1,0.1,0.6,-,0.3,0.8,6.42,2441
Tyler Adams,23, D(R),M(CR),,12(12),-,1,0.1,0.3,0.5,0.6,-,0.4,0.8,6.41,1345
Stefan Lainer,29, D(R),M(R),,18(2),1,1,0.6,0.6,0.3,0.7,0.2,0.4,1.1,6.41,1389
Jorge Meré,25, D(C),,,5(3),-,-,-,0.1,0.1,0.1,-,0.1,0.5,6.41,489
Manuel Gulde,31, D(C),,,14(6),-,-,-,0.1,0.1,0.5,-,0.1,0.3,6.41,1230
Philipp Förster,27, M(CLR),FW,,11(9),2,1,1.5,0.5,0.5,0.5,0.1,0.5,1.2,6.41,970
Lucas Alario,29, FW,,,5(22),6,-,0.9,0.3,0.4,0.3,0.3,0.5,1.1,6.4,642
Fabian Kunze,23, DMC,,,13(9),-,-,0.5,0.3,0.4,1,-,0.6,0.7,6.4,1260
Maximilian Philipp,28, AM(CLR),FW,,12(10),1,4,0.7,0.8,0.6,0.8,0.1,0.7,0.9,6.4,969
Paul Seguin,27, D(R),DMC,,23(4),-,3,0.4,0.8,0.5,1,-,0.7,1.3,6.4,2110
Florian Müller,24, GK,,,30,-,-,-,-,-,0.1,-,-,0.1,6.4,2700
Philipp Pentke,37, GK,,,1,-,-,-,-,-,-,-,-,-,6.4,90
Mads Pedersen,25, D(L),M(L),,15(14),2,1,0.7,0.7,0.6,1,0.1,0.5,1.1,6.4,1392
Renato Steffen,30, M(CLR),,,13(7),-,1,0.7,0.7,0.5,0.8,-,0.3,1.2,6.39,972
Nick Viergever,32, D(CL),DMC,,24,-,-,0.1,-,-,0.3,-,0.3,0.5,6.39,2134
Robert Gumny,24, D(CLR),,,27(1),-,-,0.3,0.3,0.4,1,-,0.6,0.7,6.39,2278
Herbert Bockhorn,27, D(R),M(R),,6(11),-,-,0.4,0.2,0.9,1.2,-,0.5,1,6.39,751
Felix Passlack,24, D(LR),M(CR),,5(5),1,-,0.3,0.2,0.3,0.8,0.1,0.2,0.8,6.39,470
Marin Pongracic,24, D(C),,,9(8),-,-,-,0.1,0.4,-,-,-,0.3,6.39,823
Sascha Burchert,32, GK,,,14,-,-,-,0.1,-,0.1,-,-,-,6.38,1260
Dominique Heintz,28, D(CL),,,7,-,-,0.1,0.1,0.4,0.3,0.1,-,0.4,6.38,474
Sebastian Andersson,30, FW,,,13(13),3,1,1.3,0.5,0.2,0.7,0.2,0.7,2,6.38,1254
Patrick Herrmann,31, M(LR),FW,,5(18),-,4,0.6,0.8,0.4,0.3,0.2,0.3,0.7,6.38,744
Marcel Sabitzer,28, M(CLR),FW,,8(17),1,1,0.8,0.4,0.2,0.6,-,0.4,0.5,6.38,900
Justin Hoogma,23, D(C),,,3,-,-,0.3,0.3,-,-,-,-,-,6.38,270
Jeremy Dudziak,26, D(LR),M(CL),,15(7),2,-,0.7,0.6,0.6,1.1,0.1,1,1.3,6.38,1139
Edimilson Fernandes,26, M(CR),,,2(5),-,-,0.6,0.9,0.4,0.1,-,0.9,0.7,6.38,282
Dodi Lukébakio,24, AM(CLR),FW,,2(1),1,-,1.3,-,1,1.7,0.3,0.3,1.3,6.37,176
Roberto Massimo,21, M(R),,,11(8),2,-,1.1,0.6,0.8,0.2,0.2,0.5,1.6,6.37,879
Julian Chabot,24, D(C),,,2(2),-,-,-,-,0.3,1.8,-,-,0.8,6.37,208
Ajdin Hrustic Eintracht,25, M(CLR),,,9(14),2,-,1.3,0.4,0.5,0.3,-,0.8,0.9,6.37,960
Andreas Voglsammer,30, AM(LR),FW,,5(27),2,1,1,0.3,0.3,0.5,0.4,0.3,0.6,6.37,865
Tobias Strobl,32, D(CR),DMC,,4(1),-,-,0.4,0.2,0.2,0.4,-,0.6,1.4,6.37,325
Hans Nunoo Sarpei,23, D(C),DMC,,7(1),-,-,0.4,-,0.4,2,-,0.1,0.4,6.36,643
Timothy Chandler Eintracht,32, D(R),M(LR),,15(2),-,-,0.8,0.6,0.2,0.4,0.2,0.4,0.9,6.36,1218
Marcus Ingvartsen,26, AM(CR),FW,,6(20),6,-,1,0.2,0.3,0.5,0.2,0.4,1.4,6.36,668
Mike van der Hoorn,29, D(C),,,0(1),-,-,-,-,-,1,-,-,-,6.36,13
Sebastian Rudy,32, D(R),M(CR),,7(14),3,1,0.7,0.3,0.1,0.3,-,0.4,0.5,6.36,764
Marcel Lotka,21, GK,,,9(1),-,-,-,-,-,0.5,-,-,0.1,6.36,884
Jetro Willems,28, D(L),DMC,M(L),20(4),1,-,0.5,0.5,0.6,0.5,-,0.5,1.1,6.36,1612
Sven Michel,31, AM(L),FW,,2(11),3,1,0.7,0.4,0.1,0.3,0.2,0.7,1.3,6.35,330
Kevin Behrens,31, FW,,,2(22),2,2,0.7,0.3,0.2,0.2,-,0.3,0.8,6.35,480
Patrick Osterhage,22, M(C),,,6(6),-,1,0.3,0.3,0.5,0.6,-,1.1,1.3,6.34,574
András Schäfer,23, M(C),,,1(7),1,1,0.9,0.5,0.5,0.3,-,0.1,0.6,6.34,233
Dominique Heintz,28, D(CL),,,0(1),-,-,-,-,-,-,-,-,-,6.34,28
Marcus Ingvartsen,26, AM(CR),FW,,2,-,-,0.5,-,1,0.5,-,0.5,2,6.34,124
Márton Dárdai,20, D(C),,,9(3),-,1,0.3,0.2,0.3,0.5,-,0.3,0.4,6.34,759
Davie Selke,27, FW,,,10(15),4,-,1,0.3,0.1,0.8,0.2,0.5,0.9,6.34,997
Bryan Lasme,23, FW,,,7(16),2,-,0.6,0.3,0.5,0.5,0.4,0.7,1.8,6.33,869
Havard Nielsen,28, AM(CL),FW,,14(12),2,-,1.1,0.2,0.6,0.9,0.4,0.7,1.9,6.33,1371
Marwin Hitz,34, GK,,,4(1),-,-,-,-,-,-,-,-,-,6.33,405
Jannes Horn,25, D(CL),M(L),,3(8),-,-,0.3,0.5,0.4,0.7,-,0.2,0.5,6.33,474
Keven Schlotterbeck,25, D(C),,,3(9),-,-,0.1,0.1,-,0.2,-,0.1,0.1,6.33,311
Janni Serra,24, FW,,,15(11),3,2,0.9,0.5,0.2,0.5,0.2,1,1.9,6.33,1125
Jens Petter Hauge Eintracht,22, AM(CLR),,,9(17),2,2,0.7,0.5,1,0.4,-,0.9,1.3,6.33,1031
Kevin Vogt,30, D(CR),M(C),,29(1),-,2,0.1,0.2,0.1,0.6,-,0.1,0.4,6.33,2570
Marco John,20, M(L),,,0(2),-,-,-,-,0.5,-,-,-,-,6.33,40
Gonçalo Paciência Eintracht,27, FW,,,4(14),3,-,1.6,0.3,0.7,0.7,0.2,0.8,1,6.31,505
Danny da Costa Eintracht,28, D(R),M(R),,7(4),-,-,0.2,0.2,0.5,0.2,-,0.2,1,6.31,724
Christoph Kramer,31, DMC,,,7(11),-,-,0.2,0.2,0.5,0.3,-,0.6,0.7,6.31,742
Tobias Raschl,22, M(C),,,7(3),-,1,0.5,0.2,0.9,0.8,0.1,1.3,1.9,6.3,598
Kevin Stöger,28, M(CL),,,1(22),1,1,0.7,0.6,0.3,0.4,-,0.2,0.5,6.3,403
Cedric Itten,25, FW,,,7(5),2,-,1.3,0.3,0.2,0.5,0.3,1.1,2.2,6.3,634
Janik Haberer,28, M(CLR),FW,,7(19),3,-,0.5,-,0.1,0.4,-,0.2,0.5,6.3,806
Ermedin Demirovic,24, FW,,,9(22),2,3,0.8,0.3,0.3,0.2,0.4,0.5,1,6.3,862
Wahidullah Faghir,18, Forward,,,0(6),1,-,0.8,-,0.8,0.5,0.3,0.2,0.7,6.3,120
Linus Gechter,18, D(C),,,6(7),1,-,0.4,0.3,0.1,-,-,0.1,0.6,6.3,713
Malik Tillman,20, Forward,,,1(3),-,-,0.3,0.8,-,0.3,-,0.5,1.5,6.3,103
Mijat Gacinovic,27, M(CLR),,,1(3),-,-,0.3,-,0.8,0.3,-,0.5,0.5,6.3,108
Raphael Framberger,26, D(R),M(R),,9(14),-,-,-,0.5,0.3,0.3,-,0.1,0.6,6.29,840
Daley Sinkgraven,26, D(L),M(CL),,3(9),-,-,0.1,0.2,0.4,0.3,-,0.4,0.4,6.29,346
Louis Schaub,27, AM(CR),,,6(22),1,2,0.5,0.4,0.7,0.3,0.1,0.5,0.7,6.29,640
Fredrik Jensen,24, AM(C),FW,,2(10),-,1,0.5,0.5,0.2,0.3,-,0.1,0.5,6.29,410
Daniel Didavi,32, AM(CR),FW,,2(8),-,1,0.7,0.6,0.5,0.7,0.2,0.6,0.9,6.29,272
Håvard Nordtveit,31, D(CR),DMC,,1(10),-,-,0.1,0.1,0.2,0.4,-,0.1,0.1,6.29,295
Andi Zeqiri,22, FW,,,11(11),2,1,1.4,0.5,0.4,0.7,0.5,0.9,1.9,6.29,1032
Krzysztof Piatek,26, FW,,,4(5),1,-,1.3,-,0.7,0.7,0.7,0.8,1.2,6.29,346
Almamy Touré Eintracht,26, D(CR),M(R),,5(5),-,-,0.6,-,0.2,0.2,0.1,0.6,0.9,6.28,509
Mateo Klimowicz,21, AM(C),FW,,7(8),-,1,0.7,0.3,0.7,0.6,0.1,0.5,1.1,6.28,602
Maximilian Bauer,22, D(C),,,18(8),-,-,0.2,-,-,0.4,-,0.1,0.2,6.28,1687
Jacob Bruun Larsen,23, AM(CL),,,9(16),4,1,0.7,0.6,0.4,0.1,0.2,0.2,0.9,6.28,804
Tanguy Coulibaly,21, M(CLR),FW,,11(10),-,1,0.6,0.4,1,0.7,0.3,0.7,2,6.27,1082
Felix Uduokhai,24, D(C),,,8(5),-,-,0.2,-,0.6,0.5,-,0.4,0.1,6.27,784
Deyovaisio Zeefuik,24, D(R),M(R),,6(5),-,-,-,0.4,0.2,0.7,0.1,0.5,0.5,6.27,563
Timothy Fosu-Mensah,24, D(CR),,,0(6),-,-,-,0.3,0.2,-,-,-,0.3,6.27,140
Gonzalo Castro,34, D(L),M(CR),,4(8),1,1,0.7,0.3,0.2,0.3,0.2,0.2,0.8,6.27,433
Niklas Tauer,21, Midfielder,,,6(5),-,-,0.2,-,0.2,0.4,-,-,0.5,6.27,487
Soma Novothny,27, Forward,,,0(6),1,-,0.5,-,-,0.3,-,-,0.3,6.27,75
Kevin-Prince Boateng,35, M(CLR),FW,,9(10),-,-,0.5,0.4,0.3,1.1,0.1,0.7,0.9,6.26,696
Christopher Antwi-Adjei,28, AM(CLR),,,11(13),1,1,1.1,0.3,0.5,1.1,0.4,0.8,2.1,6.26,1038
Jurgen Ekkelenkamp,22, AM(C),,,6(15),3,-,0.7,0.4,0.3,0.2,-,0.5,1.3,6.26,713
David Nemeth,21, Defender,,,2(4),-,-,-,-,0.2,0.2,-,0.2,0.5,6.26,309
Vincent Vermeij,27, FW,,,0(1),-,-,-,-,1,-,-,-,-,6.25,2
Robert Skov,26, D(L),M(LR),,3(9),-,1,1,0.8,0.2,0.4,-,0.1,0.6,6.25,362
Kingsley Schindler,28, D(R),M(R),FW,1(17),1,2,0.2,0.3,-,0.3,0.1,0.2,0.3,6.25,335
Nadiem Amiri,25, M(CLR),,,3(10),1,-,0.6,0.2,0.2,0.8,-,0.7,0.7,6.25,362
Sargis Adamyan,29, AM(CLR),FW,,2(11),1,-,0.2,0.3,0.5,0.6,0.3,0.4,0.9,6.25,324
Hwang Hee-Chan,26, AM(CLR),FW,,0(2),-,-,0.5,-,1,1,-,-,1,6.25,47
Tim Lemperle,20, Midfielder,,,0(13),2,-,0.5,0.5,0.3,0.2,-,0.4,0.3,6.24,137
Erik Thommy,27, M(CLR),,,1(10),-,-,0.9,0.8,0.4,0.5,0.2,0.2,0.6,6.24,267
Nikolas Nartey,22, M(CL),,,4(4),-,-,0.1,0.5,0.3,0.6,0.1,0.4,1.1,6.24,401
Andrey Lunev,30, GK,,,1,-,-,-,-,-,-,-,-,-,6.24,90
Lucas Copado,18, Forward,,,0(1),-,-,1,-,1,-,-,-,1,6.24,16
László Bénes,24, AM(C),,,2(11),-,-,0.5,0.4,0.1,0.7,-,0.1,0.5,6.24,239
Sam Lammers Eintracht,25, FW,,,5(10),1,-,0.8,0.1,0.5,0.1,0.1,0.4,1.7,6.24,515
Tomás Ostrák,22, Midfielder,,,0(5),-,1,0.4,0.4,0.4,-,-,0.6,0.4,6.24,26
Ádám Szalai,34, FW,,,2(10),1,-,0.8,0.3,0.3,0.3,0.4,0.6,1.3,6.24,255
Lukas Klünter,26, D(CR),M(R),,2(3),-,-,-,0.4,0.6,0.4,-,0.4,0.8,6.23,193
Noah Katterbach,21, D(L),,,0(1),-,-,-,-,1,1,-,-,-,6.23,16
Ricardo Pepi,19, FW,,,4(7),-,-,0.7,0.5,0.2,0.4,0.3,0.5,1.2,6.22,476
Myziane Maolida,23, AM(LR),FW,,9(5),1,1,1,0.3,0.9,0.4,0.2,1.3,1.4,6.22,780
Cimo Röcker,28, Defender,,,0(1),-,-,-,1,-,-,-,-,-,6.22,21
Sven Ulreich,33, GK,,,6,-,-,-,-,-,0.2,-,-,-,6.22,540
Carlos Gruezo,27, DMC,,,9(8),-,-,0.6,0.2,0.2,0.2,-,0.5,0.6,6.22,971
Hugo Novoa,19, Forward,,,1(7),1,-,0.3,0.3,0.1,0.5,0.1,0.5,1.4,6.21,130
Noah Sarenren Bazee,25, AM(R),,,1(13),1,-,0.5,0.1,0.2,0.2,-,0.3,0.9,6.21,230
Robin Hack,23, AM(CLR),FW,,13(17),-,2,1,0.6,0.9,0.7,0.1,1.2,1.9,6.21,1356
Enzo Millot,19, Midfielder,,,0(6),-,1,-,0.2,0.2,0.2,-,0.5,0.8,6.21,48
Gabriel Vidovic,18, Forward,,,0(3),-,-,-,0.7,1,-,-,0.7,0.3,6.2,33
George Bello,20, D(L),M(L),,3(7),-,-,0.3,0.2,0.9,0.6,0.1,0.4,1,6.2,427
Iker Bravo,17, Forward,,,0(1),-,-,-,-,-,-,-,-,1,6.2,11
Ragnar Ache Eintracht,23, FW,,,1(12),-,1,0.8,0.2,0.5,0.6,0.5,0.7,1.2,6.2,249
Levin Öztunali,26, M(CLR),,,5(13),-,-,0.4,0.3,0.2,0.4,0.2,0.5,1.3,6.2,564
Julian Baumgartlinger,34, DMC,,,1(5),-,-,-,-,-,-,-,-,-,6.19,84
Kiliann Sildillia,20, Defender,,,1(6),-,-,-,0.3,0.3,0.1,-,0.1,0.1,6.19,167
Marcel Sabitzer,28, M(CLR),FW,,0(2),-,-,1,-,0.5,-,-,1,-,6.19,47
Gian-Luca Waldschmidt,26, AM(CLR),FW,,9(5),1,-,1.2,0.4,0.4,0.6,-,0.9,1.7,6.19,719
Florian Krüger,23, AM(CLR),FW,,12(15),1,2,0.7,0.4,0.3,0.3,0.1,0.3,0.9,6.18,1112
Ansgar Knauff,20, M(R),,,0(5),-,-,0.2,0.2,0.8,0.2,0.2,-,1.2,6.18,110
Stefan Ilsanker Eintracht,33, D(CR),DMC,,3(9),-,-,0.3,-,-,0.1,0.1,0.1,0.2,6.18,261
Julian Eitschberger,18, Defender,,,1,-,-,-,-,-,2,-,-,-,6.18,46
Lennard Maloney,22, Defender,,,0(2),-,-,-,0.5,-,-,-,-,-,6.18,7
Jan Morávek,32, M(C),,,5(12),-,-,0.1,0.4,0.3,0.1,-,0.4,0.5,6.18,466
Daniel Brosinski,33, D(LR),M(LR),,4(7),-,-,0.1,0.7,-,0.3,-,0.2,0.5,6.17,386
Felix Nmecha,21, Midfielder,,,1(15),-,-,0.6,-,0.3,0.6,-,0.4,0.9,6.17,308
Dennis Jastrzembski,22, Forward,,,1(7),-,-,0.1,0.5,0.4,0.4,-,0.1,0.8,6.17,222
Brian Brobbey,20, FW,,,1(8),-,2,0.4,0.3,0.2,0.2,-,0.1,0.9,6.17,124
Keanan Bennetts,23, AM(R),,,0(4),-,-,0.3,-,0.8,-,-,-,0.8,6.17,47
Luca Wollschläger,19, Forward,,,0(2),-,-,0.5,0.5,-,-,-,0.5,-,6.16,14
Saulo Decarli,30, D(C),,,0(1),-,-,1,-,-,-,-,-,-,6.16,8
Sergio Córdova,24, FW,,,2(11),-,-,0.5,0.2,0.2,0.8,0.4,0.7,0.6,6.16,318
Fredrik Bjørkan,23, Defender,,,2(7),-,-,-,0.2,0.4,0.3,-,0.3,0.8,6.16,349
Anton Kade,18, Forward,,,0(4),-,-,0.3,-,0.3,0.5,-,-,0.5,6.15,74
Finn Dahmen,24, GK,,,2,-,-,-,-,-,-,-,-,-,6.15,180
Yannik Keitel,22, DMC,,,5(7),-,-,0.8,0.3,0.2,0.4,-,0.4,0.8,6.14,501
Baptiste Santamaría,27, DMC,,,0(1),-,-,-,-,-,-,-,-,-,6.14,20
Dickson Abiama,23, FW,,,5(19),-,1,0.8,0.3,0.3,0.5,0.6,0.4,1.2,6.14,715
Zidan Sertdemir,17, Midfielder,,,0(3),-,-,-,0.3,-,-,-,1,0.3,6.13,15
Julian Green,27, M(CL),FW,,12(12),-,-,0.8,0.4,0.3,1.6,-,0.2,0.8,6.13,1052
Burak Ince,18, Midfielder,,,1(4),-,-,0.8,0.2,0.6,0.8,0.2,0.6,0.4,6.13,138
Omer Faruk Beyaz,18, Midfielder,,,0(4),-,-,0.8,-,-,-,-,0.3,1.5,6.13,68
Justin Che,18, D(R),,,0(2),-,-,0.5,-,-,-,-,-,-,6.12,39
Youssoufa Moukoko,17, Forward,,,1(15),2,-,0.5,0.1,-,0.3,0.3,0.3,0.5,6.12,210
Paul Nebel,19, Midfielder,,,2(8),-,1,0.3,0.4,0.4,0.3,0.1,0.5,1.4,6.12,226
Solomon Bonnah,18, Defender,,,0(1),-,-,-,-,-,-,-,-,-,6.11,6
Alexis Tibidi,18, Forward,,,2(11),-,-,0.3,0.3,0.2,0.9,0.3,0.3,1.2,6.11,380
Simon Asta,21, D(R),M(R),,9(4),-,-,0.2,0.2,0.3,0.7,0.2,0.2,0.6,6.1,784
Paul Wanner,16, Midfielder,,,0(4),-,-,-,0.3,0.3,0.3,-,0.5,0.5,6.1,36
Keita Endo,24, Midfielder,,,0(4),-,-,0.5,0.3,-,0.5,0.3,-,0.5,6.09,53
Kevin Möhwald,28, M(CR),,,3(13),-,-,0.6,0.2,0.1,0.3,0.1,0.4,0.4,6.09,349
Nathan de Medina,24, D(R),,,7(12),-,-,0.3,-,-,0.5,-,0.3,0.6,6.09,768
Lasse Günther,19, Forward,,,1(4),-,-,0.4,0.2,0.2,0.2,-,0.2,0.2,6.08,159
Cedric Teuchert,25, AM(CLR),FW,,0(6),-,-,0.5,0.3,-,0.2,0.2,0.3,0.8,6.08,99
Anthony Ujah,31, FW,,,0(3),-,-,1,0.3,-,0.3,-,0.3,-,6.08,32
Kasim Adams,26, D(C),,,0(3),-,-,0.3,-,-,-,-,-,-,6.08,3
Silvère Ganvoula,25, FW,,,0(9),-,-,0.3,-,0.2,0.1,0.7,0.4,1,6.07,145
Mohamed Sankoh,18, Forward,,,0(1),-,-,1,-,-,-,-,-,-,6.07,4
Afimico Pululu,23, Forward,,,0(8),-,-,0.1,-,0.8,1,0.1,0.5,0.6,6.07,62
Joel Pohjanpalo,27, FW,,,0(2),-,-,-,-,-,-,0.5,-,-,6.07,10
Ilaix Moriba,19, M(C),,,0(2),-,-,0.5,-,-,1.5,-,0.5,1,6.07,30
Adrian Fein,23, DMC,,,0(3),-,-,0.3,0.3,-,-,-,0.3,-,6.06,29
Reinier,20, AM(C),,,1(12),-,-,0.1,-,0.4,0.2,-,0.5,0.2,6.06,153
Javairô Dilrosun,23, AM(CLR),,,1(1),-,-,0.5,-,1,1,-,1.5,1.5,6.06,137
Luis Hartwig,19, Forward,,,0(1),-,-,-,-,-,-,-,-,-,6.06,1
Kevin Paredes,19, M(L),,,0(2),-,-,-,-,-,-,-,-,0.5,6.06,13
Mathias Olesen,21, Midfielder,,,0(3),-,-,-,0.3,-,-,-,-,0.3,6.05,14
Tarsis Bonga,25, Forward,,,0(3),-,-,1,-,0.3,-,-,0.3,1,6.05,14
Philipp Tschauner,36, GK,,,0(1),-,-,-,-,-,-,-,-,-,6.05,3
Tobias Sippel,34, GK,,,1,-,-,-,-,-,-,-,-,-,6.05,90
Silas,23, M(LR),FW,,3(6),-,-,0.1,-,0.9,0.8,0.3,1,2.7,6.05,271
Admir Mehmedi,31, M(CLR),FW,,0(1),-,-,-,-,-,-,-,-,-,6.04,3
Bartosz Bialek,20, Forward,,,1(11),-,-,0.5,0.2,-,0.2,-,0.4,0.5,6.04,171
Matej Maglica,23, Defender,,,0(1),-,-,-,-,-,-,-,-,-,6.04,5
Sebastian Griesbeck,31, D(C),DMC,,0(1),-,-,-,-,-,-,-,-,-,6.04,8
Torben Müsel,22, Midfielder,,,0(1),-,-,-,-,-,-,-,-,-,6.04,4
Omar Marmoush,23, AM(L),FW,,0(2),-,-,0.5,0.5,-,-,-,-,0.5,6.03,22
Umut Tohumcu,17, Midfielder,,,0(1),-,-,-,-,-,1,-,-,-,6.03,4
Noah Weißhaupt,20, Forward,,,0(10),-,-,-,0.3,0.3,0.2,-,0.2,0.6,6.03,91
Merveille Papela,21, Midfielder,,,0(5),-,-,0.2,-,-,-,-,0.2,1,6.03,80
Abdourahmane Barry,22, D(C),,,1(7),-,-,0.1,0.3,0.1,0.4,-,0.3,1.1,6.03,204
Chris Richards,22, D(C),,,0(1),-,-,-,-,-,-,-,-,-,6.02,2
Christian Früchtl,22, Goalkeeper,,,0(1),-,-,-,-,-,-,-,-,-,6.02,9
Daniel Ginczek,31, AM(R),FW,,0(2),-,-,0.5,-,-,-,-,-,0.5,6.02,12
Lilian Egloff,19, Midfielder,,,0(4),-,-,-,0.3,-,-,-,-,1.3,6.01,29
Marten Winkler,19, Forward,,,0(1),-,-,-,-,-,1,-,-,-,6.01,25
Conor Noß,21, Forward,,,0(3),-,-,0.3,0.3,-,-,-,-,0.7,6.01,50
Ermin Bicakcic,32, D(C),,,0(1),-,-,-,-,-,-,-,-,-,6,4
Immanuel Pherai,21, AM(L),,,0(1),-,-,-,-,-,-,-,-,-,6,1
Lion Semic,18, Defender,,,0(1),-,-,-,-,-,-,-,-,-,6,2
Luca Kilian,22, D(C),,,0(1),-,-,-,-,-,-,-,-,-,6,1
Naouirou Ahamada,20, Midfielder,,,0(3),-,-,-,-,-,0.3,-,-,1,6,57
Nils Seufert,25, AM(C),,,1(3),-,-,-,-,-,0.3,-,-,-,6,98
Romario Rösch,22, Midfielder,,,0(1),-,-,-,-,-,-,-,-,1,6,1
Stephan Fürstner,34, DMC,,,0(1),-,-,-,-,-,-,-,-,-,6,4
Panagiotis Retsos,23, D(CLR),,,0(4),-,-,0.3,-,0.3,0.3,-,-,-,6,28
Fisnik Asllani,19, Forward,,,0(2),-,-,-,-,-,-,-,-,-,5.99,7
Lee Dong-Jun,25, Midfielder,,,1(3),-,-,0.8,-,0.5,0.8,0.3,1,1.5,5.99,117
Sidney Raebiger,17, Midfielder,,,0(1),-,-,-,-,-,-,-,1,-,5.98,3
Tom Bischof,16, Midfielder,,,0(1),-,-,-,-,-,-,-,1,-,5.98,13
Gideon Jung,27, D(C),DMC,,1(4),-,-,-,-,0.2,0.8,-,-,0.2,5.96,140
Marius Funk,26, GK,,,8,-,-,-,0.4,-,0.1,-,-,-,5.96,720
Joscha Wosz,19, Midfielder,,,0(1),-,-,-,-,-,-,-,1,-,5.95,8
Lennart Czyborra,23, D(L),M(L),,1(3),-,-,-,-,0.3,-,-,0.8,0.3,5.89,130
Antonios Papadopoulos,22, Midfielder,,,0(2),-,-,-,-,-,-,-,-,0.5,5.88,15
Thomas Delaney,30, DMC,,,0(1),-,-,-,-,-,-,-,-,-,5.88,17
Josep Martínez,24, Goalkeeper,,,1,-,-,-,-,-,-,-,-,-,5.86,90
Roman Bürki,31, GK,,,1,-,-,-,-,-,-,-,-,-,5.85,90
Robert Tesche,35, M(C),,,5(6),-,-,0.2,-,-,0.1,0.1,0.3,-,5.82,349
Jens Grahl Eintracht,33, GK,,,1,-,-,-,-,-,-,-,-,-,5.81,90
Hugo Siquet,19, D(R),M(R),,0(1),-,-,-,-,-,-,-,-,1,5.74,21
Nick Proschwitz,35, FW,,,0(1),-,-,1,-,-,-,-,1,-,5.73,26
Benjamin Uphoff,28, GK,,,2,-,-,-,-,-,-,-,-,-,5.1,180
