,Player,Player.1,Age,postion1,postion2,postion3,Apps,Mins,Goals,Assists,Yel,Red,SpG,PS%,AerialsWon,MotM,Rating
0,"1Kike HermosoReal Betis, 22, Defender",Kike Hermoso Real Betis,22, Defender,,,1,90,1,-,-,-,2,83.3,6,1,7.77
1,"2Karim BenzemaReal Madrid, 34, FW",Karim Benzema Real Madrid,34, FW,,,31(1),2600,27,12,-,-,4,85.2,0.6,10,7.69
2,"3Vinícius JúniorReal Madrid, 21, AM(L),FW",Vinícius Júnior Real Madrid,21, AM(L),FW,,30(5),2701,17,10,6,-,2.3,85.9,0.1,8,7.56
3,"4Ousmane DembéléBarcelona, 25, AM(CLR),FW",Ousmane Dembélé Barcelona,25, AM(CLR),FW,,15(6),1413,1,13,3,-,2.2,84.4,0.2,4,7.46
4,"5Miguel GutiérrezReal Madrid, 20, D(L)",Miguel Gutiérrez Real Madrid,20, D(L),,,3,262,-,1,1,-,-,94,0.7,-,7.44
5,"6Gerard MorenoVillarreal, 30, AM(CR),FW",Gerard Moreno Villarreal,30, AM(CR),FW,,14(3),1194,9,3,2,-,2.2,69.4,1.1,6,7.44
6,"7Nabil FekirReal Betis, 28, AM(CLR),FW",Nabil Fekir Real Betis,28, AM(CLR),FW,,33(1),2812,6,8,7,1,2.5,86.4,0.8,7,7.38
7,"8Andrii LuninReal Madrid, 23, GK",Andrii Lunin Real Madrid,23, GK,,,2,180,-,-,-,-,-,85.1,-,1,7.32
8,"9CasemiroReal Madrid, 30, DMC",Casemiro Real Madrid,30, DMC,,,31(1),2576,1,3,11,-,1.3,86,3.2,3,7.26
9,"10JoseluDeportivo Alaves, 32, FW",Joselu Deportivo Alaves,32, FW,,,35(2),3126,14,4,-,-,2.6,61.1,7.7,5,7.25
0,"11Vedat MuriqiMallorca, 28, FW",Vedat Muriqi Mallorca,28, FW,,,16,1439,5,3,6,-,3.2,54.2,7.3,7,7.22
1,"12Iker MuniainAthletic Bilbao, 29, AM(CLR)",Iker Muniain Athletic Bilbao,29, AM(CLR),,,34(1),2803,4,10,3,-,1.2,84.8,0.1,6,7.19
2,"13Iago AspasCelta Vigo, 34, AM(CR),FW",Iago Aspas Celta Vigo,34, AM(CR),FW,,36(1),3094,18,6,8,-,2.4,75.5,0.6,5,7.19
3,"14Daniel ParejoVillarreal, 33, M(C)",Daniel Parejo Villarreal,33, M(C),,,32(1),2712,2,10,3,-,0.5,87.6,0.5,1,7.17
4,"15John DonaldElche, 21, Midfielder",John Donald Elche,21, Midfielder,,,2,180,-,-,-,-,1,88.1,1,-,7.17
5,"16Mikel MerinoReal Sociedad, 25, M(C)",Mikel Merino Real Sociedad,25, M(C),,,33(1),2896,3,2,8,-,1.3,77.6,3.3,3,7.16
6,"17Antoine GriezmannBarcelona, 31, AM(CLR),FW",Antoine Griezmann Barcelona,31, AM(CLR),FW,,3,264,-,-,-,-,1.3,85.1,1.3,-,7.15
7,"18PedriBarcelona, 19, AM(C)",Pedri Barcelona,19, AM(C),,,10(2),891,3,1,-,-,1,86.5,0.3,-,7.12
8,"19Memphis DepayBarcelona, 28, AM(CL),FW",Memphis Depay Barcelona,28, AM(CL),FW,,20(8),1850,12,2,3,-,2.2,82.1,0.4,5,7.1
9,"20Yannick CarrascoAtletico, 28, M(CLR),FW",Yannick Carrasco Atletico,28, M(CLR),FW,,28(6),2594,6,6,5,-,1.5,80.6,0.3,5,7.08
0,"21Sergio BusquetsBarcelona, 33, DMC",Sergio Busquets Barcelona,33, DMC,,,36,3202,2,-,12,-,0.4,87.6,1.7,-,7.05
1,"22Dani AlvesBarcelona, 39, D(R),M(CR)",Dani Alves Barcelona,39, D(R),M(CR),,13(1),1103,1,3,2,1,0.4,88,0.6,1,7.03
2,"23Raúl de TomásEspanyol, 27, FW",Raúl de Tomás Espanyol,27, FW,,,33(1),2928,17,3,5,2,3.1,83.9,1,4,7.02
3,"24Luka ModricReal Madrid, 36, M(C)",Luka Modric Real Madrid,36, M(C),,,25(3),2050,2,8,5,-,1,90.1,0.2,-,7.01
4,"25Javi GalánCelta Vigo, 27, D(L),M(L)",Javi Galán Celta Vigo,27, D(L),M(L),,37,3300,-,3,9,-,0.5,81.9,0.7,1,7.01
5,"26Rubén AlcarazCadiz, 31, DMC",Rubén Alcaraz Cadiz,31, DMC,,,12(2),1106,2,-,7,-,1.6,85.5,1.6,-,7.01
6,"27Mathías OliveraGetafe, 24, D(L),M(L)",Mathías Olivera Getafe,24, D(L),M(L),,32,2807,1,3,10,-,0.8,71.8,3.5,3,7
7,"28Óscar TrejoRayo Vallecano, 34, M(CLR)",Óscar Trejo Rayo Vallecano,34, M(CLR),,,24(8),2023,3,9,13,-,0.7,82.2,0.8,2,7
8,"29Gonçalo GuedesValencia, 25, AM(CLR),FW",Gonçalo Guedes Valencia,25, AM(CLR),FW,,30(6),2614,11,6,3,-,1.9,68.5,0.4,5,6.99
9,"30Jordi AlbaBarcelona, 33, D(L),M(L)",Jordi Alba Barcelona,33, D(L),M(L),,30,2648,2,10,11,-,1,86.6,0.5,2,6.99
0,"31Toni KroosReal Madrid, 32, M(C)",Toni Kroos Real Madrid,32, M(C),,,25(3),2112,1,3,4,-,1.6,94.9,0.3,1,6.98
1,"32Gabriel PaulistaValencia, 31, D(CR)",Gabriel Paulista Valencia,31, D(CR),,,19,1602,2,1,2,-,0.3,77.7,2,3,6.98
2,"33Pierre-Emerick AubameyangBarcelona, 32, M(CLR),FW",Pierre-Emerick Aubameyang Barcelona,32, M(CLR),FW,,13(4),1092,11,1,-,-,2.2,75.5,0.4,3,6.98
3,"34Eder MilitãoReal Madrid, 24, D(CR)",Eder Militão Real Madrid,24, D(CR),,,34,3033,1,2,5,-,1,89.3,2.4,3,6.97
4,"35Ferland MendyReal Madrid, 26, D(L),M(L)",Ferland Mendy Real Madrid,26, D(L),M(L),,20(2),1739,2,1,4,-,0.5,92,0.5,-,6.96
5,"36Etienne CapoueVillarreal, 33, D(C),M(CL)",Etienne Capoue Villarreal,33, D(C),M(CL),,26(4),2298,1,1,9,-,0.5,88.4,1.8,3,6.96
6,"37José Luis MoralesLevante, 34, D(R),M(CLR),FW",José Luis Morales Levante,34, D(R),M(CLR),FW,31(4),2727,13,7,7,-,2.3,72.8,0.5,6,6.96
7,"38Marcos AcuñaSevilla, 30, D(L),M(CL)",Marcos Acuña Sevilla,30, D(L),M(CL),,26(5),2266,1,3,10,-,0.5,84.2,0.7,3,6.96
8,"39Marc BartraReal Betis, 31, D(CR),DMC",Marc Bartra Real Betis,31, D(CR),DMC,,23,1994,1,-,5,-,0.7,82.4,2.7,1,6.95
9,"40Íñigo MartínezAthletic Bilbao, 31, D(C)",Íñigo Martínez Athletic Bilbao,31, D(C),,,26(1),2344,3,-,7,2,1,79.2,2.7,2,6.94
0,"41Abdessamad EzzalzouliBarcelona, 20, Forward",Abdessamad Ezzalzouli Barcelona,20, Forward,,,6(4),582,1,-,4,-,1.6,76.2,0.3,1,6.94
1,"42Juan FoythVillarreal, 24, D(CR),DMC",Juan Foyth Villarreal,24, D(CR),DMC,,22(3),1932,1,1,4,1,0.2,84.3,1.4,1,6.94
2,"43David GarcíaOsasuna, 28, D(C)",David García Osasuna,28, D(C),,,35,3106,4,-,8,-,0.9,80,3.9,3,6.94
3,"44Enes ÜnalGetafe, 25, FW",Enes Ünal Getafe,25, FW,,,33(4),2812,16,1,8,-,2.3,61.5,3.9,6,6.94
4,"45Sergio CanalesReal Betis, 31, M(CLR)",Sergio Canales Real Betis,31, M(CLR),,,33(1),2803,5,7,7,-,1.6,85,0.3,2,6.94
5,"46Martín MontoyaReal Betis, 31, D(LR),M(R)",Martín Montoya Real Betis,31, D(LR),M(R),,6,519,-,1,2,-,0.8,82.7,1.7,-,6.94
6,"47Pablo MaffeoMallorca, 24, D(R),M(R)",Pablo Maffeo Mallorca,24, D(R),M(R),,35,2952,1,3,10,-,0.8,70.4,1.7,1,6.93
7,"48Jesús VallejoReal Madrid, 25, D(CR)",Jesús Vallejo Real Madrid,25, D(CR),,,4(1),341,-,-,1,-,-,86.6,2.2,-,6.93
8,"49Mauro ArambarriGetafe, 26, DMC",Mauro Arambarri Getafe,26, DMC,,,31,2667,-,5,13,-,1.2,77.6,0.9,2,6.93
9,"50JuanmiReal Betis, 29, AM(CLR),FW",Juanmi Real Betis,29, AM(CLR),FW,,26(7),2149,16,4,5,-,1.7,78.1,1,4,6.93
0,"51Gerard PiquéBarcelona, 35, D(C)",Gerard Piqué Barcelona,35, D(C),,,25(2),2097,1,-,8,1,0.7,90,3,1,6.93
1,"52Carlos SolerValencia, 25, M(CLR)",Carlos Soler Valencia,25, M(CLR),,,28(4),2485,11,5,4,-,1.3,74.4,0.4,1,6.93
2,"53Martin BraithwaiteBarcelona, 31, AM(CLR),FW",Martin Braithwaite Barcelona,31, AM(CLR),FW,,3(1),237,2,1,-,-,1.8,81.5,0.8,1,6.93
3,"54Guido RodríguezReal Betis, 28, DMC",Guido Rodríguez Real Betis,28, DMC,,,29(3),2533,1,2,7,1,0.7,85.5,1,-,6.92
4,"55Lucas TorróOsasuna, 27, DMC",Lucas Torró Osasuna,27, DMC,,,32(1),2734,1,-,10,-,1,77.8,4,1,6.92
5,"56Álex MorenoReal Betis, 28, D(L),M(L)",Álex Moreno Real Betis,28, D(L),M(L),,28(2),2408,5,3,4,1,0.9,76.2,0.8,2,6.92
6,"57Mathew RyanReal Sociedad, 30, GK",Mathew Ryan Real Sociedad,30, GK,,,3,270,-,-,-,-,-,57,0.3,1,6.92
7,"58Jules KoundéSevilla, 23, D(CR)",Jules Koundé Sevilla,23, D(CR),,,31(1),2738,2,1,2,2,0.4,88.9,2.4,3,6.92
8,"59Arnaut DanjumaVillarreal, 25, AM(L),FW",Arnaut Danjuma Villarreal,25, AM(L),FW,,17(6),1478,10,3,2,-,2.7,77,0.1,3,6.91
9,"60Frenkie de JongBarcelona, 25, D(C),DMC",Frenkie de Jong Barcelona,25, D(C),DMC,,30(2),2486,3,3,5,1,0.5,91.3,0.8,5,6.91
0,"61João FélixAtletico, 22, AM(CL),FW",João Félix Atletico,22, AM(CL),FW,,13(11),1267,8,4,1,1,1.6,75,0.8,2,6.91
1,"62Lucas BoyéElche, 26, AM(L),FW",Lucas Boyé Elche,26, AM(L),FW,,22(2),1724,7,3,3,-,2,73.4,1.3,3,6.91
2,"63Mikel OyarzabalReal Sociedad, 25, AM(CLR),FW",Mikel Oyarzabal Real Sociedad,25, AM(CLR),FW,,19(3),1674,9,3,-,1,1.9,74.8,1,4,6.9
3,"64David SilvaReal Sociedad, 36, M(CLR),FW",David Silva Real Sociedad,36, M(CLR),FW,,22(3),1734,2,4,4,1,0.8,88.1,0.6,3,6.9
4,"65Giovani Lo CelsoVillarreal, 26, M(CR),FW",Giovani Lo Celso Villarreal,26, M(CR),FW,,11(5),998,1,1,2,-,1.1,83.8,0.2,-,6.89
5,"66Marco AsensioReal Madrid, 26, AM(CLR)",Marco Asensio Real Madrid,26, AM(CLR),,,19(12),1729,10,-,2,-,2.1,87.7,-,1,6.89
6,"67Yuri BerchicheAthletic Bilbao, 32, D(L),M(L)",Yuri Berchiche Athletic Bilbao,32, D(L),M(L),,11(3),1016,1,2,3,-,0.6,79.3,1.5,-,6.89
7,"68Ferran TorresBarcelona, 22, AM(LR),FW",Ferran Torres Barcelona,22, AM(LR),FW,,17(1),1418,4,4,1,-,2.9,84.6,0.7,-,6.88
8,"69Germán PezzellaReal Betis, 30, D(C)",Germán Pezzella Real Betis,30, D(C),,,22(1),1991,1,-,5,1,0.8,87.4,2.5,-,6.87
9,"70Héctor BellerínReal Betis, 27, D(R),M(R)",Héctor Bellerín Real Betis,27, D(R),M(R),,22(1),1979,-,2,2,1,0.4,77.8,1.2,1,6.87
0,"71Ilias AkhomachBarcelona, 18, Forward",Ilias Akhomach Barcelona,18, Forward,,,2,126,-,-,-,-,2,87.8,0.5,-,6.87
1,"72Alfonso PedrazaVillarreal, 26, D(L),M(L)",Alfonso Pedraza Villarreal,26, D(L),M(L),,19(9),1706,4,4,2,-,0.8,77.2,0.5,4,6.86
2,"73Robin Le NormandReal Sociedad, 25, D(C)",Robin Le Normand Real Sociedad,25, D(C),,,37,3330,1,1,7,-,0.5,88,2.9,1,6.86
3,"74Erik LamelaSevilla, 30, AM(CLR)",Erik Lamela Sevilla,30, AM(CLR),,,10(10),1016,5,2,5,-,1.1,86.3,0.5,3,6.86
4,"75Pau TorresVillarreal, 25, D(C)",Pau Torres Villarreal,25, D(C),,,33,2858,5,1,5,-,0.7,85.8,1.8,1,6.86
5,"76Santiago ComesañaRayo Vallecano, 25, M(C)",Santiago Comesaña Rayo Vallecano,25, M(C),,,32(3),2698,1,2,10,1,0.9,82.7,1.7,-,6.86
6,"77Daniel CarvajalReal Madrid, 30, D(R)",Daniel Carvajal Real Madrid,30, D(R),,,17(7),1553,1,3,1,-,0.4,87.4,0.6,2,6.85
7,"78Sergi DarderEspanyol, 28, M(CL)",Sergi Darder Espanyol,28, M(CL),,,36,3136,3,9,4,-,1.2,85.4,0.3,-,6.85
8,"79Oier OlazábalEspanyol, 32, GK",Oier Olazábal Espanyol,32, GK,,,1(1),135,-,-,-,-,-,50,0.5,-,6.85
9,"80Ronald AraújoBarcelona, 23, D(C)",Ronald Araújo Barcelona,23, D(C),,,25(5),2271,4,-,6,-,0.6,90.2,2,3,6.84
0,"81Luis MillaGranada, 27, DMC",Luis Milla Granada,27, DMC,,,33(1),2785,3,3,4,-,0.6,83.6,0.9,1,6.84
1,"82Brais MéndezCelta Vigo, 25, AM(CR),FW",Brais Méndez Celta Vigo,25, AM(CR),FW,,36(1),3036,4,5,8,-,1.5,80.3,1.2,2,6.83
2,"83Ivan RakiticSevilla, 34, M(C)",Ivan Rakitic Sevilla,34, M(C),,,26(9),2188,4,6,5,-,0.9,85.9,1.1,4,6.83
3,"84José GiménezAtletico, 27, D(CR)",José Giménez Atletico,27, D(CR),,,24,2047,1,1,8,-,0.8,88.6,1.8,-,6.82
4,"85Eduardo CamavingaReal Madrid, 19, DMC",Eduardo Camavinga Real Madrid,19, DMC,,,13(13),1233,2,1,9,-,0.5,90,1.1,1,6.82
5,"86Yeray ÁlvarezAthletic Bilbao, 27, D(C)",Yeray Álvarez Athletic Bilbao,27, D(C),,,21(1),1860,-,-,6,-,0.3,82,2.6,1,6.82
6,"87Alfonso EspinoCadiz, 30, D(L)",Alfonso Espino Cadiz,30, D(L),,,37,3330,2,2,6,-,0.7,64.4,1.2,-,6.82
7,"88Santi MinaCelta Vigo, 26, AM(LR),FW",Santi Mina Celta Vigo,26, AM(LR),FW,,30(3),2380,7,3,4,-,1.8,66.7,3.9,2,6.82
8,"89Geoffrey KondogbiaAtletico, 29, D(C),DMC",Geoffrey Kondogbia Atletico,29, D(C),DMC,,21(7),1885,1,2,9,2,0.5,86,1.4,-,6.81
9,"90Julen AgirrezabalaAthletic Bilbao, 21, Goalkeeper",Julen Agirrezabala Athletic Bilbao,21, Goalkeeper,,,4,360,-,-,-,-,-,71.4,-,-,6.81
0,"91Saúl ÑíguezAtletico, 27, D(CL),M(CLR)",Saúl Ñíguez Atletico,27, D(CL),M(CLR),,2(1),200,-,1,-,-,1.3,86.8,2,-,6.81
1,"92Álvaro GarcíaRayo Vallecano, 29, AM(L)",Álvaro García Rayo Vallecano,29, AM(L),,,34(2),3006,7,4,6,-,1.9,70.2,0.1,1,6.81
2,"93Thomas LemarAtletico, 26, AM(CLR)",Thomas Lemar Atletico,26, AM(CLR),,,17(7),1450,4,5,2,-,1.2,85.3,0.5,2,6.8
3,"94Rodrigo de PaulAtletico, 28, AM(CLR),FW",Rodrigo de Paul Atletico,28, AM(CLR),FW,,24(12),2155,3,1,7,-,0.7,81.9,0.5,5,6.8
4,"95Jeremías LedesmaCadiz, 29, GK",Jeremías Ledesma Cadiz,29, GK,,,38,3420,-,-,4,-,-,47.4,0.4,3,6.8
5,"96Dani VivianAthletic Bilbao, 22, D(C)",Dani Vivian Athletic Bilbao,22, D(C),,,22(2),1985,2,1,2,-,0.7,83.4,1.3,1,6.8
6,"97Antoine GriezmannAtletico, 31, AM(CLR),FW",Antoine Griezmann Atletico,31, AM(CLR),FW,,21(5),1709,3,4,3,-,1.7,80.7,1.2,-,6.8
7,"98Stefan SavicAtletico, 31, D(C)",Stefan Savic Atletico,31, D(C),,,28,2440,-,-,12,-,0.5,82.3,2.6,-,6.8
8,"99William CarvalhoReal Betis, 30, DMC",William Carvalho Real Betis,30, DMC,,,20(13),1806,2,3,6,-,1,88,1,1,6.8
9,"100Alejandro CatenaRayo Vallecano, 27, D(C)",Alejandro Catena Rayo Vallecano,27, D(C),,,36,3240,2,2,8,-,0.6,81.3,3.4,1,6.8
0,"101Thibaut CourtoisReal Madrid, 30, GK",Thibaut Courtois Real Madrid,30, GK,,,36,3240,-,-,1,-,-,79.2,0.2,-,6.79
1,"102Omar AldereteValencia, 25, D(C)",Omar Alderete Valencia,25, D(C),,,28(1),2412,2,-,15,-,0.6,60.8,2.4,1,6.79
2,"103Oussama IdrissiCadiz, 26, AM(LR)",Oussama Idrissi Cadiz,26, AM(LR),,,11(1),910,1,1,2,-,1.8,81.7,-,1,6.79
3,"104Kevin VázquezCelta Vigo, 29, D(R)",Kevin Vázquez Celta Vigo,29, D(R),,,16(1),1332,-,1,3,-,0.2,78.3,1.1,-,6.79
4,"105GaviBarcelona, 17, AM(CL)",Gavi Barcelona,17, AM(CL),,,28(6),2331,2,5,9,1,0.9,89.3,0.9,1,6.79
5,"106RafinhaReal Sociedad, 29, M(CLR)",Rafinha Real Sociedad,29, M(CLR),,,13(4),1060,1,-,3,-,0.8,88.5,0.8,-,6.78
6,"107Samuel ChukwuezeVillarreal, 23, AM(CR)",Samuel Chukwueze Villarreal,23, AM(CR),,,12(15),1330,3,3,4,-,1.2,75.2,0.3,1,6.78
7,"108Nacho VidalOsasuna, 27, D(R)",Nacho Vidal Osasuna,27, D(R),,,33(2),2906,-,1,9,-,0.6,71,2,-,6.78
8,"109Denis SuárezCelta Vigo, 28, M(CLR)",Denis Suárez Celta Vigo,28, M(CLR),,,33(5),2839,4,6,4,-,0.6,83.6,0.4,1,6.78
9,"110Diego LópezEspanyol, 40, GK",Diego López Espanyol,40, GK,,,36,3179,-,-,4,-,-,68.6,0.4,1,6.78
0,"111Alex BerenguerAthletic Bilbao, 26, D(LR),M(CLR),FW",Alex Berenguer Athletic Bilbao,26, D(LR),M(CLR),FW,24(10),2174,3,6,8,-,1.4,71.5,1.5,3,6.78
1,"112Cristiano PicciniValencia, 29, D(R)",Cristiano Piccini Valencia,29, D(R),,,3(3),322,1,-,1,-,0.5,65.7,0.3,1,6.77
2,"113Edgar BadiaElche, 30, GK",Edgar Badia Elche,30, GK,,,24,2160,-,-,2,-,-,63.9,0.4,2,6.77
3,"114Aritz ElustondoReal Sociedad, 28, D(CR)",Aritz Elustondo Real Sociedad,28, D(CR),,,22(8),2102,4,1,3,1,0.5,83.8,1.9,3,6.77
4,"115ReinildoAtletico, 28, D(CL),M(L)",Reinildo Atletico,28, D(CL),M(L),,15(2),1300,-,-,5,-,0.1,83.6,1.4,-,6.77
5,"116Lucas OcamposSevilla, 27, M(CLR),FW",Lucas Ocampos Sevilla,27, M(CLR),FW,,23(7),2128,6,4,7,-,1.7,82.3,0.9,2,6.76
6,"117Óscar De MarcosAthletic Bilbao, 33, D(LR),M(CR)",Óscar De Marcos Athletic Bilbao,33, D(LR),M(CR),,19(3),1685,1,2,4,-,0.1,74.2,1,-,6.76
7,"118Yassine BounouSevilla, 31, GK",Yassine Bounou Sevilla,31, GK,,,31,2790,-,2,2,-,-,74,0.2,2,6.76
8,"119Juan MirandaReal Betis, 22, D(L)",Juan Miranda Real Betis,22, D(L),,,9(4),782,-,2,3,-,0.5,79.1,0.9,-,6.76
9,"120Sergiño DestBarcelona, 21, D(LR),M(R)",Sergiño Dest Barcelona,21, D(LR),M(R),,17(4),1516,-,3,2,-,0.6,92.4,0.3,-,6.76
0,"121Federico ValverdeReal Madrid, 23, M(CLR)",Federico Valverde Real Madrid,23, M(CLR),,,19(12),1832,-,1,2,-,1.1,89.7,0.5,-,6.76
1,"122Ante BudimirOsasuna, 30, FW",Ante Budimir Osasuna,30, FW,,,20(8),1741,8,2,3,-,1.6,58,3.9,2,6.76
2,"123Martín ZubimendiReal Sociedad, 23, DMC",Martín Zubimendi Real Sociedad,23, DMC,,,26(10),2587,2,1,4,-,0.6,85.7,1.8,1,6.76
3,"124José CampañaLevante, 29, M(CLR)",José Campaña Levante,29, M(CLR),,,16(4),1429,2,2,6,1,0.7,85.9,0.9,1,6.75
4,"125David AlabaReal Madrid, 29, D(CL),M(CL)",David Alaba Real Madrid,29, D(CL),M(CL),,30,2645,2,3,2,-,0.7,92.6,0.5,1,6.75
5,"126Diego CarlosSevilla, 29, D(C)",Diego Carlos Sevilla,29, D(C),,,34,2961,3,-,2,1,0.9,87.6,2.4,1,6.75
6,"127Edgar GonzálezReal Betis, 25, D(C),DMC",Edgar González Real Betis,25, D(C),DMC,,14(7),1457,1,1,6,-,0.2,88,1.5,-,6.74
7,"128Diego RicoReal Sociedad, 29, D(CL),M(L)",Diego Rico Real Sociedad,29, D(CL),M(L),,19(2),1647,-,-,4,-,0.5,75.6,1.2,-,6.74
8,"129Adama TraoréBarcelona, 26, M(CLR),FW",Adama Traoré Barcelona,26, M(CLR),FW,,4(7),379,-,2,-,-,0.8,85.2,0.5,1,6.74
9,"130Sergio AsenjoVillarreal, 32, GK",Sergio Asenjo Villarreal,32, GK,,,6,540,-,-,1,-,-,78.2,0.3,-,6.74
0,"131Leandro CabreraEspanyol, 30, D(CL)",Leandro Cabrera Espanyol,30, D(CL),,,37,3330,2,-,7,-,0.5,76.6,2.3,1,6.74
1,"132Álvaro NegredoCadiz, 36, FW",Álvaro Negredo Cadiz,36, FW,,,24(10),2157,7,2,3,-,2,60,3.4,3,6.74
2,"133Darwin MachísGranada, 29, AM(LR)",Darwin Machís Granada,29, AM(LR),,,16(9),1381,4,2,2,-,1.5,71.4,0.5,1,6.73
3,"134Luís MaximianoGranada, 23, GK",Luís Maximiano Granada,23, GK,,,35,3137,-,-,2,-,-,48.1,0.2,2,6.73
4,"135Dani RodríguezMallorca, 34, AM(CLR)",Dani Rodríguez Mallorca,34, AM(CLR),,,33(3),2841,3,3,7,-,1.2,78.6,1.1,1,6.73
5,"136Lucas VázquezReal Madrid, 30, D(R),M(R)",Lucas Vázquez Real Madrid,30, D(R),M(R),,20(9),1835,3,-,3,-,0.6,89.3,0.1,-,6.73
6,"137Papu GómezSevilla, 34, M(CL),FW",Papu Gómez Sevilla,34, M(CL),FW,,19(10),1792,5,1,4,-,1.2,89,0.3,2,6.73
7,"138Alexander IsakReal Sociedad, 22, FW",Alexander Isak Real Sociedad,22, FW,,,26(6),2157,6,2,6,-,2.3,74.3,0.9,-,6.73
8,"139Carlos AkapoCadiz, 29, D(LR)",Carlos Akapo Cadiz,29, D(LR),,,21(4),1847,-,-,4,-,0.4,75.2,1.5,1,6.72
9,"140Víctor RuizReal Betis, 33, D(C)",Víctor Ruiz Real Betis,33, D(C),,,17(1),1425,-,-,2,-,0.4,87,2.6,-,6.72
0,"141Stole DimitrievskiRayo Vallecano, 28, GK",Stole Dimitrievski Rayo Vallecano,28, GK,,,30(1),2771,-,-,-,-,-,50.3,0.4,1,6.72
1,"142Jorge CuencaGetafe, 22, D(C)",Jorge Cuenca Getafe,22, D(C),,,31(1),2686,1,-,6,2,0.5,68,2.5,1,6.72
2,"143Manu TriguerosVillarreal, 30, M(CLR),FW",Manu Trigueros Villarreal,30, M(CLR),FW,,27(8),2191,6,4,3,-,1.2,80.3,0.5,-,6.72
3,"144Iñaki WilliamsAthletic Bilbao, 27, AM(CLR),FW",Iñaki Williams Athletic Bilbao,27, AM(CLR),FW,,32(6),2787,8,5,4,-,2.5,67.7,1.3,1,6.71
4,"145Sergio HerreraOsasuna, 29, GK",Sergio Herrera Osasuna,29, GK,,,36,3240,-,-,3,-,-,54.8,0.3,2,6.71
5,"146Gerónimo RulliVillarreal, 30, GK",Gerónimo Rulli Villarreal,30, GK,,,32,2880,-,-,2,-,-,79.2,0.4,1,6.71
6,"147Jorge MolinaGranada, 40, FW",Jorge Molina Granada,40, FW,,,19(16),1958,10,5,2,-,1.3,64.1,2.6,5,6.71
7,"148Giorgi MamardashviliValencia, 21, GK",Giorgi Mamardashvili Valencia,21, GK,,,18,1620,-,-,2,-,-,51.3,0.3,2,6.71
8,"149Franco CerviCelta Vigo, 28, AM(CL)",Franco Cervi Celta Vigo,28, AM(CL),,,22(12),1811,4,3,6,-,0.6,80.1,0.5,1,6.71
9,"150Mamadou LoumDeportivo Alaves, 25, DMC",Mamadou Loum Deportivo Alaves,25, DMC,,,26(6),2317,2,-,10,-,1,72.9,3.1,1,6.7
0,"151MarceloReal Madrid, 34, D(L),M(L)",Marcelo Real Madrid,34, D(L),M(L),,5(7),521,-,2,-,-,0.7,85.8,0.3,-,6.7
1,"152Marko DmitrovicSevilla, 30, GK",Marko Dmitrovic Sevilla,30, GK,,,7,541,-,-,1,-,-,80.7,0.1,-,6.7
2,"153Rubén GarcíaOsasuna, 28, AM(CLR),FW",Rubén García Osasuna,28, AM(CLR),FW,,30(7),2399,1,6,1,-,0.9,77.9,0.8,3,6.7
3,"154Antonio BlancoReal Madrid, 21, Midfielder",Antonio Blanco Real Madrid,21, Midfielder,,,0(1),31,-,-,-,-,-,90,-,-,6.7
4,"155Álex RemiroReal Sociedad, 27, GK",Álex Remiro Real Sociedad,27, GK,,,35,3150,-,-,1,-,-,73.1,0.1,1,6.7
5,"156Ansu FatiBarcelona, 19, AM(L)",Ansu Fati Barcelona,19, AM(L),,,3(7),334,4,-,-,-,1.8,85.1,0.1,-,6.7
6,"157Jorge de FrutosLevante, 25, AM(R)",Jorge de Frutos Levante,25, AM(R),,,20(5),1766,4,7,4,-,1.8,70.5,0.3,2,6.7
7,"158Adrián EmbarbaEspanyol, 30, AM(CLR),FW",Adrián Embarba Espanyol,30, AM(CLR),FW,,24(8),1998,-,2,4,-,1.5,75.5,0.5,1,6.69
8,"159Thomas DelaneySevilla, 30, DMC",Thomas Delaney Sevilla,30, DMC,,,15(11),1545,2,1,2,1,0.7,78.3,2.1,2,6.69
9,"160Damián SuárezGetafe, 34, D(R),M(R)",Damián Suárez Getafe,34, D(R),M(R),,31(4),2721,-,3,13,-,0.4,71,0.7,1,6.69
0,"161FernandoSevilla, 34, DMC",Fernando Sevilla,34, DMC,,,21(3),1851,1,1,6,-,0.3,89.2,1.5,-,6.69
1,"162Johan MojicaElche, 29, D(L),M(L)",Johan Mojica Elche,29, D(L),M(L),,32(1),2857,2,5,4,1,0.5,77.4,0.8,3,6.69
2,"163Marcelo SaracchiLevante, 24, D(L)",Marcelo Saracchi Levante,24, D(L),,,2(2),186,-,1,2,-,-,81.9,0.3,-,6.69
3,"164Lucas OlazaElche, 27, D(L),M(L)",Lucas Olaza Elche,27, D(L),M(L),,3(2),293,1,-,1,-,0.8,80.6,0.2,1,6.69
4,"165Helibelton PalaciosElche, 28, D(R)",Helibelton Palacios Elche,28, D(R),,,22(4),1932,-,-,6,-,-,78.7,1,-,6.69
5,"166Nahuel TenagliaDeportivo Alaves, 26, D(CR)",Nahuel Tenaglia Deportivo Alaves,26, D(CR),,,12(2),1073,-,-,2,-,0.4,59.9,1.6,-,6.68
6,"167Adrià PedrosaEspanyol, 24, D(L),M(L)",Adrià Pedrosa Espanyol,24, D(L),M(L),,31,2723,1,1,8,-,0.8,77.8,0.5,1,6.68
7,"168Luis SuárezGranada, 24, AM(L),FW",Luis Suárez Granada,24, AM(L),FW,,34(3),2857,8,4,6,-,2.3,67.3,1.5,2,6.68
8,"169Jesús CoronaSevilla, 29, D(R),M(CLR),FW",Jesús Corona Sevilla,29, D(R),M(CLR),FW,12(6),1161,2,4,2,-,0.7,82.2,0.4,1,6.68
9,"170Rui SilvaReal Betis, 28, GK",Rui Silva Real Betis,28, GK,,,21(1),1963,-,-,2,-,-,66.9,0.2,-,6.68
0,"171Lucas PérezCadiz, 33, AM(CR),FW",Lucas Pérez Cadiz,33, AM(CR),FW,,11(4),1061,3,2,1,-,1,81.6,0.1,1,6.68
1,"172Oihan SancetAthletic Bilbao, 22, AM(C),FW",Oihan Sancet Athletic Bilbao,22, AM(C),FW,,16(11),1426,6,4,2,-,1.1,78.2,0.6,2,6.68
2,"173Iñigo Ruiz de GalarretaMallorca, 28, DMC",Iñigo Ruiz de Galarreta Mallorca,28, DMC,,,17(5),1390,-,-,4,-,0.4,82.6,0.8,-,6.68
3,"174Borja MayoralGetafe, 25, FW",Borja Mayoral Getafe,25, FW,,,11(7),1049,6,1,3,-,0.9,73.5,1.2,1,6.68
4,"175Gonzalo EscalanteDeportivo Alaves, 29, DMC",Gonzalo Escalante Deportivo Alaves,29, DMC,,,15(2),1307,5,-,6,1,0.9,66.8,2.1,-,6.67
5,"176Marcos LlorenteAtletico, 27, D(R),M(CR),FW",Marcos Llorente Atletico,27, D(R),M(CR),FW,29,2456,-,2,5,-,0.6,84.8,0.6,-,6.67
6,"177Ángel CorreaAtletico, 27, AM(CLR),FW",Ángel Correa Atletico,27, AM(CLR),FW,,21(15),1860,12,5,3,1,1.4,76.5,0.2,2,6.67
7,"178Raúl AlbiolVillarreal, 36, D(C)",Raúl Albiol Villarreal,36, D(C),,,28,2467,-,-,8,-,0.2,86,1.5,-,6.67
8,"179Nemanja MaksimovicGetafe, 27, M(C)",Nemanja Maksimovic Getafe,27, M(C),,,34(1),2943,1,1,4,-,0.9,77.7,1.3,1,6.67
9,"180Isi PalazónRayo Vallecano, 27, AM(R)",Isi Palazón Rayo Vallecano,27, AM(R),,,27(7),2301,2,4,7,-,1.7,74.3,1.4,3,6.67
0,"181FidelElche, 32, M(CLR)",Fidel Elche,32, M(CLR),,,29(4),2283,5,6,9,-,0.5,78.7,0.2,1,6.67
1,"182KokeAtletico, 30, M(CLR)",Koke Atletico,30, M(CLR),,,29(2),2512,1,2,6,-,0.4,86.5,0.4,1,6.66
2,"183Andoni GorosabelReal Sociedad, 25, D(R)",Andoni Gorosabel Real Sociedad,25, D(R),,,25(7),2298,-,4,4,-,0.3,84.9,0.7,-,6.66
3,"184RodrygoReal Madrid, 21, AM(CLR)",Rodrygo Real Madrid,21, AM(CLR),,,17(16),1528,4,4,3,-,1,86.1,0.4,2,6.66
4,"185Óscar ValentínRayo Vallecano, 27, DMC",Óscar Valentín Rayo Vallecano,27, DMC,,,29(6),2580,-,-,8,-,0.3,83.8,1.1,-,6.65
5,"186Thierry CorreiaValencia, 23, D(R),M(R)",Thierry Correia Valencia,23, D(R),M(R),,18(1),1424,-,1,5,-,0.2,70.7,1,-,6.65
6,"187Rubén DuarteDeportivo Alaves, 26, D(CL)",Rubén Duarte Deportivo Alaves,26, D(CL),,,31(3),2630,-,4,10,1,0.3,67.7,1.6,-,6.65
7,"188NachoReal Madrid, 32, D(CLR)",Nacho Real Madrid,32, D(CLR),,,17(11),1549,3,-,7,-,0.4,93,1,-,6.65
8,"189Fran GarcíaRayo Vallecano, 22, D(L)",Fran García Rayo Vallecano,22, D(L),,,34,3027,1,-,4,-,0.7,80.1,0.7,-,6.65
9,"190Francis CoquelinVillarreal, 31, M(CLR)",Francis Coquelin Villarreal,31, M(CLR),,,8(12),828,2,1,3,-,0.3,86,0.8,1,6.65
0,"191Jesús NavasSevilla, 36, D(R),M(R)",Jesús Navas Sevilla,36, D(R),M(R),,19(6),1788,-,3,4,-,0.4,81,0.6,1,6.64
1,"192Alberto MorenoVillarreal, 29, D(L),M(L)",Alberto Moreno Villarreal,29, D(L),M(L),,13(11),1223,3,2,3,-,0.9,85.6,0.3,1,6.64
2,"193David SoriaGetafe, 29, GK",David Soria Getafe,29, GK,,,38,3415,-,-,4,-,-,51,0.4,1,6.64
3,"194Shkodran MustafiLevante, 30, D(CR)",Shkodran Mustafi Levante,30, D(CR),,,8(3),658,1,-,1,-,0.4,78.4,2.2,1,6.64
4,"195Yangel HerreraEspanyol, 24, M(C)",Yangel Herrera Espanyol,24, M(C),,,19(4),1650,1,1,5,1,0.7,81.7,2.4,3,6.64
5,"196Matías DituroCelta Vigo, 35, GK",Matías Dituro Celta Vigo,35, GK,,,38,3420,-,-,1,-,-,60.2,0.2,2,6.64
6,"197Yeremi PinoVillarreal, 19, AM(R)",Yeremi Pino Villarreal,19, AM(R),,,21(10),1688,6,4,2,-,0.9,78.9,0.5,2,6.63
7,"198Youssouf SabalyReal Betis, 29, D(LR),M(R)",Youssouf Sabaly Real Betis,29, D(LR),M(R),,9(1),789,-,1,1,-,0.4,84.6,1,-,6.63
8,"199José GayàValencia, 27, D(L),M(L)",José Gayà Valencia,27, D(L),M(L),,22(2),1875,2,4,6,2,0.8,75.7,0.3,1,6.63
9,"200Pedro BigasElche, 32, D(CL)",Pedro Bigas Elche,32, D(CL),,,19,1556,1,-,6,-,0.6,86.9,1.9,-,6.63
0,"201Aïssa MandiVillarreal, 30, D(CLR)",Aïssa Mandi Villarreal,30, D(CLR),,,14(3),1374,1,-,3,-,0.6,93,1.5,-,6.63
1,"202Iddrisu BabaMallorca, 26, DMC",Iddrisu Baba Mallorca,26, DMC,,,23(3),1945,1,1,9,-,0.9,79.8,1.6,3,6.63
2,"203Eric GarcíaBarcelona, 21, D(C)",Eric García Barcelona,21, D(C),,,23(3),2044,-,-,5,1,0.2,93.2,1.2,-,6.62
3,"204Iván AlejoCadiz, 27, AM(R)",Iván Alejo Cadiz,27, AM(R),,,11(9),1071,2,2,7,-,0.6,72,0.6,1,6.62
4,"205Joan JordánSevilla, 27, M(C)",Joan Jordán Sevilla,27, M(C),,,31(5),2530,-,1,9,-,0.4,88.5,0.3,-,6.62
5,"206Boulaye DiaVillarreal, 25, AM(R),FW",Boulaye Dia Villarreal,25, AM(R),FW,,13(12),1267,5,5,3,-,1.5,75.3,1.2,-,6.62
6,"207José Manuel CalderónReal Betis, 22, Forward",José Manuel Calderón Real Betis,22, Forward,,,0(1),64,-,-,-,-,-,97.4,-,-,6.62
7,"208Óscar DuarteLevante, 33, D(C),DMC",Óscar Duarte Levante,33, D(C),DMC,,20(3),1775,2,-,5,-,0.8,83.6,3,-,6.62
8,"209Hugo MalloCelta Vigo, 30, D(CR),M(R)",Hugo Mallo Celta Vigo,30, D(CR),M(R),,21,1830,1,1,3,2,0.8,76.8,2,-,6.62
9,"210Leo RománMallorca, 21, Goalkeeper",Leo Román Mallorca,21, Goalkeeper,,,2,180,-,-,-,-,-,66.7,-,-,6.62
0,"211Óscar GilEspanyol, 24, D(R)",Óscar Gil Espanyol,24, D(R),,,20(2),1698,-,2,7,-,0.3,85.3,0.3,1,6.61
1,"212Jens JønssonCadiz, 29, D(C),DMC",Jens Jønsson Cadiz,29, D(C),DMC,,17(5),1315,-,1,3,-,0.3,76.1,1.3,-,6.61
2,"213Jon MoncayolaOsasuna, 24, DMC",Jon Moncayola Osasuna,24, DMC,,,33(3),2923,2,3,3,-,1.1,82.1,0.5,-,6.61
3,"214Fran BeltránCelta Vigo, 23, DMC",Fran Beltrán Celta Vigo,23, DMC,,,31(6),2611,1,-,4,-,0.5,91.2,0.4,1,6.61
4,"215PepeluLevante, 23, DMC",Pepelu Levante,23, DMC,,,23(6),2016,-,-,9,-,0.5,81.1,1.1,-,6.61
5,"216Maxime GonalonsGranada, 33, D(C),M(C)",Maxime Gonalons Granada,33, D(C),M(C),,20(5),1556,-,2,6,-,0.4,84.5,1.4,2,6.61
6,"217Jon BautistaReal Sociedad, 26, FW",Jon Bautista Real Sociedad,26, FW,,,0(1),45,-,-,-,-,1,85.7,1,-,6.61
7,"218Djené DakonamGetafe, 30, D(C)",Djené Dakonam Getafe,30, D(C),,,35,3117,-,1,11,1,0.1,77.5,1.5,1,6.61
8,"219Kiko CasillaElche, 35, GK",Kiko Casilla Elche,35, GK,,,14,1260,-,-,3,-,-,61.9,0.2,-,6.61
9,"220Rubén RochinaGranada, 31, M(CLR)",Rubén Rochina Granada,31, M(CLR),,,8(7),739,1,3,3,-,1,72.8,0.4,1,6.61
0,"221Jaume CostaMallorca, 34, D(LR),M(L)",Jaume Costa Mallorca,34, D(LR),M(L),,21(4),1831,-,4,5,1,0.4,75.4,1,-,6.61
1,"222Jesús VázquezValencia, 19, Defender",Jesús Vázquez Valencia,19, Defender,,,8(7),813,-,-,-,-,0.3,72.8,0.8,-,6.6
2,"223Luis AbramGranada, 26, D(C)",Luis Abram Granada,26, D(C),,,6(2),560,-,-,2,-,0.3,84.8,0.9,-,6.6
3,"224IscoReal Madrid, 30, M(CLR),FW",Isco Real Madrid,30, M(CLR),FW,,3(11),323,1,-,1,-,0.6,90.7,0.3,-,6.6
4,"225Unai SimónAthletic Bilbao, 24, GK",Unai Simón Athletic Bilbao,24, GK,,,34,3060,-,-,3,-,-,66.6,0.2,-,6.6
5,"226Maximiliano GómezValencia, 25, FW",Maximiliano Gómez Valencia,25, FW,,,21(8),1961,5,1,5,1,1.5,64.8,2.9,1,6.6
6,"227Antonio PuertasGranada, 30, M(LR)",Antonio Puertas Granada,30, M(LR),,,25(8),2272,6,1,4,-,1,72.5,1.5,1,6.59
7,"228Anthony LozanoCadiz, 29, AM(L),FW",Anthony Lozano Cadiz,29, AM(L),FW,,21(10),1680,7,2,8,-,1.6,67.1,1.4,2,6.59
8,"229Rubén SobrinoValencia, 30, AM(LR),FW",Rubén Sobrino Valencia,30, AM(LR),FW,,0(1),13,-,-,-,-,-,100,1,-,6.59
9,"230Eden HazardReal Madrid, 31, M(CLR),FW",Eden Hazard Real Madrid,31, M(CLR),FW,,7(11),714,-,1,2,-,0.7,90.9,0.1,-,6.59
0,"231Íñigo LekueAthletic Bilbao, 29, D(LR),M(LR)",Íñigo Lekue Athletic Bilbao,29, D(LR),M(LR),,22(3),1928,-,2,3,-,0.3,72.5,0.7,-,6.59
1,"232Willian JoséReal Betis, 30, FW",Willian José Real Betis,30, FW,,,19(13),1612,8,4,1,-,1.1,78.3,0.7,1,6.59
2,"233Daniel WassValencia, 33, D(LR),M(CLR)",Daniel Wass Valencia,33, D(LR),M(CLR),,19,1592,1,1,6,-,1.5,81.2,1.5,-,6.59
3,"234Martín MerquelanzRayo Vallecano, 26, Forward",Martín Merquelanz Rayo Vallecano,26, Forward,,,3(1),176,-,-,-,-,0.5,73.7,0.8,-,6.58
4,"235Matt MiazgaDeportivo Alaves, 26, D(C)",Matt Miazga Deportivo Alaves,26, D(C),,,9(2),831,-,-,2,-,0.6,75.9,2.9,-,6.58
5,"236Joseph AidooCelta Vigo, 26, D(C)",Joseph Aidoo Celta Vigo,26, D(C),,,30(2),2641,-,-,1,-,0.2,81.2,1.9,1,6.58
6,"237Álex ColladoGranada, 23, AM(C)",Álex Collado Granada,23, AM(C),,,13(4),1027,2,1,1,-,1,81.2,0.4,1,6.58
7,"238Paul AkouokouReal Betis, 24, DMC",Paul Akouokou Real Betis,24, DMC,,,6(2),518,-,-,2,1,0.3,87.6,0.8,-,6.58
8,"239Unai GarcíaOsasuna, 30, D(C)",Unai García Osasuna,30, D(C),,,15(3),1407,-,-,5,-,0.4,75.1,1.9,-,6.58
9,"240Youssef En-NesyriSevilla, 25, FW",Youssef En-Nesyri Sevilla,25, FW,,,15(8),1282,5,1,1,-,1.6,66.5,2,-,6.58
0,"241Adnan JanuzajReal Sociedad, 27, AM(CLR)",Adnan Januzaj Real Sociedad,27, AM(CLR),,,17(16),1626,3,-,5,-,1.3,75.6,0.3,1,6.57
1,"242Kieran TrippierAtletico, 31, D(R),M(R)",Kieran Trippier Atletico,31, D(R),M(R),,12(3),979,-,-,1,-,0.1,78.7,1.9,-,6.57
2,"243IzaCadiz, 29, D(R)",Iza Cadiz,29, D(R),,,17(8),1546,-,1,2,-,0.4,78,0.6,2,6.57
3,"244Alexander SørlothReal Sociedad, 26, FW",Alexander Sørloth Real Sociedad,26, FW,,,20(13),1760,4,-,2,-,1.1,73.6,1.5,1,6.56
4,"245Jofre CarrerasEspanyol, 20, Forward",Jofre Carreras Espanyol,20, Forward,,,0(3),17,-,1,-,-,-,80,0.3,-,6.56
5,"246Omar MascarellElche, 29, DMC",Omar Mascarell Elche,29, DMC,,,30(2),2504,-,-,6,-,0.4,85.4,1.3,-,6.56
6,"247Luis RiojaDeportivo Alaves, 28, AM(L)",Luis Rioja Deportivo Alaves,28, AM(L),,,36(1),3128,1,3,3,-,1.2,69.6,0.5,-,6.56
7,"248Gareth BaleReal Madrid, 32, M(CLR),FW",Gareth Bale Real Madrid,32, M(CLR),FW,,4(1),283,1,-,2,-,3,72.9,1.4,-,6.56
8,"249Jasper CillessenValencia, 33, GK",Jasper Cillessen Valencia,33, GK,,,17,1458,-,1,1,-,-,61.2,0.1,-,6.56
9,"250NetoBarcelona, 32, GK",Neto Barcelona,32, GK,,,3,270,-,-,-,-,-,79.5,-,-,6.56
0,"251Iván BalliuRayo Vallecano, 30, D(R)",Iván Balliu Rayo Vallecano,30, D(R),,,35,3148,1,2,10,1,0.4,76.3,0.7,-,6.56
1,"252Raúl GarcíaAthletic Bilbao, 35, M(CLR),FW",Raúl García Athletic Bilbao,35, M(CLR),FW,,24(11),1816,6,2,4,-,1.3,62,1.6,-,6.56
2,"253Mikel BalenziagaAthletic Bilbao, 34, D(L)",Mikel Balenziaga Athletic Bilbao,34, D(L),,,23(3),2027,-,-,2,-,0.3,77.6,1.3,-,6.55
3,"254Manu SánchezOsasuna, 21, D(L)",Manu Sánchez Osasuna,21, D(L),,,25(8),2260,1,3,5,-,0.2,74.7,0.3,1,6.55
4,"255Borja IglesiasReal Betis, 29, FW",Borja Iglesias Real Betis,29, FW,,,18(15),1574,10,-,4,-,1.2,71.1,0.7,3,6.55
5,"256Rafa MirSevilla, 24, FW",Rafa Mir Sevilla,24, FW,,,18(16),1804,10,-,6,-,1.8,67.6,1.7,1,6.54
6,"257Luis SuárezAtletico, 35, AM(CLR),FW",Luis Suárez Atletico,35, AM(CLR),FW,,20(15),1837,11,2,7,-,1.5,73.7,0.6,2,6.54
7,"258Ander BarrenetxeaReal Sociedad, 20, AM(LR)",Ander Barrenetxea Real Sociedad,20, AM(LR),,,6(5),549,1,1,-,-,0.7,73.3,0.4,-,6.54
8,"259Luuk de JongBarcelona, 31, AM(C),FW",Luuk de Jong Barcelona,31, AM(C),FW,,6(15),643,6,-,1,-,1.1,72,1.6,-,6.54
9,"260Takefusa KuboMallorca, 21, AM(CLR),FW",Takefusa Kubo Mallorca,21, AM(CLR),FW,,17(11),1610,1,-,4,-,1.7,74.9,0.4,-,6.54
0,"261MarianoReal Madrid, 28, FW",Mariano Real Madrid,28, FW,,,3(6),340,1,1,2,-,1.6,70,1,-,6.54
1,"262Enis BardhiLevante, 26, M(CLR)",Enis Bardhi Levante,26, M(CLR),,,17(13),1699,3,3,3,-,1.4,76.9,0.2,1,6.54
2,"263Lluís RecasensEspanyol, 20, Defender",Lluís Recasens Espanyol,20, Defender,,,0(1),45,-,-,-,-,-,54.5,1,-,6.54
3,"264Álex FernándezCadiz, 29, AM(CL)",Álex Fernández Cadiz,29, AM(CL),,,22(10),2051,3,2,2,-,0.7,81.8,0.6,1,6.54
4,"265Javier PuadoEspanyol, 24, AM(LR),FW",Javier Puado Espanyol,24, AM(LR),FW,,26(4),2258,4,1,5,-,1.3,83.7,0.4,1,6.54
5,"266FaliCadiz, 28, D(C),DMC",Fali Cadiz,28, D(C),DMC,,23(5),1813,-,2,6,-,0.5,76.7,1.1,-,6.54
6,"267Mario HermosoAtletico, 26, D(CL)",Mario Hermoso Atletico,26, D(CL),,,22(5),1872,2,1,6,1,0.6,87,1.8,1,6.54
7,"268Serge AurierVillarreal, 29, D(CLR),M(R)",Serge Aurier Villarreal,29, D(CLR),M(R),,10(9),1003,-,1,4,-,0.6,85.9,1.1,-,6.53
8,"269Esteban SaveljichRayo Vallecano, 31, D(C)",Esteban Saveljich Rayo Vallecano,31, D(C),,,21,1708,-,-,4,-,0.4,82.5,2.7,-,6.53
9,"270Sime VrsaljkoAtletico, 30, D(LR),M(R)",Sime Vrsaljko Atletico,30, D(LR),M(R),,10(11),910,1,2,4,-,0.2,77.2,1.6,1,6.53
0,"271Roger MartíLevante, 31, FW",Roger Martí Levante,31, FW,,,25(4),2124,7,3,8,-,1.7,69.6,1.1,1,6.53
1,"272Samuel UmtitiBarcelona, 28, D(CL)",Samuel Umtiti Barcelona,28, D(CL),,,1,90,-,-,1,-,-,87.2,3,-,6.53
2,"273Matheus CunhaAtletico, 23, AM(CL),FW",Matheus Cunha Atletico,23, AM(CL),FW,,8(21),1053,6,4,3,-,1.3,71,0.7,-,6.53
3,"274Nico GonzálezBarcelona, 20, M(C)",Nico González Barcelona,20, M(C),,,12(15),1111,2,1,6,-,0.6,90,0.2,-,6.53
4,"275Sergi RobertoBarcelona, 30, D(R),M(CR)",Sergi Roberto Barcelona,30, D(R),M(CR),,4(5),400,2,1,1,-,0.4,92,0.2,-,6.53
5,"276Antonio RaílloMallorca, 30, D(C)",Antonio Raíllo Mallorca,30, D(C),,,17,1530,2,-,8,-,0.5,85.6,1.6,-,6.53
6,"277Kike PérezElche, 25, AM(C)",Kike Pérez Elche,25, AM(C),,,5(7),518,2,-,1,-,0.8,74.9,1.2,-,6.53
7,"278Jonás RamalhoOsasuna, 28, D(CR)",Jonás Ramalho Osasuna,28, D(CR),,,3,245,-,-,-,-,0.7,79.6,2.3,-,6.52
8,"279Ferran JutglàBarcelona, 23, Forward",Ferran Jutglà Barcelona,23, Forward,,,4(2),303,1,-,1,-,1.7,85,1,-,6.52
9,"280FelipeAtletico, 33, D(C)",Felipe Atletico,33, D(C),,,15(11),1499,2,1,5,1,0.4,81.8,1.7,-,6.52
0,"281Salva SevillaMallorca, 38, M(CL)",Salva Sevilla Mallorca,38, M(CL),,,17(11),1510,5,3,2,-,0.9,84.2,0.1,-,6.52
1,"282Sergi GómezEspanyol, 30, D(CR)",Sergi Gómez Espanyol,30, D(CR),,,31,2724,1,2,1,1,0.3,84.8,1.3,-,6.52
2,"283Pervis EstupiñánVillarreal, 24, D(L)",Pervis Estupiñán Villarreal,24, D(L),,,17(11),1574,-,1,3,-,0.5,81.5,0.8,-,6.52
3,"284Pere MillaElche, 29, AM(CL),FW",Pere Milla Elche,29, AM(CL),FW,,18(15),1640,8,3,5,-,0.9,72.4,1,2,6.51
4,"285Nemanja GudeljSevilla, 30, D(C),M(C)",Nemanja Gudelj Sevilla,30, D(C),M(C),,9(12),1040,-,-,5,-,0.2,89.3,1.4,-,6.51
5,"286Néstor AraújoCelta Vigo, 30, D(C)",Néstor Araújo Celta Vigo,30, D(C),,,29(5),2617,-,-,4,-,0.2,85.6,1.9,-,6.51
6,"287Óscar RodríguezGetafe, 23, AM(CLR)",Óscar Rodríguez Getafe,23, AM(CLR),,,9(9),946,-,1,3,-,1.4,79,0.5,-,6.51
7,"288Marc-André ter StegenBarcelona, 30, GK",Marc-André ter Stegen Barcelona,30, GK,,,35,3150,-,-,3,-,-,85.9,0.2,-,6.51
8,"289Rubén SánchezEspanyol, 21, Defender",Rubén Sánchez Espanyol,21, Defender,,,1(3),148,-,1,-,-,0.3,71.7,1.3,1,6.51
9,"290Sergio EscuderoGranada, 32, D(L),M(L)",Sergio Escudero Granada,32, D(L),M(L),,15(12),1429,2,1,6,-,0.8,71.5,1.2,-,6.5
0,"291Gonzalo MeleroLevante, 28, AM(C),FW",Gonzalo Melero Levante,28, AM(C),FW,,20(9),1697,7,2,5,-,0.8,85,1,2,6.5
1,"292Aridane HernándezOsasuna, 33, D(C)",Aridane Hernández Osasuna,33, D(C),,,12(3),1159,-,-,1,-,0.1,79.7,1.5,-,6.5
2,"293Florian LejeuneDeportivo Alaves, 31, D(C)",Florian Lejeune Deportivo Alaves,31, D(C),,,30,2700,-,-,7,1,0.7,78,2.4,-,6.5
3,"294Domingos DuarteGranada, 27, D(C)",Domingos Duarte Granada,27, D(C),,,19(2),1689,1,-,7,1,0.3,77.3,1.9,-,6.5
4,"295Rubén SobrinoCadiz, 30, AM(LR),FW",Rubén Sobrino Cadiz,30, AM(LR),FW,,19(14),1856,4,1,4,-,1,73.6,1.2,1,6.5
5,"296Víctor LaguardiaDeportivo Alaves, 32, D(C)",Víctor Laguardia Deportivo Alaves,32, D(C),,,34,3044,3,2,9,-,0.4,75.2,1.9,1,6.5
6,"297Okay YokusluGetafe, 28, D(C),DMC",Okay Yokuslu Getafe,28, D(C),DMC,,5(6),463,-,-,1,-,0.4,79.5,0.9,1,6.49
7,"298JosanElche, 32, D(R),M(R)",Josan Elche,32, D(R),M(R),,10(21),1200,2,3,2,-,0.4,78.7,0.1,-,6.49
8,"299Fernando PachecoDeportivo Alaves, 30, GK",Fernando Pacheco Deportivo Alaves,30, GK,,,34,3054,-,-,1,-,-,59.7,0.1,1,6.49
9,"300Jorge MiramónLevante, 33, D(R),M(R)",Jorge Miramón Levante,33, D(R),M(R),,22(7),1976,1,-,5,-,0.2,74.7,0.6,-,6.49
0,"301Héctor HerreraAtletico, 32, M(C)",Héctor Herrera Atletico,32, M(C),,,8(13),852,-,-,4,-,0.4,84.8,1.1,-,6.49
1,"302QuiniGranada, 32, D(LR)",Quini Granada,32, D(LR),,,27(5),2305,-,1,11,-,0.5,69.6,0.8,-,6.49
2,"303Hugo DuroValencia, 22, AM(L),FW",Hugo Duro Valencia,22, AM(L),FW,,22(8),1847,7,1,2,1,1,71.8,1.3,-,6.49
3,"304Martin ValjentMallorca, 26, D(C)",Martin Valjent Mallorca,26, D(C),,,36,3183,-,-,4,-,0.3,81.2,1.7,-,6.49
4,"305Óscar MinguezaBarcelona, 23, D(CR)",Óscar Mingueza Barcelona,23, D(CR),,,9(10),892,-,1,2,-,0.1,89.3,0.5,-,6.49
5,"306Varazdat HaroyanCadiz, 29, D(C)",Varazdat Haroyan Cadiz,29, D(C),,,16(1),1439,1,-,9,-,0.2,77.1,1.7,-,6.49
6,"307Sergi GuardiolaRayo Vallecano, 31, FW",Sergi Guardiola Rayo Vallecano,31, FW,,,20(12),1716,8,2,3,-,1.6,69,0.8,1,6.49
7,"308Luis HernándezCadiz, 33, D(CR)",Luis Hernández Cadiz,33, D(CR),,,15(1),1366,-,-,5,-,0.4,84.5,1,-,6.49
8,"309Aitor FernándezLevante, 31, GK",Aitor Fernández Levante,31, GK,,,13,1167,-,-,1,1,-,65.1,0.2,1,6.49
9,"310Carlos NevaGranada, 25, D(L),M(L)",Carlos Neva Granada,25, D(L),M(L),,24(2),2115,-,-,1,-,0.2,72.2,0.8,-,6.48
0,"311Antonio SiveraDeportivo Alaves, 25, GK",Antonio Sivera Deportivo Alaves,25, GK,,,3(1),276,-,-,1,-,-,58.2,-,-,6.48
1,"312Unai VencedorAthletic Bilbao, 21, DMC",Unai Vencedor Athletic Bilbao,21, DMC,,,29(5),2397,-,-,4,-,0.6,80.1,0.7,-,6.48
2,"313Aihen MuñozReal Sociedad, 24, D(L)",Aihen Muñoz Real Sociedad,24, D(L),,,15(5),1345,-,-,2,1,0.4,78.6,1.3,-,6.48
3,"314Enzo RocoElche, 29, D(C)",Enzo Roco Elche,29, D(C),,,29(1),2555,1,-,10,-,0.4,82.4,2,-,6.48
4,"315Germán SánchezGranada, 35, D(C)",Germán Sánchez Granada,35, D(C),,,25(7),2298,2,1,9,1,0.4,74.5,2,-,6.47
5,"316Kike GarcíaOsasuna, 32, FW",Kike García Osasuna,32, FW,,,18(15),1860,5,1,2,-,1.6,67.6,2.3,1,6.47
6,"317Karim RekikSevilla, 27, D(CL)",Karim Rekik Sevilla,27, D(CL),,,11(7),1095,-,2,2,-,0.2,90.4,1.3,-,6.47
7,"318RodriReal Betis, 22, AM(R)",Rodri Real Betis,22, AM(R),,,10(11),882,1,2,-,-,0.7,82.9,-,-,6.47
8,"319Mario GilaReal Madrid, 21, Defender",Mario Gila Real Madrid,21, Defender,,,0(2),24,-,-,-,-,-,86.4,-,-,6.47
9,"320Vicente IborraVillarreal, 34, M(C)",Vicente Iborra Villarreal,34, M(C),,,12(8),1032,-,1,4,-,0.4,85.8,1.3,-,6.47
0,"321Renan LodiAtletico, 24, D(L),M(L)",Renan Lodi Atletico,24, D(L),M(L),,13(16),1181,2,2,5,-,0.3,81.6,1,2,6.47
1,"322Tete MorenteElche, 25, AM(CR)",Tete Morente Elche,25, AM(CR),,,18(14),1636,3,3,4,-,0.9,74.4,0.7,2,6.47
2,"323Manolo ReinaMallorca, 37, GK",Manolo Reina Mallorca,37, GK,,,23,1892,-,-,5,1,-,60.3,0.3,3,6.47
3,"324Juan CruzOsasuna, 29, D(CL)",Juan Cruz Osasuna,29, D(CL),,,22(1),1935,-,-,4,-,0.1,82.9,1,-,6.46
4,"325Dimitri FoulquierValencia, 29, D(CLR),M(R)",Dimitri Foulquier Valencia,29, D(CLR),M(R),,25(4),2337,-,1,11,-,0.6,67.7,0.7,1,6.46
5,"326Gerard GumbauElche, 27, DMC",Gerard Gumbau Elche,27, DMC,,,20(11),1891,-,4,8,1,0.7,84.1,0.6,1,6.46
6,"327Carlos DomínguezCelta Vigo, 21, D(C)",Carlos Domínguez Celta Vigo,21, D(C),,,3(5),341,-,-,1,-,0.1,79.4,1.3,-,6.46
7,"328Chimy AvilaOsasuna, 28, AM(LR),FW",Chimy Avila Osasuna,28, AM(LR),FW,,22(14),1875,6,1,7,1,1.8,60,1.4,1,6.46
8,"329Oussama IdrissiSevilla, 26, AM(LR)",Oussama Idrissi Sevilla,26, AM(LR),,,2(3),127,-,-,1,-,0.8,82.2,-,-,6.46
9,"330Philippe CoutinhoBarcelona, 29, M(CLR)",Philippe Coutinho Barcelona,29, M(CLR),,,5(7),500,2,-,1,-,2,86.8,0.2,-,6.46
0,"331Pathé CissRayo Vallecano, 28, DMC",Pathé Ciss Rayo Vallecano,28, DMC,,,11(20),1087,2,1,5,-,0.6,83.3,1.1,1,6.46
1,"332Raúl TorrenteGranada, 21, D(C)",Raúl Torrente Granada,21, D(C),,,15(3),1283,-,-,5,-,0.2,72.4,1.2,-,6.46
2,"333Dimitri FoulquierGranada, 29, D(CLR),M(R)",Dimitri Foulquier Granada,29, D(CLR),M(R),,2,180,-,-,-,-,-,60.5,0.5,-,6.46
3,"334Jon PachecoReal Sociedad, 21, D(C)",Jon Pacheco Real Sociedad,21, D(C),,,4(6),376,-,-,1,-,-,84.5,1.2,-,6.45
4,"335Hugo GuillamónValencia, 22, D(C),DMC",Hugo Guillamón Valencia,22, D(C),DMC,,28(3),2368,1,-,8,2,0.2,80.5,1.5,-,6.45
5,"336Óliver TorresSevilla, 27, M(CLR)",Óliver Torres Sevilla,27, M(CLR),,,11(15),1008,2,3,2,-,0.5,82.1,0.2,-,6.45
6,"337Rúben VezoLevante, 28, D(CR)",Rúben Vezo Levante,28, D(CR),,,27(5),2420,-,-,4,-,0.6,83.6,1.6,-,6.45
7,"338Renato TapiaCelta Vigo, 26, D(C),DMC",Renato Tapia Celta Vigo,26, D(C),DMC,,13(16),1406,-,-,10,-,0.4,80,1,1,6.45
8,"339Gonzalo MontielSevilla, 25, D(CR),M(R)",Gonzalo Montiel Sevilla,25, D(CR),M(R),,15(3),1073,1,2,7,-,0.3,78.4,0.6,-,6.45
9,"340Manu GarcíaDeportivo Alaves, 24, M(CL)",Manu García Deportivo Alaves,24, M(CL),,,10(14),1075,-,1,3,-,0.3,78.7,0.1,-,6.45
0,"341Darío BenedettoElche, 32, FW",Darío Benedetto Elche,32, FW,,,6(8),585,2,1,1,-,1.3,68.3,0.9,1,6.45
1,"342Stefan MitrovicGetafe, 32, D(C)",Stefan Mitrovic Getafe,32, D(C),,,31(1),2673,-,-,8,1,0.1,78.6,1.8,-,6.45
2,"343Paco AlcácerVillarreal, 28, AM(R),FW",Paco Alcácer Villarreal,28, AM(R),FW,,10(8),792,1,3,1,-,1,71.2,0.6,-,6.45
3,"344Asier IllarramendiReal Sociedad, 32, M(C)",Asier Illarramendi Real Sociedad,32, M(C),,,6(2),379,-,-,1,-,-,87.4,1.5,-,6.44
4,"345Carlos ClercLevante, 30, D(L),M(L)",Carlos Clerc Levante,30, D(L),M(L),,18(1),1518,-,-,6,-,0.1,77.4,0.8,1,6.44
5,"346Tonny VilhenaEspanyol, 27, D(L),M(CL)",Tonny Vilhena Espanyol,27, D(L),M(CL),,13(4),937,1,1,4,-,0.9,74,0.6,1,6.44
6,"347Radamel FalcaoRayo Vallecano, 36, FW",Radamel Falcao Rayo Vallecano,36, FW,,,8(14),832,6,-,1,-,1.5,77.8,1.2,-,6.44
7,"348Claudio BravoReal Betis, 39, GK",Claudio Bravo Real Betis,39, GK,,,17,1457,-,-,2,-,-,62.3,0.4,-,6.44
8,"349Nikola MarasRayo Vallecano, 26, D(C)",Nikola Maras Rayo Vallecano,26, D(C),,,11(5),1041,-,-,4,-,0.1,81.1,1.9,-,6.44
9,"350Pedro OrtizSevilla, 21, Midfielder",Pedro Ortiz Sevilla,21, Midfielder,,,0(1),6,-,-,-,-,1,100,-,-,6.44
0,"351Robert NavarroReal Sociedad, 20, Midfielder",Robert Navarro Real Sociedad,20, Midfielder,,,3(3),199,-,-,-,-,1.2,85.2,0.2,-,6.44
1,"352Tomás AlarcónCadiz, 23, DMC",Tomás Alarcón Cadiz,23, DMC,,,16(7),1425,-,1,5,-,0.7,76.2,0.7,-,6.44
2,"353Alberto PereaCadiz, 31, AM(LR)",Alberto Perea Cadiz,31, AM(LR),,,8(10),776,-,1,2,-,0.9,80.7,0.1,-,6.44
3,"354Carles AleñáGetafe, 24, AM(CLR)",Carles Aleñá Getafe,24, AM(CLR),,,30(3),2344,1,2,6,1,1.4,81.5,0.4,-,6.44
4,"355CokeLevante, 35, D(CLR),M(R)",Coke Levante,35, D(CLR),M(R),,1(5),114,1,-,1,-,0.2,80.7,0.7,-,6.44
5,"356Daniel CárdenasLevante, 25, GK",Daniel Cárdenas Levante,25, GK,,,24,2160,-,-,3,-,-,64.4,0.1,-,6.43
6,"357Toni LatoValencia, 24, D(L)",Toni Lato Valencia,24, D(L),,,7(4),591,-,1,5,-,-,76.5,0.4,-,6.43
7,"358Brian OlivánMallorca, 28, D(CL)",Brian Oliván Mallorca,28, D(CL),,,24(4),2189,1,-,7,-,0.7,68.2,0.8,-,6.43
8,"359SusoSevilla, 28, AM(CLR),FW",Suso Sevilla,28, AM(CLR),FW,,6(2),390,-,1,-,-,0.8,80.4,-,-,6.43
9,"360Kike BarjaOsasuna, 25, AM(LR)",Kike Barja Osasuna,25, AM(LR),,,9(12),863,2,-,2,-,0.8,77.7,0.4,-,6.43
0,"361Dani GarcíaAthletic Bilbao, 32, DMC",Dani García Athletic Bilbao,32, DMC,,,27(5),2194,-,-,9,-,0.4,78.1,1.1,-,6.43
1,"362CoteOsasuna, 32, D(L)",Cote Osasuna,32, D(L),,,12(11),1083,1,1,2,1,0.5,78.7,0.4,-,6.43
2,"363Álex SolaReal Sociedad, 22, Defender",Álex Sola Real Sociedad,22, Defender,,,0(2),39,-,-,-,-,0.5,68.4,-,-,6.43
3,"364Manu MorlanesEspanyol, 23, DMC",Manu Morlanes Espanyol,23, DMC,,,11(16),1143,2,-,6,1,0.3,86.4,0.7,-,6.42
4,"365Victor ChustCadiz, 22, D(C)",Victor Chust Cadiz,22, D(C),,,20(5),1830,-,-,2,-,0.4,84.3,1.2,-,6.42
5,"366Mouctar DiakhabyValencia, 25, D(C)",Mouctar Diakhaby Valencia,25, D(C),,,21(8),1945,-,1,11,-,0.3,74.7,1.1,-,6.42
6,"367Alex TirleaDeportivo Alaves, 22, Defender",Alex Tirlea Deportivo Alaves,22, Defender,,,0(1),14,-,-,-,-,-,71.4,-,-,6.42
7,"368Gonzalo VerdúElche, 33, D(C)",Gonzalo Verdú Elche,33, D(C),,,17(3),1388,-,-,11,-,0.2,84.2,1.4,-,6.42
8,"369Antonio SánchezMallorca, 25, AM(CR)",Antonio Sánchez Mallorca,25, AM(CR),,,19(10),1622,1,-,3,-,0.6,79.3,0.4,1,6.42
9,"370Martín AguirregabiriaDeportivo Alaves, 26, D(LR),M(R)",Martín Aguirregabiria Deportivo Alaves,26, D(LR),M(R),,17(7),1619,-,1,4,-,0.2,68.4,1.3,-,6.42
0,"371Cristian TelloReal Betis, 30, M(LR)",Cristian Tello Real Betis,30, M(LR),,,5(18),807,2,2,2,-,1.3,78.1,0.2,-,6.42
1,"372Igor ZubeldiaReal Sociedad, 25, D(C),DMC",Igor Zubeldia Real Sociedad,25, D(C),DMC,,19(7),1649,-,1,7,-,0.3,87.6,1.6,-,6.41
2,"373Fernando CaleroEspanyol, 26, D(C)",Fernando Calero Espanyol,26, D(C),,,13(3),1092,-,-,3,-,0.1,83.2,1.3,-,6.41
3,"374Marcos AndréValencia, 25, FW",Marcos André Valencia,25, FW,,,8(21),963,1,3,3,-,1,68.2,1.4,-,6.41
4,"375Keidi BareEspanyol, 24, DMC",Keidi Bare Espanyol,24, DMC,,,18(7),1488,1,1,9,-,0.2,86.9,0.5,-,6.41
5,"376Moi GómezVillarreal, 27, M(CLR)",Moi Gómez Villarreal,27, M(CLR),,,13(16),1280,2,2,2,-,0.4,82.8,0.4,-,6.41
6,"377Lee Kang-InMallorca, 21, AM(CR),FW",Lee Kang-In Mallorca,21, AM(CR),FW,,15(15),1411,1,2,1,1,1.2,77.8,0.5,-,6.41
7,"378Óscar RodríguezSevilla, 23, AM(CLR)",Óscar Rodríguez Sevilla,23, AM(CLR),,,4(7),416,-,-,1,-,1.3,83.2,0.3,-,6.41
8,"379Thiago GalhardoCelta Vigo, 32, AM(CL),FW",Thiago Galhardo Celta Vigo,32, AM(CL),FW,,9(22),1135,2,2,5,-,1,63.8,1.5,-,6.4
9,"380Víctor DíazGranada, 33, D(CLR)",Víctor Díaz Granada,33, D(CLR),,,19(4),1506,1,-,5,-,0.6,74.8,1.3,-,6.4
0,"381Joseba ZalduaReal Sociedad, 29, D(R)",Joseba Zaldua Real Sociedad,29, D(R),,,14(10),1173,-,-,6,-,0.3,79.1,0.8,-,6.4
1,"382Randy NtekaRayo Vallecano, 24, AM(C),FW",Randy Nteka Rayo Vallecano,24, AM(C),FW,,16(18),1462,3,-,3,-,0.9,67.3,1.8,1,6.4
2,"383Mario GasparVillarreal, 31, D(CR),M(R)",Mario Gaspar Villarreal,31, D(CR),M(R),,7(5),622,-,-,1,-,0.3,79.2,0.7,-,6.4
3,"384Ludwig AugustinssonSevilla, 28, D(L),M(L)",Ludwig Augustinsson Sevilla,28, D(L),M(L),,9(10),790,-,1,3,-,0.2,84.8,0.8,-,6.4
4,"385Nemanja RadojaLevante, 29, DMC",Nemanja Radoja Levante,29, DMC,,,17(2),1224,-,-,3,-,0.3,84.1,0.9,-,6.4
5,"386Yunus MusahValencia, 19, M(CR)",Yunus Musah Valencia,19, M(CR),,,13(16),1262,1,-,5,-,0.2,77.4,0.6,-,6.4
6,"387Andrés GuardadoReal Betis, 35, D(L),M(CL)",Andrés Guardado Real Betis,35, D(L),M(CL),,17(11),1394,-,1,4,-,0.5,84.8,0.4,-,6.4
7,"388Uros RacicValencia, 24, DMC",Uros Racic Valencia,24, DMC,,,13(15),1201,-,-,1,1,0.6,73.5,1.2,-,6.4
8,"389Rober PierLevante, 27, D(C),DMC",Rober Pier Levante,27, D(C),DMC,,21(6),2009,1,-,3,1,0.3,79.9,1,-,6.4
9,"390Lucas PérezElche, 33, AM(CR),FW",Lucas Pérez Elche,33, AM(CR),FW,,16(2),1279,2,1,-,-,0.8,78.8,0.1,-,6.4
0,"391FlorentinoGetafe, 22, M(C)",Florentino Getafe,22, M(C),,,9(13),986,-,1,2,-,0.1,78.9,0.8,-,6.4
1,"392David LópezEspanyol, 32, D(C),DMC",David López Espanyol,32, D(C),DMC,,8(10),744,-,-,1,-,0.3,82.9,1.2,-,6.4
2,"393RoberReal Betis, 21, Forward",Rober Real Betis,21, Forward,,,1(3),132,-,-,-,-,0.5,80,0.3,-,6.39
3,"394Guido CarrilloElche, 31, FW",Guido Carrillo Elche,31, FW,,,11(18),1157,2,-,3,-,0.8,70.2,2.9,-,6.39
4,"395Darko BrasanacOsasuna, 30, M(CR)",Darko Brasanac Osasuna,30, M(CR),,,27(8),2412,1,2,9,-,0.5,76.4,0.9,-,6.39
5,"396Aleix VidalEspanyol, 32, D(R),M(LR)",Aleix Vidal Espanyol,32, D(R),M(LR),,21(10),1908,2,-,10,-,0.2,82.7,0.3,-,6.39
6,"397JoaquínReal Betis, 40, M(CLR),FW",Joaquín Real Betis,40, M(CLR),FW,,2(19),455,-,1,-,-,0.5,85,0.1,-,6.39
7,"398SonLevante, 28, D(LR)",Son Levante,28, D(LR),,,22(4),1979,1,-,5,1,0.5,73.2,0.4,-,6.39
8,"399Fernando NiñoMallorca, 21, FW",Fernando Niño Mallorca,21, FW,,,9(14),879,2,-,2,-,1,67.9,2,1,6.39
9,"400Dani CeballosReal Madrid, 25, M(CL)",Dani Ceballos Real Madrid,25, M(CL),,,2(9),269,-,-,1,-,0.9,91.9,-,-,6.39
0,"401Ángel RodríguezMallorca, 35, FW",Ángel Rodríguez Mallorca,35, FW,,,19(10),1551,4,2,4,-,1,73.3,0.7,-,6.37
1,"402Óscar MelendoEspanyol, 24, AM(CR),FW",Óscar Melendo Espanyol,24, AM(CR),FW,,14(7),999,-,-,-,-,0.4,91.1,0.3,-,6.37
2,"403Ander GuevaraReal Sociedad, 24, DMC",Ander Guevara Real Sociedad,24, DMC,,,11(6),872,-,-,2,-,0.1,86.5,0.9,-,6.37
3,"404Unai DufurOsasuna, 23, Defender",Unai Dufur Osasuna,23, Defender,,,1,90,-,-,-,-,1,71.4,2,-,6.37
4,"405Mickaël MalsaLevante, 26, DMC",Mickaël Malsa Levante,26, DMC,,,11(15),1137,1,2,7,-,0.5,80.7,0.4,-,6.37
5,"406BebéRayo Vallecano, 31, AM(LR),FW",Bebé Rayo Vallecano,31, AM(LR),FW,,6(23),852,1,2,2,-,1.7,76.7,0.3,-,6.37
6,"407Pablo MartínezLevante, 24, M(C)",Pablo Martínez Levante,24, M(C),,,7(6),655,-,1,2,-,0.8,72,0.8,-,6.37
7,"408Ilaix MoribaValencia, 19, M(C)",Ilaix Moriba Valencia,19, M(C),,,9(5),819,-,-,7,1,1,77,1,-,6.37
8,"409Nico WilliamsAthletic Bilbao, 19, M(R)",Nico Williams Athletic Bilbao,19, M(R),,,11(23),1330,-,-,4,-,1,78.1,0.3,-,6.36
9,"410Toni MoyaDeportivo Alaves, 24, DMC",Toni Moya Deportivo Alaves,24, DMC,,,17(11),1386,-,1,2,-,0.4,75,0.4,1,6.36
0,"411JasonDeportivo Alaves, 27, M(R)",Jason Deportivo Alaves,27, M(R),,,10(4),683,-,1,1,-,0.6,58.8,0.6,1,6.36
1,"412Diego GonzálezElche, 27, D(CL)",Diego González Elche,27, D(CL),,,19(9),1790,-,-,3,1,0.1,82.7,1,-,6.36
2,"413Njegos PetrovicGranada, 22, DMC",Njegos Petrovic Granada,22, DMC,,,10(5),918,-,1,5,-,0.5,80,0.8,-,6.36
3,"414Ezequiel PonceElche, 25, AM(L),FW",Ezequiel Ponce Elche,25, AM(L),FW,,5(8),664,1,-,1,1,1.2,77.7,1.3,-,6.36
4,"415Santiago AriasGranada, 30, D(R)",Santiago Arias Granada,30, D(R),,,4(8),434,1,-,1,-,0.3,78.3,0.8,-,6.36
5,"416Jan OblakAtletico, 29, GK",Jan Oblak Atletico,29, GK,,,38,3420,-,-,1,-,-,51.9,0.2,-,6.35
6,"417Franco RussoMallorca, 27, D(C)",Franco Russo Mallorca,27, D(C),,,17(2),1465,1,-,3,2,0.3,76.4,1.5,1,6.35
7,"418Giovanni GonzálezMallorca, 27, D(R)",Giovanni González Mallorca,27, D(R),,,3(6),364,1,-,1,-,0.3,75.8,0.7,-,6.35
8,"419Bryan GilValencia, 21, AM(CLR)",Bryan Gil Valencia,21, AM(CLR),,,9(4),758,-,1,3,-,0.8,74.9,0.2,-,6.35
9,"420Hélder CostaValencia, 28, AM(CLR)",Hélder Costa Valencia,28, AM(CLR),,,13(9),1119,-,1,3,-,0.4,70.8,0.4,-,6.34
0,"421Anthony MartialSevilla, 26, AM(LR),FW",Anthony Martial Sevilla,26, AM(LR),FW,,7(2),495,-,1,1,-,0.8,84.1,0.7,-,6.34
1,"422Okay YokusluCelta Vigo, 28, D(C),DMC",Okay Yokuslu Celta Vigo,28, D(C),DMC,,1(7),133,-,-,-,-,0.3,90,0.8,-,6.34
2,"423Luka JovicReal Madrid, 24, FW",Luka Jovic Real Madrid,24, FW,,,1(14),360,1,3,1,-,1.1,77.6,0.5,-,6.34
3,"424Fede San EmeterioCadiz, 25, DMC",Fede San Emeterio Cadiz,25, DMC,,,10(2),836,-,-,3,-,-,81,0.9,-,6.34
4,"425Jeison MurilloCelta Vigo, 30, D(C)",Jeison Murillo Celta Vigo,30, D(C),,,13(7),1118,-,-,5,1,0.3,89.2,1.6,-,6.34
5,"426Munir El-HaddadiSevilla, 26, AM(LR),FW",Munir El-Haddadi Sevilla,26, AM(LR),FW,,5(12),471,2,-,3,-,0.7,79,0.5,-,6.33
6,"427Dani GómezLevante, 23, FW",Dani Gómez Levante,23, FW,,,11(17),1060,4,2,1,-,1.1,80.9,0.1,-,6.33
7,"428Rodrigo BattagliaMallorca, 30, M(C)",Rodrigo Battaglia Mallorca,30, M(C),,,12(14),1176,-,-,3,1,0.2,83.7,1.3,-,6.33
8,"429Raúl ParraCadiz, 22, Defender",Raúl Parra Cadiz,22, Defender,,,1(1),88,-,-,-,-,-,56,-,-,6.33
9,"430Jon GuridiReal Sociedad, 27, M(C)",Jon Guridi Real Sociedad,27, M(C),,,1(7),200,1,-,-,-,0.3,73.1,0.1,-,6.32
0,"431Cristo RomeroReal Sociedad, 22, Defender",Cristo Romero Real Sociedad,22, Defender,,,0(1),16,-,-,-,-,1,85.7,-,-,6.32
1,"432Gonzalo VillarGetafe, 24, M(C)",Gonzalo Villar Getafe,24, M(C),,,2(8),292,-,1,-,-,0.2,84.7,0.4,-,6.32
2,"433Unai LópezRayo Vallecano, 26, M(CR)",Unai López Rayo Vallecano,26, M(CR),,,13(14),1155,-,-,5,-,0.7,86.4,0.3,1,6.32
3,"434Mikel VesgaAthletic Bilbao, 29, DMC",Mikel Vesga Athletic Bilbao,29, DMC,,,17(15),1357,2,-,3,2,0.4,77.7,1.3,-,6.32
4,"435Javi MartínezOsasuna, 22, M(CR)",Javi Martínez Osasuna,22, M(CR),,,9(17),870,1,1,1,-,0.3,77.8,0.4,-,6.31
5,"436Raúl GutiElche, 25, M(C)",Raúl Guti Elche,25, M(C),,,17(14),1629,-,-,2,1,0.6,84.3,0.4,-,6.31
6,"437Denis CheryshevValencia, 31, AM(L),FW",Denis Cheryshev Valencia,31, AM(L),FW,,5(12),561,-,1,1,-,0.6,70.2,0.3,-,6.31
7,"438Sandro RamírezGetafe, 26, AM(LR),FW",Sandro Ramírez Getafe,26, AM(LR),FW,,19(10),1477,3,-,7,-,1.7,79.2,0.5,-,6.31
8,"439Roberto TorresOsasuna, 33, AM(CLR)",Roberto Torres Osasuna,33, AM(CLR),,,6(22),799,2,2,3,-,0.5,69.1,0.1,-,6.3
9,"440Clément LengletBarcelona, 26, D(C)",Clément Lenglet Barcelona,26, D(C),,,7(14),818,-,1,4,-,0.1,91,0.8,-,6.3
0,"441Sergio AgüeroBarcelona, 34, AM(CL),FW",Sergio Agüero Barcelona,34, AM(CL),FW,,2(2),151,1,-,-,-,1.5,74.4,0.8,-,6.3
1,"442Carlos MartínAtletico, 20, Forward",Carlos Martín Atletico,20, Forward,,,0(1),5,-,-,1,-,-,50,1,-,6.3
2,"443Jesús OwonoDeportivo Alaves, 21, GK",Jesús Owono Deportivo Alaves,21, GK,,,1,90,-,-,-,-,-,42.9,-,-,6.3
3,"444Salvi SánchezCadiz, 31, AM(R)",Salvi Sánchez Cadiz,31, AM(R),,,17(6),1403,2,1,1,1,0.9,67.7,0.7,-,6.3
4,"445Ángel MontoroGranada, 33, M(C)",Ángel Montoro Granada,33, M(C),,,13(11),1331,1,1,5,-,0.9,77.6,0.3,-,6.29
5,"446Ximo NavarroDeportivo Alaves, 32, D(CLR)",Ximo Navarro Deportivo Alaves,32, D(CLR),,,16(2),1351,-,-,4,1,0.6,74.4,0.5,1,6.29
6,"447Riqui PuigBarcelona, 22, M(C)",Riqui Puig Barcelona,22, M(C),,,2(13),475,1,-,-,-,0.6,92.7,0.1,-,6.29
7,"448Luca ZidaneRayo Vallecano, 24, GK",Luca Zidane Rayo Vallecano,24, GK,,,8,646,-,-,-,1,-,69.3,0.1,-,6.29
8,"449Beñat TurrientesReal Sociedad, 20, Midfielder",Beñat Turrientes Real Sociedad,20, Midfielder,,,1(7),201,-,-,1,-,0.9,88.9,0.1,-,6.29
9,"450Edgar MéndezDeportivo Alaves, 32, M(LR),FW",Edgar Méndez Deportivo Alaves,32, M(LR),FW,,17(15),1614,1,1,6,-,0.8,62.5,1.1,-,6.29
0,"451Hugo DuroGetafe, 22, AM(L),FW",Hugo Duro Getafe,22, AM(L),FW,,0(1),11,-,-,-,-,2,40,2,-,6.29
1,"452Marc CucurellaGetafe, 23, D(CL),M(L)",Marc Cucurella Getafe,23, D(CL),M(L),,0(1),22,-,-,-,-,1,78.9,-,-,6.29
2,"453Rubén PeñaVillarreal, 30, D(R),M(LR)",Rubén Peña Villarreal,30, D(R),M(LR),,1(6),127,-,-,1,-,0.4,79.5,0.3,-,6.28
3,"454JasonValencia, 27, M(R)",Jason Valencia,27, M(R),,,1(4),74,-,-,2,-,0.4,90.5,0.2,-,6.28
4,"455Emerson RoyalBarcelona, 23, D(R),M(R)",Emerson Royal Barcelona,23, D(R),M(R),,1(2),90,-,-,-,-,-,86.5,-,-,6.28
5,"456José Ángel CarmonaSevilla, 20, Defender",José Ángel Carmona Sevilla,20, Defender,,,0(1),23,-,-,-,-,-,66.7,-,-,6.28
6,"457Sergio SantosReal Madrid, 21, Defender",Sergio Santos Real Madrid,21, Defender,,,0(1),10,-,-,-,-,-,100,-,-,6.28
7,"458Iván MarconeElche, 32, DMC",Iván Marcone Elche,32, DMC,,,10(10),807,-,-,5,-,0.1,82.3,0.3,-,6.28
8,"459Amath NdiayeMallorca, 25, AM(L)",Amath Ndiaye Mallorca,25, AM(L),,,9(10),884,-,1,5,-,0.6,81.2,0.3,-,6.28
9,"460PortuReal Sociedad, 30, AM(CLR),FW",Portu Real Sociedad,30, AM(CLR),FW,,17(20),1587,1,2,5,-,0.7,76.8,0.4,-,6.28
0,"461NolitoCelta Vigo, 35, AM(CL)",Nolito Celta Vigo,35, AM(CL),,,15(17),1384,2,-,1,-,0.6,78,0.4,-,6.28
1,"462Abdón PratsMallorca, 29, FW",Abdón Prats Mallorca,29, FW,,,8(17),636,3,-,4,-,0.7,67.5,1.2,-,6.27
2,"463Nicolás MelamedEspanyol, 21, AM(L)",Nicolás Melamed Espanyol,21, AM(L),,,7(24),1102,2,-,3,1,0.6,87.6,0.3,-,6.27
3,"464Alberto SoroGranada, 23, AM(LR)",Alberto Soro Granada,23, AM(LR),,,7(9),575,-,-,-,-,0.4,75.5,0.6,-,6.27
4,"465Näis DjouahraReal Sociedad, 22, Midfielder",Näis Djouahra Real Sociedad,22, Midfielder,,,1(6),209,-,-,-,-,0.7,78.5,0.3,-,6.27
5,"466Aarón EscandellGranada, 26, GK",Aarón Escandell Granada,26, GK,,,4(1),284,-,-,1,1,-,51.3,-,-,6.27
6,"467Juan IglesiasGetafe, 23, D(R),M(R)",Juan Iglesias Getafe,23, D(R),M(R),,7(13),713,-,1,1,-,0.3,52.6,0.5,-,6.27
7,"468Asier VillalibreAthletic Bilbao, 24, FW",Asier Villalibre Athletic Bilbao,24, FW,,,3(16),540,2,-,-,-,1,62.2,1,-,6.27
8,"469Allan-Roméo NyomGetafe, 34, D(LR),M(R)",Allan-Roméo Nyom Getafe,34, D(LR),M(R),,3(2),244,-,-,1,-,-,65.6,1,-,6.26
9,"470Santiago ArzamendiaCadiz, 24, M(L)",Santiago Arzamendia Cadiz,24, M(L),,,5(9),464,1,-,2,-,0.5,66.2,0.9,1,6.26
0,"471Alejandro PrimoLevante, 17, Goalkeeper",Alejandro Primo Levante,17, Goalkeeper,,,1,90,-,-,-,-,-,80,-,-,6.26
1,"472Aitor RuibalReal Betis, 26, D(R),M(LR)",Aitor Ruibal Real Betis,26, D(R),M(LR),,9(10),858,-,-,6,-,1.1,79.7,0.3,-,6.26
2,"473Nicolas JacksonVillarreal, 20, Forward",Nicolas Jackson Villarreal,20, Forward,,,0(9),158,-,-,1,-,0.6,76,1.4,-,6.26
3,"474Unai NúñezAthletic Bilbao, 25, D(C)",Unai Núñez Athletic Bilbao,25, D(C),,,7(2),621,-,-,2,-,0.7,86.1,1.3,-,6.25
4,"475Mario SuárezRayo Vallecano, 35, D(C),M(C)",Mario Suárez Rayo Vallecano,35, D(C),M(C),,8(6),710,-,-,2,-,0.6,77.9,2.1,1,6.25
5,"476Tomás PinaDeportivo Alaves, 34, M(C)",Tomás Pina Deportivo Alaves,34, M(C),,,16(13),1444,-,-,4,-,0.2,78.5,1.1,-,6.24
6,"477Julen LobeteReal Sociedad, 21, Forward",Julen Lobete Real Sociedad,21, Forward,,,2(11),276,2,-,-,-,0.8,80,0.3,-,6.24
7,"478Iván RomeroSevilla, 21, Forward",Iván Romero Sevilla,21, Forward,,,2(3),178,-,-,-,-,0.4,82.4,0.2,-,6.24
8,"479José MariCadiz, 34, DMC",José Mari Cadiz,34, DMC,,,4(7),384,-,-,1,1,0.4,84,0.4,-,6.24
9,"480Myrto UzuniGranada, 27, AM(L),FW",Myrto Uzuni Granada,27, AM(L),FW,,9(6),859,1,1,4,-,0.7,71.3,0.4,-,6.24
0,"481Antonio BarragánElche, 34, D(CR),M(R)",Antonio Barragán Elche,34, D(CR),M(R),,12(4),1023,-,-,5,-,0.1,82.5,0.5,-,6.24
1,"482Mario HernándezRayo Vallecano, 23, Defender",Mario Hernández Rayo Vallecano,23, Defender,,,5(4),394,1,-,3,-,0.3,68.5,0.2,-,6.24
2,"483Fran MéridaEspanyol, 32, AM(C)",Fran Mérida Espanyol,32, AM(C),,,4(7),265,-,-,2,1,0.4,69,-,-,6.24
3,"484Javier PastoreElche, 32, AM(CLR)",Javier Pastore Elche,32, AM(CLR),,,7(7),526,-,-,2,1,0.6,77.4,0.3,-,6.24
4,"485KoffiGetafe, 20, Defender",Koffi Getafe,20, Defender,,,1(2),78,-,1,-,-,0.3,70.4,0.7,-,6.23
5,"486Nicolás SerranoAthletic Bilbao, 19, Forward",Nicolás Serrano Athletic Bilbao,19, Forward,,,3(11),308,1,-,-,-,0.6,77.7,0.1,-,6.23
6,"487Darío PovedaGetafe, 25, Forward",Darío Poveda Getafe,25, Forward,,,3(12),372,1,-,-,-,0.3,58.8,0.8,-,6.23
7,"488Clément GrenierMallorca, 31, M(CL)",Clément Grenier Mallorca,31, M(CL),,,0(5),57,1,-,1,-,0.2,74.4,0.2,-,6.23
8,"489Javi LlabrésMallorca, 19, Midfielder",Javi Llabrés Mallorca,19, Midfielder,,,1(4),129,-,-,-,-,1,82.8,0.2,-,6.23
9,"490VitoloGetafe, 32, M(CLR),FW",Vitolo Getafe,32, M(CLR),FW,,1(6),217,-,-,-,-,0.1,80.2,0.6,-,6.23
0,"491Oier ZarragaAthletic Bilbao, 23, M(R)",Oier Zarraga Athletic Bilbao,23, M(R),,,8(23),1151,1,-,5,-,0.6,80,0.3,-,6.23
1,"492Ander MartínReal Sociedad, 21, Forward",Ander Martín Real Sociedad,21, Forward,,,1(4),85,-,-,-,-,0.6,79.1,0.4,-,6.23
2,"493Martín CalderónCadiz, 23, Midfielder",Martín Calderón Cadiz,23, Midfielder,,,1(5),111,-,-,1,-,0.3,75.6,1,-,6.22
3,"494Rober IbáñezOsasuna, 29, AM(R)",Rober Ibáñez Osasuna,29, AM(R),,,1(3),91,-,-,-,-,0.8,80.6,-,-,6.22
4,"495Jaume DoménechValencia, 31, GK",Jaume Doménech Valencia,31, GK,,,4(1),343,-,-,2,-,-,58,-,-,6.22
5,"496Gabriel VeigaCelta Vigo, 20, Midfielder",Gabriel Veiga Celta Vigo,20, Midfielder,,,0(7),102,-,-,-,-,0.3,79.7,0.1,-,6.22
6,"497Iñigo PérezOsasuna, 34, D(L),M(CL)",Iñigo Pérez Osasuna,34, D(L),M(CL),,4(6),337,1,-,-,-,0.4,74.8,0.2,-,6.22
7,"498MiguelónEspanyol, 26, D(R)",Miguelón Espanyol,26, D(R),,,1(1),70,-,-,-,-,-,73.7,-,-,6.22
8,"499Álvaro JiménezCadiz, 27, M(R)",Álvaro Jiménez Cadiz,27, M(R),,,1(8),228,-,-,-,-,0.3,76.1,0.2,-,6.21
9,"500Pablo PiattiElche, 33, M(CLR)",Pablo Piatti Elche,33, M(CLR),,,3(7),307,-,-,-,-,0.4,76.3,0.7,-,6.21
0,"501Nikola VukcevicLevante, 30, DMC",Nikola Vukcevic Levante,30, DMC,,,0(6),114,-,-,1,-,0.2,82.2,1,-,6.21
1,"502Jakub JanktoGetafe, 26, M(CLR)",Jakub Jankto Getafe,26, M(CLR),,,7(8),585,-,2,1,1,0.4,70.6,0.1,-,6.2
2,"503Carlos BaccaGranada, 35, FW",Carlos Bacca Granada,35, FW,,,5(13),509,-,1,3,-,0.5,65.6,0.4,-,6.2
3,"504Yusuf DemirBarcelona, 19, Forward",Yusuf Demir Barcelona,19, Forward,,,2(4),191,-,-,-,-,0.2,90.7,-,-,6.2
4,"505TachiDeportivo Alaves, 24, D(C)",Tachi Deportivo Alaves,24, D(C),,,2(3),238,-,-,1,-,-,62.8,0.8,-,6.2
5,"506Germán ValeraReal Sociedad, 20, Forward",Germán Valera Real Sociedad,20, Forward,,,0(3),49,-,-,-,-,0.3,82.4,0.3,-,6.2
6,"507Roberto SoldadoLevante, 37, FW",Roberto Soldado Levante,37, FW,,,7(11),664,3,2,5,2,0.9,66.2,0.3,-,6.2
7,"508Loren MorónEspanyol, 28, FW",Loren Morón Espanyol,28, FW,,,4(17),556,1,-,-,-,0.5,58.8,0.9,-,6.2
8,"509Matías ArezoGranada, 19, Forward",Matías Arezo Granada,19, Forward,,,1(7),156,-,-,1,-,0.6,51.5,0.9,-,6.2
9,"510Miguel De la FuenteDeportivo Alaves, 22, FW",Miguel De la Fuente Deportivo Alaves,22, FW,,,10(12),828,1,1,2,-,1,66.4,0.6,-,6.19
0,"511Jordi MboulaMallorca, 23, AM(R)",Jordi Mboula Mallorca,23, AM(R),,,5(6),433,-,-,2,-,0.5,64.5,0.9,-,6.19
1,"512PeterReal Madrid, 19, Midfielder",Peter Real Madrid,19, Midfielder,,,0(3),25,-,-,-,-,0.7,81.3,-,-,6.19
2,"513Sergio PostigoLevante, 33, D(C)",Sergio Postigo Levante,33, D(C),,,10(3),849,-,-,3,-,0.2,83.5,0.9,-,6.19
3,"514MonchuGranada, 22, M(C)",Monchu Granada,22, M(C),,,7(7),665,-,-,3,1,0.6,80.4,0.8,-,6.18
4,"515Facundo PellistriDeportivo Alaves, 20, AM(R)",Facundo Pellistri Deportivo Alaves,20, AM(R),,,6(15),665,-,-,-,-,0.3,77,0.4,-,6.18
5,"516José PozoRayo Vallecano, 26, AM(C)",José Pozo Rayo Vallecano,26, AM(C),,,0(5),68,-,-,-,-,0.6,91.8,0.2,-,6.18
6,"517Diego CondeGetafe, 23, Goalkeeper",Diego Conde Getafe,23, Goalkeeper,,,0(1),5,-,-,-,-,-,-,-,-,6.18
7,"518Isma RuizGranada, 21, Midfielder",Isma Ruiz Granada,21, Midfielder,,,3(5),282,-,-,1,-,0.5,83.7,0.4,-,6.18
8,"519Enric FranquesaLevante, 25, Defender",Enric Franquesa Levante,25, Defender,,,6(10),618,-,-,1,-,0.1,73.9,0.5,-,6.18
9,"520Daniel VillahermosaEspanyol, 21, Midfielder",Daniel Villahermosa Espanyol,21, Midfielder,,,0(1),22,-,-,-,-,-,57.1,-,-,6.17
0,"521Daniel WassAtletico, 33, D(LR),M(CLR)",Daniel Wass Atletico,33, D(LR),M(CLR),,0(1),45,-,-,1,-,-,76.5,-,-,6.17
1,"522Saul GarcíaDeportivo Alaves, 27, Defender",Saul García Deportivo Alaves,27, Defender,,,0(1),3,-,-,-,-,-,33.3,-,-,6.17
2,"523Koba KoindrediValencia, 20, Midfielder",Koba Koindredi Valencia,20, Midfielder,,,1(9),175,-,-,1,-,0.1,68.2,0.5,-,6.16
3,"524Diego LainezReal Betis, 21, AM(R)",Diego Lainez Real Betis,21, AM(R),,,1(6),136,-,-,-,-,0.1,79.6,-,-,6.16
4,"525José MacíasGetafe, 22, Forward",José Macías Getafe,22, Forward,,,2(5),202,-,-,1,-,0.6,73.2,0.6,-,6.16
5,"526Pere PonsDeportivo Alaves, 29, M(C)",Pere Pons Deportivo Alaves,29, M(C),,,17(10),1376,1,-,2,-,0.6,73.1,0.6,-,6.16
6,"527Manu VallejoDeportivo Alaves, 25, FW",Manu Vallejo Deportivo Alaves,25, FW,,,2(9),366,1,1,-,-,0.3,75.8,0.5,-,6.15
7,"528José FontánCelta Vigo, 22, D(CL)",José Fontán Celta Vigo,22, D(CL),,,3(6),274,-,-,3,-,0.1,85.5,0.4,-,6.15
8,"529Kévin RodriguesRayo Vallecano, 28, D(L),M(L)",Kévin Rodrigues Rayo Vallecano,28, D(L),M(L),,5(8),434,-,-,-,-,0.3,71.2,0.8,-,6.15
9,"530Iván ChapelaCadiz, 23, Forward",Iván Chapela Cadiz,23, Forward,,,4(5),400,-,-,-,-,0.3,69.3,0.4,-,6.15
0,"531Alex PetxarromanAthletic Bilbao, 25, Defender",Alex Petxarroman Athletic Bilbao,25, Defender,,,1(16),401,-,-,4,-,0.1,75.2,0.4,-,6.15
1,"532Oier SanjurjoOsasuna, 36, D(CR),M(C)",Oier Sanjurjo Osasuna,36, D(CR),M(C),,9(17),751,1,-,3,-,0.3,72.2,0.8,1,6.15
2,"533Orbelín PinedaCelta Vigo, 26, Midfielder",Orbelín Pineda Celta Vigo,26, Midfielder,,,0(7),94,-,-,-,-,0.7,87.7,0.1,-,6.14
3,"534BaldeBarcelona, 18, Defender",Balde Barcelona,18, Defender,,,2(3),188,-,-,-,-,0.2,95.7,-,-,6.14
4,"535Dídac ViláEspanyol, 32, D(L),M(L)",Dídac Vilá Espanyol,32, D(L),M(L),,1(8),197,-,-,3,-,-,80,0.3,-,6.14
5,"536Augusto SolariCelta Vigo, 30, AM(CR)",Augusto Solari Celta Vigo,30, AM(CR),,,4(22),700,-,-,5,-,0.3,69.3,0.2,-,6.14
6,"537Sergio RicoMallorca, 28, GK",Sergio Rico Mallorca,28, GK,,,14,1260,-,-,-,-,-,62.9,0.1,-,6.13
7,"538Wu LeiEspanyol, 30, AM(CLR),FW",Wu Lei Espanyol,30, AM(CLR),FW,,4(19),461,1,-,-,-,0.3,69.9,0.3,-,6.13
8,"539Álvaro BastidaCadiz, 18, Midfielder",Álvaro Bastida Cadiz,18, Midfielder,,,2(4),195,-,-,1,-,-,77.4,0.2,-,6.13
9,"540Jaime MataGetafe, 33, FW",Jaime Mata Getafe,33, FW,,,5(18),664,1,-,7,-,0.4,68.4,1.1,-,6.13
0,"541John GuidettiDeportivo Alaves, 30, FW",John Guidetti Deportivo Alaves,30, FW,,,2(8),274,-,-,2,-,1,77.1,0.1,-,6.12
1,"542Javier LópezDeportivo Alaves, 20, D(L)",Javier López Deportivo Alaves,20, D(L),,,4(5),458,-,-,2,-,-,77.4,-,-,6.12
2,"543Alejandro CanteroLevante, 21, FW",Alejandro Cantero Levante,21, FW,,,4(21),597,-,1,1,-,0.6,68.3,0.1,-,6.12
3,"544Hugo ÁlvarezCelta Vigo, 18, Midfielder",Hugo Álvarez Celta Vigo,18, Midfielder,,,0(1),10,-,-,-,-,1,33.3,-,-,6.12
4,"545Landry DimataEspanyol, 24, FW",Landry Dimata Espanyol,24, FW,,,4(13),537,-,-,-,-,0.5,72.8,1.1,-,6.12
5,"546Marcos MauroCadiz, 31, D(C)",Marcos Mauro Cadiz,31, D(C),,,1(2),136,-,-,1,-,-,52,1.3,-,6.12
6,"547Jaume GrauOsasuna, 25, DMC",Jaume Grau Osasuna,25, DMC,,,0(1),2,-,-,-,-,-,50,-,-,6.11
7,"548Loren MorónReal Betis, 28, FW",Loren Morón Real Betis,28, FW,,,0(1),3,-,-,-,-,-,-,-,-,6.11
8,"549Mamadou SyllaDeportivo Alaves, 28, FW",Mamadou Sylla Deportivo Alaves,28, FW,,,4(9),391,-,-,1,-,0.2,61.9,0.8,-,6.11
9,"550JosemaElche, 26, D(CL)",Josema Elche,26, D(CL),,,1(5),181,-,-,-,-,-,67.4,0.5,-,6.11
0,"551Luismi CruzSevilla, 21, Midfielder",Luismi Cruz Sevilla,21, Midfielder,,,0(2),12,-,-,-,-,-,33.3,-,-,6.1
1,"552Jonathan SilvaGetafe, 27, D(CL),M(L)",Jonathan Silva Getafe,27, D(CL),M(L),,1(8),222,-,-,4,-,0.1,69.4,0.1,-,6.1
2,"553Yan EtekiGranada, 24, DMC",Yan Eteki Granada,24, DMC,,,2(10),337,-,-,3,-,0.1,74.8,0.6,-,6.1
3,"554Dani RabaVillarreal, 26, AM(CR)",Dani Raba Villarreal,26, AM(CR),,,0(7),83,-,-,1,-,-,70.3,0.3,-,6.1
4,"555Marc PubillLevante, 18, Defender",Marc Pubill Levante,18, Defender,,,5(6),512,-,1,1,-,0.5,79.2,0.5,-,6.1
5,"556Martín CáceresLevante, 35, D(CLR),M(R)",Martín Cáceres Levante,35, D(CLR),M(R),,9(1),670,-,-,2,-,-,82,0.7,-,6.09
6,"557Juan CalaCadiz, 32, D(C)",Juan Cala Cadiz,32, D(C),,,11(4),948,-,-,7,1,0.3,73.9,1.1,-,6.09
7,"558Unai RoperoDeportivo Alaves, 20, Midfielder",Unai Ropero Deportivo Alaves,20, Midfielder,,,0(1),11,-,-,-,-,-,100,-,-,6.08
8,"559Víctor CamarasaReal Betis, 28, M(CR)",Víctor Camarasa Real Betis,28, M(CR),,,0(7),102,-,-,-,-,0.1,82,0.3,-,6.08
9,"560Rubén IranzoValencia, 19, Defender",Rubén Iranzo Valencia,19, Defender,,,1(3),134,-,-,2,-,0.3,80.9,-,-,6.08
0,"561Mamadou SyllaRayo Vallecano, 28, FW",Mamadou Sylla Rayo Vallecano,28, FW,,,1(11),247,-,-,2,-,0.9,72.6,1.2,-,6.07
1,"562Estanis PedrolaBarcelona, 18, Forward",Estanis Pedrola Barcelona,18, Forward,,,0(1),10,-,-,-,-,-,-,-,-,6.07
2,"563Manu VallejoValencia, 25, FW",Manu Vallejo Valencia,25, FW,,,0(9),90,-,-,3,-,0.3,65.5,0.2,-,6.07
3,"564Eray CömertValencia, 24, D(C)",Eray Cömert Valencia,24, D(C),,,5(3),408,-,-,2,-,0.4,84.5,0.3,-,6.07
4,"565Milutin OsmajicCadiz, 22, Forward",Milutin Osmajic Cadiz,22, Forward,,,2(8),251,-,-,-,-,0.4,54.3,1.2,-,6.06
5,"566Aleix FebasMallorca, 26, AM(C)",Aleix Febas Mallorca,26, AM(C),,,1(3),115,-,-,1,-,-,86.8,0.3,-,6.06
6,"567Florin AndoneCadiz, 29, FW",Florin Andone Cadiz,29, FW,,,1(4),174,-,-,1,-,0.6,65.8,1.4,-,6.06
7,"568Álvaro VadilloEspanyol, 27, AM(LR)",Álvaro Vadillo Espanyol,27, AM(LR),,,0(3),6,-,-,1,-,-,77.8,0.3,-,6.06
8,"569Iker BenitoOsasuna, 19, Forward",Iker Benito Osasuna,19, Forward,,,1(3),117,-,-,1,-,0.8,78.3,0.3,-,6.06
9,"570Carlo GarcíaVillarreal, 21, Midfielder",Carlo García Villarreal,21, Midfielder,,,0(1),6,-,-,-,-,-,100,-,-,6.05
0,"571Joan SastreMallorca, 25, D(R)",Joan Sastre Mallorca,25, D(R),,,2(5),255,-,-,1,-,0.3,74.7,0.7,-,6.05
1,"572Lago JuniorMallorca, 31, M(L)",Lago Junior Mallorca,31, M(L),,,1(5),175,-,-,-,-,1,65,0.7,-,6.05
2,"573Dani RabaGranada, 26, AM(CR)",Dani Raba Granada,26, AM(CR),,,0(2),24,-,-,-,-,-,66.7,-,-,6.05
3,"574Tomás MendesDeportivo Alaves, 17, Midfielder",Tomás Mendes Deportivo Alaves,17, Midfielder,,,0(1),8,-,-,-,-,-,80,-,-,6.04
4,"575Víctor GómezEspanyol, 22, D(R),M(R)",Víctor Gómez Espanyol,22, D(R),M(R),,0(1),3,-,-,-,-,-,100,-,-,6.04
5,"576Yacine QasmiRayo Vallecano, 31, Forward",Yacine Qasmi Rayo Vallecano,31, Forward,,,0(1),3,-,-,-,-,-,50,1,-,6.03
6,"577Aleksander SedlarMallorca, 30, D(C)",Aleksander Sedlar Mallorca,30, D(C),,,3(7),401,-,-,3,1,-,81.7,0.8,-,6.02
7,"578Erick CabacoGetafe, 27, D(C)",Erick Cabaco Getafe,27, D(C),,,6(5),405,-,1,2,1,0.1,66.3,0.7,-,6.02
8,"579Alejandro AsensioRayo Vallecano, 21, Forward",Alejandro Asensio Rayo Vallecano,21, Forward,,,0(2),12,-,-,-,-,0.5,85.7,0.5,-,6.02
9,"580Mario DominguezValencia, 18, Midfielder",Mario Dominguez Valencia,18, Midfielder,,,0(2),23,-,-,-,-,-,66.7,-,-,6.02
0,"581David TimorGetafe, 32, D(C),M(C)",David Timor Getafe,32, D(C),M(C),,3(4),339,-,-,2,-,1.1,81.5,1,-,6.01
1,"582Álvaro SanzBarcelona, 21, Midfielder",Álvaro Sanz Barcelona,21, Midfielder,,,0(2),27,-,-,-,-,-,83.3,-,-,6.01
2,"583Ander CapaAthletic Bilbao, 30, D(R),M(R)",Ander Capa Athletic Bilbao,30, D(R),M(R),,0(1),3,-,-,-,-,1,50,-,-,6.01
3,"584Omar FarajLevante, 20, Forward",Omar Faraj Levante,20, Forward,,,0(1),3,-,-,-,-,-,-,-,-,6.01
4,"585Adrián ButzkeGranada, 23, FW",Adrián Butzke Granada,23, FW,,,0(1),1,-,-,-,-,-,-,-,-,6
5,"586Benjamin LecomteAtletico, 31, GK",Benjamin Lecomte Atletico,31, GK,,,1,1,-,-,1,-,-,-,-,-,6
6,"587Giuliano SimeoneAtletico, 19, Forward",Giuliano Simeone Atletico,19, Forward,,,0(1),1,-,-,-,-,-,33.3,1,-,6
7,"588Luca KoleoshoEspanyol, 17, Midfielder",Luca Koleosho Espanyol,17, Midfielder,,,0(1),1,-,-,-,-,-,100,-,-,6
8,"589Miguel BaezaCelta Vigo, 22, Midfielder",Miguel Baeza Celta Vigo,22, Midfielder,,,0(1),1,-,-,-,-,-,100,-,-,6
9,"590Mika MármolBarcelona, 20, Defender",Mika Mármol Barcelona,20, Defender,,,0(1),1,-,-,-,-,-,80,-,-,6
0,"591Nikita IosifovVillarreal, 21, Midfielder",Nikita Iosifov Villarreal,21, Midfielder,,,0(1),1,-,-,-,-,-,100,-,-,6
1,"592Peru NolaskoainAthletic Bilbao, 23, Defender",Peru Nolaskoain Athletic Bilbao,23, Defender,,,0(1),1,-,-,-,-,-,100,-,-,6
2,"593Raúl GarcíaReal Betis, 21, Forward",Raúl García Real Betis,21, Forward,,,0(1),1,-,-,-,-,-,-,-,-,6
3,"594Valentino FattoreSevilla, 20, Defender",Valentino Fattore Sevilla,20, Defender,,,0(1),1,-,-,-,-,-,-,-,-,6
4,"595GoriEspanyol, 20, Midfielder",Gori Espanyol,20, Midfielder,,,0(1),8,-,-,1,-,-,83.3,-,-,5.99
5,"596Iván MartínDeportivo Alaves, 23, Midfielder",Iván Martín Deportivo Alaves,23, Midfielder,,,2(4),166,-,-,-,-,0.2,82,0.5,-,5.99
6,"597Álvaro AguirreRayo Vallecano, 22, Forward",Álvaro Aguirre Rayo Vallecano,22, Forward,,,0(1),8,-,-,-,-,-,100,-,-,5.98
7,"598Matthew HoppeMallorca, 21, FW",Matthew Hoppe Mallorca,21, FW,,,1(4),130,-,1,-,-,0.4,70.6,0.4,-,5.98
8,"599Javier SerranoAtletico, 19, Midfielder",Javier Serrano Atletico,19, Midfielder,,,1(4),67,-,-,1,1,-,78.4,0.8,-,5.97
9,"600BarberoOsasuna, 23, Forward",Barbero Osasuna,23, Forward,,,0(6),16,-,-,-,-,-,63.6,0.3,-,5.97
0,"601Andrés MartínRayo Vallecano, 22, Forward",Andrés Martín Rayo Vallecano,22, Forward,,,1(6),182,-,-,-,-,0.7,63.6,0.3,-,5.96
1,"602Jesús SantiagoValencia, 18, Midfielder",Jesús Santiago Valencia,18, Midfielder,,,0(3),81,-,-,-,-,-,80,-,-,5.96
2,"603Jon MorcilloAthletic Bilbao, 23, AM(L)",Jon Morcillo Athletic Bilbao,23, AM(L),,,0(7),49,-,-,2,-,0.1,76.9,-,-,5.96
3,"604Javi DíazSevilla, 25, Goalkeeper",Javi Díaz Sevilla,25, Goalkeeper,,,1,90,-,-,-,-,-,81.3,-,-,5.94
4,"605Juan LatasaReal Madrid, 21, Forward",Juan Latasa Real Madrid,21, Forward,,,0(1),8,-,-,-,-,1,80,-,-,5.94
5,"606Cristhian MosqueraValencia, 17, Defender",Cristhian Mosquera Valencia,17, Defender,,,3(3),211,-,-,1,-,0.2,85.5,0.2,-,5.91
6,"607Hugo SoteloCelta Vigo, 18, Midfielder",Hugo Sotelo Celta Vigo,18, Midfielder,,,0(1),1,-,-,-,-,-,100,-,-,5.91
7,"608Chema RodríguezGetafe, 30, D(CL)",Chema Rodríguez Getafe,30, D(CL),,,2,47,-,-,1,1,0.5,73.3,-,-,5.89
8,"609Juanlu SánchezSevilla, 18, Midfielder",Juanlu Sánchez Sevilla,18, Midfielder,,,0(1),4,-,-,1,-,-,50,-,-,5.89
9,"610Marc TenasDeportivo Alaves, 21, Forward",Marc Tenas Deportivo Alaves,21, Forward,,,0(3),51,-,-,2,-,-,73.7,0.3,-,5.88
0,"611Dominik GreifMallorca, 25, GK",Dominik Greif Mallorca,25, GK,,,1,90,-,-,-,-,-,56,-,-,5.86
1,"612Jesús AresoOsasuna, 22, Defender",Jesús Areso Osasuna,22, Defender,,,2(1),189,-,-,1,-,-,84.2,1,-,5.83
2,"613Javier OntiverosOsasuna, 24, AM(LR)",Javier Ontiveros Osasuna,24, AM(LR),,,0(3),36,-,-,-,-,0.7,79.3,0.3,-,5.81
3,"614Pedro BenitoCadiz, 22, Forward",Pedro Benito Cadiz,22, Forward,,,0(1),31,-,-,-,-,-,75,-,-,5.81
4,"615Sergio BarciaGranada, 21, Midfielder",Sergio Barcia Granada,21, Midfielder,,,1,77,-,-,-,-,-,36.4,1,-,5.62
5,"616Juan PérezOsasuna, 25, GK",Juan Pérez Osasuna,25, GK,,,2,180,-,-,-,-,-,40,-,-,5.44
6,"617Joan GarcíaEspanyol, 21, Goalkeeper",Joan García Espanyol,21, Goalkeeper,,,1(1),107,-,-,-,-,-,72,-,-,5
7,"618Josep GayáMallorca, 21, Defender",Josep Gayá Mallorca,21, Defender,,,1,59,-,-,-,-,-,82.1,-,-,4.74
