,Player,Name,Age,postion1,postion2,postion3,Apps,Mins,Goals,Assists,Yel,Red,SpG,PS%,AerialsWon,MotM,Rating
0,"1Kike HermosoReal Betis, 22, Defender",Kike Hermoso,22, Defender,,,1,90,1,-,-,-,2,83.3,6,1,7.77
1,"2Karim BenzemaReal Madrid, 34, FW",Karim Benzema,34, FW,,,31(1),2600,27,12,-,-,4,85.2,0.6,10,7.69
2,"3Vinícius JúniorReal Madrid, 21, AM(L),FW",Vinícius Júnior,21, AM(L),FW,,30(5),2701,17,10,6,-,2.3,85.9,0.1,8,7.56
3,"4Ousmane DembéléBarcelona, 25, AM(CLR),FW",Ousmane Dembélé,25, AM(CLR),FW,,15(6),1413,1,13,3,-,2.2,84.4,0.2,4,7.46
4,"5Miguel GutiérrezReal Madrid, 20, D(L)",Miguel Gutiérrez,20, D(L),,,3,262,-,1,1,-,-,94,0.7,-,7.44
5,"6Gerard MorenoVillarreal, 30, AM(CR),FW",Gerard Moreno,30, AM(CR),FW,,14(3),1194,9,3,2,-,2.2,69.4,1.1,6,7.44
6,"7Nabil FekirReal Betis, 28, AM(CLR),FW",Nabil Fekir,28, AM(CLR),FW,,33(1),2812,6,8,7,1,2.5,86.4,0.8,7,7.38
7,"8Andrii LuninReal Madrid, 23, GK",Andrii Lunin,23, GK,,,2,180,-,-,-,-,-,85.1,-,1,7.32
8,"9CasemiroReal Madrid, 30, DMC",Casemiro,30, DMC,,,31(1),2576,1,3,11,-,1.3,86,3.2,3,7.26
9,"10JoseluDeportivo Alaves, 32, FW",Joselu,32, FW,,,35(2),3126,14,4,-,-,2.6,61.1,7.7,5,7.25
10,"11Vedat MuriqiMallorca, 28, FW",Vedat Muriqi,28, FW,,,16,1439,5,3,6,-,3.2,54.2,7.3,7,7.22
11,"12Iker MuniainAthletic Bilbao, 29, AM(CLR)",Iker Muniain,29, AM(CLR),,,34(1),2803,4,10,3,-,1.2,84.8,0.1,6,7.19
12,"13Iago AspasCelta Vigo, 34, AM(CR),FW",Iago Aspas,34, AM(CR),FW,,36(1),3094,18,6,8,-,2.4,75.5,0.6,5,7.19
13,"14Daniel ParejoVillarreal, 33, M(C)",Daniel Parejo,33, M(C),,,32(1),2712,2,10,3,-,0.5,87.6,0.5,1,7.17
14,"15John DonaldElche, 21, Midfielder",John Donald,21, Midfielder,,,2,180,-,-,-,-,1,88.1,1,-,7.17
15,"16Mikel MerinoReal Sociedad, 25, M(C)",Mikel Merino,25, M(C),,,33(1),2896,3,2,8,-,1.3,77.6,3.3,3,7.16
16,"17Antoine GriezmannBarcelona, 31, AM(CLR),FW",Antoine Griezmann,31, AM(CLR),FW,,3,264,-,-,-,-,1.3,85.1,1.3,-,7.15
17,"18PedriBarcelona, 19, AM(C)",Pedri,19, AM(C),,,10(2),891,3,1,-,-,1,86.5,0.3,-,7.12
18,"19Memphis DepayBarcelona, 28, AM(CL),FW",Memphis Depay,28, AM(CL),FW,,20(8),1850,12,2,3,-,2.2,82.1,0.4,5,7.1
19,"20Yannick CarrascoAtletico, 28, M(CLR),FW",Yannick Carrasco,28, M(CLR),FW,,28(6),2594,6,6,5,-,1.5,80.6,0.3,5,7.08
20,"21Sergio BusquetsBarcelona, 33, DMC",Sergio Busquets,33, DMC,,,36,3202,2,-,12,-,0.4,87.6,1.7,-,7.05
21,"22Dani AlvesBarcelona, 39, D(R),M(CR)",Dani Alves,39, D(R),M(CR),,13(1),1103,1,3,2,1,0.4,88,0.6,1,7.03
22,"23Raúl de TomásEspanyol, 27, FW",Raúl de Tomás,27, FW,,,33(1),2928,17,3,5,2,3.1,83.9,1,4,7.02
23,"24Luka ModricReal Madrid, 36, M(C)",Luka Modric,36, M(C),,,25(3),2050,2,8,5,-,1,90.1,0.2,-,7.01
24,"25Javi GalánCelta Vigo, 27, D(L),M(L)",Javi Galán,27, D(L),M(L),,37,3300,-,3,9,-,0.5,81.9,0.7,1,7.01
25,"26Rubén AlcarazCadiz, 31, DMC",Rubén Alcaraz,31, DMC,,,12(2),1106,2,-,7,-,1.6,85.5,1.6,-,7.01
26,"27Mathías OliveraGetafe, 24, D(L),M(L)",Mathías Olivera,24, D(L),M(L),,32,2807,1,3,10,-,0.8,71.8,3.5,3,7.0
27,"28Óscar TrejoRayo Vallecano, 34, M(CLR)",Óscar Trejo,34, M(CLR),,,24(8),2023,3,9,13,-,0.7,82.2,0.8,2,7.0
28,"29Gonçalo GuedesValencia, 25, AM(CLR),FW",Gonçalo Guedes,25, AM(CLR),FW,,30(6),2614,11,6,3,-,1.9,68.5,0.4,5,6.99
29,"30Jordi AlbaBarcelona, 33, D(L),M(L)",Jordi Alba,33, D(L),M(L),,30,2648,2,10,11,-,1,86.6,0.5,2,6.99
30,"31Toni KroosReal Madrid, 32, M(C)",Toni Kroos,32, M(C),,,25(3),2112,1,3,4,-,1.6,94.9,0.3,1,6.98
31,"32Gabriel PaulistaValencia, 31, D(CR)",Gabriel Paulista,31, D(CR),,,19,1602,2,1,2,-,0.3,77.7,2,3,6.98
32,"33Pierre-Emerick AubameyangBarcelona, 32, M(CLR),FW",Pierre-Emerick Aubameyang,32, M(CLR),FW,,13(4),1092,11,1,-,-,2.2,75.5,0.4,3,6.98
33,"34Eder MilitãoReal Madrid, 24, D(CR)",Eder Militão,24, D(CR),,,34,3033,1,2,5,-,1,89.3,2.4,3,6.97
34,"35Ferland MendyReal Madrid, 26, D(L),M(L)",Ferland Mendy,26, D(L),M(L),,20(2),1739,2,1,4,-,0.5,92,0.5,-,6.96
35,"36Etienne CapoueVillarreal, 33, D(C),M(CL)",Etienne Capoue,33, D(C),M(CL),,26(4),2298,1,1,9,-,0.5,88.4,1.8,3,6.96
36,"37José Luis MoralesLevante, 34, D(R),M(CLR),FW",José Luis Morales,34, D(R),M(CLR),FW,31(4),2727,13,7,7,-,2.3,72.8,0.5,6,6.96
37,"38Marcos AcuñaSevilla, 30, D(L),M(CL)",Marcos Acuña,30, D(L),M(CL),,26(5),2266,1,3,10,-,0.5,84.2,0.7,3,6.96
38,"39Marc BartraReal Betis, 31, D(CR),DMC",Marc Bartra,31, D(CR),DMC,,23,1994,1,-,5,-,0.7,82.4,2.7,1,6.95
39,"40Íñigo MartínezAthletic Bilbao, 31, D(C)",Íñigo Martínez,31, D(C),,,26(1),2344,3,-,7,2,1,79.2,2.7,2,6.94
40,"41Abdessamad EzzalzouliBarcelona, 20, Forward",Abdessamad Ezzalzouli,20, Forward,,,6(4),582,1,-,4,-,1.6,76.2,0.3,1,6.94
41,"42Juan FoythVillarreal, 24, D(CR),DMC",Juan Foyth,24, D(CR),DMC,,22(3),1932,1,1,4,1,0.2,84.3,1.4,1,6.94
42,"43David GarcíaOsasuna, 28, D(C)",David García,28, D(C),,,35,3106,4,-,8,-,0.9,80,3.9,3,6.94
43,"44Enes ÜnalGetafe, 25, FW",Enes Ünal,25, FW,,,33(4),2812,16,1,8,-,2.3,61.5,3.9,6,6.94
44,"45Sergio CanalesReal Betis, 31, M(CLR)",Sergio Canales,31, M(CLR),,,33(1),2803,5,7,7,-,1.6,85,0.3,2,6.94
45,"46Martín MontoyaReal Betis, 31, D(LR),M(R)",Martín Montoya,31, D(LR),M(R),,6,519,-,1,2,-,0.8,82.7,1.7,-,6.94
46,"47Pablo MaffeoMallorca, 24, D(R),M(R)",Pablo Maffeo,24, D(R),M(R),,35,2952,1,3,10,-,0.8,70.4,1.7,1,6.93
47,"48Jesús VallejoReal Madrid, 25, D(CR)",Jesús Vallejo,25, D(CR),,,4(1),341,-,-,1,-,-,86.6,2.2,-,6.93
48,"49Mauro ArambarriGetafe, 26, DMC",Mauro Arambarri,26, DMC,,,31,2667,-,5,13,-,1.2,77.6,0.9,2,6.93
49,"50JuanmiReal Betis, 29, AM(CLR),FW",Juanmi,29, AM(CLR),FW,,26(7),2149,16,4,5,-,1.7,78.1,1,4,6.93
50,"51Gerard PiquéBarcelona, 35, D(C)",Gerard Piqué,35, D(C),,,25(2),2097,1,-,8,1,0.7,90,3,1,6.93
51,"52Carlos SolerValencia, 25, M(CLR)",Carlos Soler,25, M(CLR),,,28(4),2485,11,5,4,-,1.3,74.4,0.4,1,6.93
52,"53Martin BraithwaiteBarcelona, 31, AM(CLR),FW",Martin Braithwaite,31, AM(CLR),FW,,3(1),237,2,1,-,-,1.8,81.5,0.8,1,6.93
53,"54Guido RodríguezReal Betis, 28, DMC",Guido Rodríguez,28, DMC,,,29(3),2533,1,2,7,1,0.7,85.5,1,-,6.92
54,"55Lucas TorróOsasuna, 27, DMC",Lucas Torró,27, DMC,,,32(1),2734,1,-,10,-,1,77.8,4,1,6.92
55,"56Álex MorenoReal Betis, 28, D(L),M(L)",Álex Moreno,28, D(L),M(L),,28(2),2408,5,3,4,1,0.9,76.2,0.8,2,6.92
56,"57Mathew RyanReal Sociedad, 30, GK",Mathew Ryan,30, GK,,,3,270,-,-,-,-,-,57,0.3,1,6.92
57,"58Jules KoundéSevilla, 23, D(CR)",Jules Koundé,23, D(CR),,,31(1),2738,2,1,2,2,0.4,88.9,2.4,3,6.92
58,"59Arnaut DanjumaVillarreal, 25, AM(L),FW",Arnaut Danjuma,25, AM(L),FW,,17(6),1478,10,3,2,-,2.7,77,0.1,3,6.91
59,"60Frenkie de JongBarcelona, 25, D(C),DMC",Frenkie de Jong,25, D(C),DMC,,30(2),2486,3,3,5,1,0.5,91.3,0.8,5,6.91
60,"61João FélixAtletico, 22, AM(CL),FW",João Félix,22, AM(CL),FW,,13(11),1267,8,4,1,1,1.6,75,0.8,2,6.91
61,"62Lucas BoyéElche, 26, AM(L),FW",Lucas Boyé,26, AM(L),FW,,22(2),1724,7,3,3,-,2,73.4,1.3,3,6.91
62,"63Mikel OyarzabalReal Sociedad, 25, AM(CLR),FW",Mikel Oyarzabal,25, AM(CLR),FW,,19(3),1674,9,3,-,1,1.9,74.8,1,4,6.9
63,"64David SilvaReal Sociedad, 36, M(CLR),FW",David Silva,36, M(CLR),FW,,22(3),1734,2,4,4,1,0.8,88.1,0.6,3,6.9
64,"65Giovani Lo CelsoVillarreal, 26, M(CR),FW",Giovani Lo Celso,26, M(CR),FW,,11(5),998,1,1,2,-,1.1,83.8,0.2,-,6.89
65,"66Marco AsensioReal Madrid, 26, AM(CLR)",Marco Asensio,26, AM(CLR),,,19(12),1729,10,-,2,-,2.1,87.7,-,1,6.89
66,"67Yuri BerchicheAthletic Bilbao, 32, D(L),M(L)",Yuri Berchiche,32, D(L),M(L),,11(3),1016,1,2,3,-,0.6,79.3,1.5,-,6.89
67,"68Ferran TorresBarcelona, 22, AM(LR),FW",Ferran Torres,22, AM(LR),FW,,17(1),1418,4,4,1,-,2.9,84.6,0.7,-,6.88
68,"69Germán PezzellaReal Betis, 30, D(C)",Germán Pezzella,30, D(C),,,22(1),1991,1,-,5,1,0.8,87.4,2.5,-,6.87
69,"70Héctor BellerínReal Betis, 27, D(R),M(R)",Héctor Bellerín,27, D(R),M(R),,22(1),1979,-,2,2,1,0.4,77.8,1.2,1,6.87
70,"71Ilias AkhomachBarcelona, 18, Forward",Ilias Akhomach,18, Forward,,,2,126,-,-,-,-,2,87.8,0.5,-,6.87
71,"72Alfonso PedrazaVillarreal, 26, D(L),M(L)",Alfonso Pedraza,26, D(L),M(L),,19(9),1706,4,4,2,-,0.8,77.2,0.5,4,6.86
72,"73Robin Le NormandReal Sociedad, 25, D(C)",Robin Le Normand,25, D(C),,,37,3330,1,1,7,-,0.5,88,2.9,1,6.86
73,"74Erik LamelaSevilla, 30, AM(CLR)",Erik Lamela,30, AM(CLR),,,10(10),1016,5,2,5,-,1.1,86.3,0.5,3,6.86
74,"75Pau TorresVillarreal, 25, D(C)",Pau Torres,25, D(C),,,33,2858,5,1,5,-,0.7,85.8,1.8,1,6.86
75,"76Santiago ComesañaRayo Vallecano, 25, M(C)",Santiago Comesaña,25, M(C),,,32(3),2698,1,2,10,1,0.9,82.7,1.7,-,6.86
76,"77Daniel CarvajalReal Madrid, 30, D(R)",Daniel Carvajal,30, D(R),,,17(7),1553,1,3,1,-,0.4,87.4,0.6,2,6.85
77,"78Sergi DarderEspanyol, 28, M(CL)",Sergi Darder,28, M(CL),,,36,3136,3,9,4,-,1.2,85.4,0.3,-,6.85
78,"79Oier OlazábalEspanyol, 32, GK",Oier Olazábal,32, GK,,,1(1),135,-,-,-,-,-,50,0.5,-,6.85
79,"80Ronald AraújoBarcelona, 23, D(C)",Ronald Araújo,23, D(C),,,25(5),2271,4,-,6,-,0.6,90.2,2,3,6.84
80,"81Luis MillaGranada, 27, DMC",Luis Milla,27, DMC,,,33(1),2785,3,3,4,-,0.6,83.6,0.9,1,6.84
81,"82Brais MéndezCelta Vigo, 25, AM(CR),FW",Brais Méndez,25, AM(CR),FW,,36(1),3036,4,5,8,-,1.5,80.3,1.2,2,6.83
82,"83Ivan RakiticSevilla, 34, M(C)",Ivan Rakitic,34, M(C),,,26(9),2188,4,6,5,-,0.9,85.9,1.1,4,6.83
83,"84José GiménezAtletico, 27, D(CR)",José Giménez,27, D(CR),,,24,2047,1,1,8,-,0.8,88.6,1.8,-,6.82
84,"85Eduardo CamavingaReal Madrid, 19, DMC",Eduardo Camavinga,19, DMC,,,13(13),1233,2,1,9,-,0.5,90,1.1,1,6.82
85,"86Yeray ÁlvarezAthletic Bilbao, 27, D(C)",Yeray Álvarez,27, D(C),,,21(1),1860,-,-,6,-,0.3,82,2.6,1,6.82
86,"87Alfonso EspinoCadiz, 30, D(L)",Alfonso Espino,30, D(L),,,37,3330,2,2,6,-,0.7,64.4,1.2,-,6.82
87,"88Santi MinaCelta Vigo, 26, AM(LR),FW",Santi Mina,26, AM(LR),FW,,30(3),2380,7,3,4,-,1.8,66.7,3.9,2,6.82
88,"89Geoffrey KondogbiaAtletico, 29, D(C),DMC",Geoffrey Kondogbia,29, D(C),DMC,,21(7),1885,1,2,9,2,0.5,86,1.4,-,6.81
89,"90Julen AgirrezabalaAthletic Bilbao, 21, Goalkeeper",Julen Agirrezabala,21, Goalkeeper,,,4,360,-,-,-,-,-,71.4,-,-,6.81
90,"91Saúl ÑíguezAtletico, 27, D(CL),M(CLR)",Saúl Ñíguez,27, D(CL),M(CLR),,2(1),200,-,1,-,-,1.3,86.8,2,-,6.81
91,"92Álvaro GarcíaRayo Vallecano, 29, AM(L)",Álvaro García,29, AM(L),,,34(2),3006,7,4,6,-,1.9,70.2,0.1,1,6.81
92,"93Thomas LemarAtletico, 26, AM(CLR)",Thomas Lemar,26, AM(CLR),,,17(7),1450,4,5,2,-,1.2,85.3,0.5,2,6.8
93,"94Rodrigo de PaulAtletico, 28, AM(CLR),FW",Rodrigo de Paul,28, AM(CLR),FW,,24(12),2155,3,1,7,-,0.7,81.9,0.5,5,6.8
94,"95Jeremías LedesmaCadiz, 29, GK",Jeremías Ledesma,29, GK,,,38,3420,-,-,4,-,-,47.4,0.4,3,6.8
95,"96Dani VivianAthletic Bilbao, 22, D(C)",Dani Vivian,22, D(C),,,22(2),1985,2,1,2,-,0.7,83.4,1.3,1,6.8
96,"97Antoine GriezmannAtletico, 31, AM(CLR),FW",Antoine Griezmann,31, AM(CLR),FW,,21(5),1709,3,4,3,-,1.7,80.7,1.2,-,6.8
97,"98Stefan SavicAtletico, 31, D(C)",Stefan Savic,31, D(C),,,28,2440,-,-,12,-,0.5,82.3,2.6,-,6.8
98,"99William CarvalhoReal Betis, 30, DMC",William Carvalho,30, DMC,,,20(13),1806,2,3,6,-,1,88,1,1,6.8
99,"100Alejandro CatenaRayo Vallecano, 27, D(C)",Alejandro Catena,27, D(C),,,36,3240,2,2,8,-,0.6,81.3,3.4,1,6.8
100,"101Thibaut CourtoisReal Madrid, 30, GK",Thibaut Courtois,30, GK,,,36,3240,-,-,1,-,-,79.2,0.2,-,6.79
101,"102Omar AldereteValencia, 25, D(C)",Omar Alderete,25, D(C),,,28(1),2412,2,-,15,-,0.6,60.8,2.4,1,6.79
102,"103Oussama IdrissiCadiz, 26, AM(LR)",Oussama Idrissi,26, AM(LR),,,11(1),910,1,1,2,-,1.8,81.7,-,1,6.79
103,"104Kevin VázquezCelta Vigo, 29, D(R)",Kevin Vázquez,29, D(R),,,16(1),1332,-,1,3,-,0.2,78.3,1.1,-,6.79
104,"105GaviBarcelona, 17, AM(CL)",Gavi,17, AM(CL),,,28(6),2331,2,5,9,1,0.9,89.3,0.9,1,6.79
105,"106RafinhaReal Sociedad, 29, M(CLR)",Rafinha,29, M(CLR),,,13(4),1060,1,-,3,-,0.8,88.5,0.8,-,6.78
106,"107Samuel ChukwuezeVillarreal, 23, AM(CR)",Samuel Chukwueze,23, AM(CR),,,12(15),1330,3,3,4,-,1.2,75.2,0.3,1,6.78
107,"108Nacho VidalOsasuna, 27, D(R)",Nacho Vidal,27, D(R),,,33(2),2906,-,1,9,-,0.6,71,2,-,6.78
108,"109Denis SuárezCelta Vigo, 28, M(CLR)",Denis Suárez,28, M(CLR),,,33(5),2839,4,6,4,-,0.6,83.6,0.4,1,6.78
109,"110Diego LópezEspanyol, 40, GK",Diego López,40, GK,,,36,3179,-,-,4,-,-,68.6,0.4,1,6.78
110,"111Alex BerenguerAthletic Bilbao, 26, D(LR),M(CLR),FW",Alex Berenguer,26, D(LR),M(CLR),FW,24(10),2174,3,6,8,-,1.4,71.5,1.5,3,6.78
111,"112Cristiano PicciniValencia, 29, D(R)",Cristiano Piccini,29, D(R),,,3(3),322,1,-,1,-,0.5,65.7,0.3,1,6.77
112,"113Edgar BadiaElche, 30, GK",Edgar Badia,30, GK,,,24,2160,-,-,2,-,-,63.9,0.4,2,6.77
113,"114Aritz ElustondoReal Sociedad, 28, D(CR)",Aritz Elustondo,28, D(CR),,,22(8),2102,4,1,3,1,0.5,83.8,1.9,3,6.77
114,"115ReinildoAtletico, 28, D(CL),M(L)",Reinildo,28, D(CL),M(L),,15(2),1300,-,-,5,-,0.1,83.6,1.4,-,6.77
115,"116Lucas OcamposSevilla, 27, M(CLR),FW",Lucas Ocampos,27, M(CLR),FW,,23(7),2128,6,4,7,-,1.7,82.3,0.9,2,6.76
116,"117Óscar De MarcosAthletic Bilbao, 33, D(LR),M(CR)",Óscar De Marcos,33, D(LR),M(CR),,19(3),1685,1,2,4,-,0.1,74.2,1,-,6.76
117,"118Yassine BounouSevilla, 31, GK",Yassine Bounou,31, GK,,,31,2790,-,2,2,-,-,74,0.2,2,6.76
118,"119Juan MirandaReal Betis, 22, D(L)",Juan Miranda,22, D(L),,,9(4),782,-,2,3,-,0.5,79.1,0.9,-,6.76
119,"120Sergiño DestBarcelona, 21, D(LR),M(R)",Sergiño Dest,21, D(LR),M(R),,17(4),1516,-,3,2,-,0.6,92.4,0.3,-,6.76
120,"121Federico ValverdeReal Madrid, 23, M(CLR)",Federico Valverde,23, M(CLR),,,19(12),1832,-,1,2,-,1.1,89.7,0.5,-,6.76
121,"122Ante BudimirOsasuna, 30, FW",Ante Budimir,30, FW,,,20(8),1741,8,2,3,-,1.6,58,3.9,2,6.76
122,"123Martín ZubimendiReal Sociedad, 23, DMC",Martín Zubimendi,23, DMC,,,26(10),2587,2,1,4,-,0.6,85.7,1.8,1,6.76
123,"124José CampañaLevante, 29, M(CLR)",José Campaña,29, M(CLR),,,16(4),1429,2,2,6,1,0.7,85.9,0.9,1,6.75
124,"125David AlabaReal Madrid, 29, D(CL),M(CL)",David Alaba,29, D(CL),M(CL),,30,2645,2,3,2,-,0.7,92.6,0.5,1,6.75
125,"126Diego CarlosSevilla, 29, D(C)",Diego Carlos,29, D(C),,,34,2961,3,-,2,1,0.9,87.6,2.4,1,6.75
126,"127Edgar GonzálezReal Betis, 25, D(C),DMC",Edgar González,25, D(C),DMC,,14(7),1457,1,1,6,-,0.2,88,1.5,-,6.74
127,"128Diego RicoReal Sociedad, 29, D(CL),M(L)",Diego Rico,29, D(CL),M(L),,19(2),1647,-,-,4,-,0.5,75.6,1.2,-,6.74
128,"129Adama TraoréBarcelona, 26, M(CLR),FW",Adama Traoré,26, M(CLR),FW,,4(7),379,-,2,-,-,0.8,85.2,0.5,1,6.74
129,"130Sergio AsenjoVillarreal, 32, GK",Sergio Asenjo,32, GK,,,6,540,-,-,1,-,-,78.2,0.3,-,6.74
130,"131Leandro CabreraEspanyol, 30, D(CL)",Leandro Cabrera,30, D(CL),,,37,3330,2,-,7,-,0.5,76.6,2.3,1,6.74
131,"132Álvaro NegredoCadiz, 36, FW",Álvaro Negredo,36, FW,,,24(10),2157,7,2,3,-,2,60,3.4,3,6.74
132,"133Darwin MachísGranada, 29, AM(LR)",Darwin Machís,29, AM(LR),,,16(9),1381,4,2,2,-,1.5,71.4,0.5,1,6.73
133,"134Luís MaximianoGranada, 23, GK",Luís Maximiano,23, GK,,,35,3137,-,-,2,-,-,48.1,0.2,2,6.73
134,"135Dani RodríguezMallorca, 34, AM(CLR)",Dani Rodríguez,34, AM(CLR),,,33(3),2841,3,3,7,-,1.2,78.6,1.1,1,6.73
135,"136Lucas VázquezReal Madrid, 30, D(R),M(R)",Lucas Vázquez,30, D(R),M(R),,20(9),1835,3,-,3,-,0.6,89.3,0.1,-,6.73
136,"137Papu GómezSevilla, 34, M(CL),FW",Papu Gómez,34, M(CL),FW,,19(10),1792,5,1,4,-,1.2,89,0.3,2,6.73
137,"138Alexander IsakReal Sociedad, 22, FW",Alexander Isak,22, FW,,,26(6),2157,6,2,6,-,2.3,74.3,0.9,-,6.73
138,"139Carlos AkapoCadiz, 29, D(LR)",Carlos Akapo,29, D(LR),,,21(4),1847,-,-,4,-,0.4,75.2,1.5,1,6.72
139,"140Víctor RuizReal Betis, 33, D(C)",Víctor Ruiz,33, D(C),,,17(1),1425,-,-,2,-,0.4,87,2.6,-,6.72
140,"141Stole DimitrievskiRayo Vallecano, 28, GK",Stole Dimitrievski,28, GK,,,30(1),2771,-,-,-,-,-,50.3,0.4,1,6.72
141,"142Jorge CuencaGetafe, 22, D(C)",Jorge Cuenca,22, D(C),,,31(1),2686,1,-,6,2,0.5,68,2.5,1,6.72
142,"143Manu TriguerosVillarreal, 30, M(CLR),FW",Manu Trigueros,30, M(CLR),FW,,27(8),2191,6,4,3,-,1.2,80.3,0.5,-,6.72
143,"144Iñaki WilliamsAthletic Bilbao, 27, AM(CLR),FW",Iñaki Williams,27, AM(CLR),FW,,32(6),2787,8,5,4,-,2.5,67.7,1.3,1,6.71
144,"145Sergio HerreraOsasuna, 29, GK",Sergio Herrera,29, GK,,,36,3240,-,-,3,-,-,54.8,0.3,2,6.71
145,"146Gerónimo RulliVillarreal, 30, GK",Gerónimo Rulli,30, GK,,,32,2880,-,-,2,-,-,79.2,0.4,1,6.71
146,"147Jorge MolinaGranada, 40, FW",Jorge Molina,40, FW,,,19(16),1958,10,5,2,-,1.3,64.1,2.6,5,6.71
147,"148Giorgi MamardashviliValencia, 21, GK",Giorgi Mamardashvili,21, GK,,,18,1620,-,-,2,-,-,51.3,0.3,2,6.71
148,"149Franco CerviCelta Vigo, 28, AM(CL)",Franco Cervi,28, AM(CL),,,22(12),1811,4,3,6,-,0.6,80.1,0.5,1,6.71
149,"150Mamadou LoumDeportivo Alaves, 25, DMC",Mamadou Loum,25, DMC,,,26(6),2317,2,-,10,-,1,72.9,3.1,1,6.7
150,"151MarceloReal Madrid, 34, D(L),M(L)",Marcelo,34, D(L),M(L),,5(7),521,-,2,-,-,0.7,85.8,0.3,-,6.7
151,"152Marko DmitrovicSevilla, 30, GK",Marko Dmitrovic,30, GK,,,7,541,-,-,1,-,-,80.7,0.1,-,6.7
152,"153Rubén GarcíaOsasuna, 28, AM(CLR),FW",Rubén García,28, AM(CLR),FW,,30(7),2399,1,6,1,-,0.9,77.9,0.8,3,6.7
153,"154Antonio BlancoReal Madrid, 21, Midfielder",Antonio Blanco,21, Midfielder,,,0(1),31,-,-,-,-,-,90,-,-,6.7
154,"155Álex RemiroReal Sociedad, 27, GK",Álex Remiro,27, GK,,,35,3150,-,-,1,-,-,73.1,0.1,1,6.7
155,"156Ansu FatiBarcelona, 19, AM(L)",Ansu Fati,19, AM(L),,,3(7),334,4,-,-,-,1.8,85.1,0.1,-,6.7
156,"157Jorge de FrutosLevante, 25, AM(R)",Jorge de Frutos,25, AM(R),,,20(5),1766,4,7,4,-,1.8,70.5,0.3,2,6.7
157,"158Adrián EmbarbaEspanyol, 30, AM(CLR),FW",Adrián Embarba,30, AM(CLR),FW,,24(8),1998,-,2,4,-,1.5,75.5,0.5,1,6.69
158,"159Thomas DelaneySevilla, 30, DMC",Thomas Delaney,30, DMC,,,15(11),1545,2,1,2,1,0.7,78.3,2.1,2,6.69
159,"160Damián SuárezGetafe, 34, D(R),M(R)",Damián Suárez,34, D(R),M(R),,31(4),2721,-,3,13,-,0.4,71,0.7,1,6.69
160,"161FernandoSevilla, 34, DMC",Fernando,34, DMC,,,21(3),1851,1,1,6,-,0.3,89.2,1.5,-,6.69
161,"162Johan MojicaElche, 29, D(L),M(L)",Johan Mojica,29, D(L),M(L),,32(1),2857,2,5,4,1,0.5,77.4,0.8,3,6.69
162,"163Marcelo SaracchiLevante, 24, D(L)",Marcelo Saracchi,24, D(L),,,2(2),186,-,1,2,-,-,81.9,0.3,-,6.69
163,"164Lucas OlazaElche, 27, D(L),M(L)",Lucas Olaza,27, D(L),M(L),,3(2),293,1,-,1,-,0.8,80.6,0.2,1,6.69
164,"165Helibelton PalaciosElche, 28, D(R)",Helibelton Palacios,28, D(R),,,22(4),1932,-,-,6,-,-,78.7,1,-,6.69
165,"166Nahuel TenagliaDeportivo Alaves, 26, D(CR)",Nahuel Tenaglia,26, D(CR),,,12(2),1073,-,-,2,-,0.4,59.9,1.6,-,6.68
166,"167Adrià PedrosaEspanyol, 24, D(L),M(L)",Adrià Pedrosa,24, D(L),M(L),,31,2723,1,1,8,-,0.8,77.8,0.5,1,6.68
167,"168Luis SuárezGranada, 24, AM(L),FW",Luis Suárez,24, AM(L),FW,,34(3),2857,8,4,6,-,2.3,67.3,1.5,2,6.68
168,"169Jesús CoronaSevilla, 29, D(R),M(CLR),FW",Jesús Corona,29, D(R),M(CLR),FW,12(6),1161,2,4,2,-,0.7,82.2,0.4,1,6.68
169,"170Rui SilvaReal Betis, 28, GK",Rui Silva,28, GK,,,21(1),1963,-,-,2,-,-,66.9,0.2,-,6.68
170,"171Lucas PérezCadiz, 33, AM(CR),FW",Lucas Pérez,33, AM(CR),FW,,11(4),1061,3,2,1,-,1,81.6,0.1,1,6.68
171,"172Oihan SancetAthletic Bilbao, 22, AM(C),FW",Oihan Sancet,22, AM(C),FW,,16(11),1426,6,4,2,-,1.1,78.2,0.6,2,6.68
172,"173Iñigo Ruiz de GalarretaMallorca, 28, DMC",Iñigo Ruiz de Galarreta,28, DMC,,,17(5),1390,-,-,4,-,0.4,82.6,0.8,-,6.68
173,"174Borja MayoralGetafe, 25, FW",Borja Mayoral,25, FW,,,11(7),1049,6,1,3,-,0.9,73.5,1.2,1,6.68
174,"175Gonzalo EscalanteDeportivo Alaves, 29, DMC",Gonzalo Escalante,29, DMC,,,15(2),1307,5,-,6,1,0.9,66.8,2.1,-,6.67
175,"176Marcos LlorenteAtletico, 27, D(R),M(CR),FW",Marcos Llorente,27, D(R),M(CR),FW,29,2456,-,2,5,-,0.6,84.8,0.6,-,6.67
176,"177Ángel CorreaAtletico, 27, AM(CLR),FW",Ángel Correa,27, AM(CLR),FW,,21(15),1860,12,5,3,1,1.4,76.5,0.2,2,6.67
177,"178Raúl AlbiolVillarreal, 36, D(C)",Raúl Albiol,36, D(C),,,28,2467,-,-,8,-,0.2,86,1.5,-,6.67
178,"179Nemanja MaksimovicGetafe, 27, M(C)",Nemanja Maksimovic,27, M(C),,,34(1),2943,1,1,4,-,0.9,77.7,1.3,1,6.67
179,"180Isi PalazónRayo Vallecano, 27, AM(R)",Isi Palazón,27, AM(R),,,27(7),2301,2,4,7,-,1.7,74.3,1.4,3,6.67
180,"181FidelElche, 32, M(CLR)",Fidel,32, M(CLR),,,29(4),2283,5,6,9,-,0.5,78.7,0.2,1,6.67
181,"182KokeAtletico, 30, M(CLR)",Koke,30, M(CLR),,,29(2),2512,1,2,6,-,0.4,86.5,0.4,1,6.66
182,"183Andoni GorosabelReal Sociedad, 25, D(R)",Andoni Gorosabel,25, D(R),,,25(7),2298,-,4,4,-,0.3,84.9,0.7,-,6.66
183,"184RodrygoReal Madrid, 21, AM(CLR)",Rodrygo,21, AM(CLR),,,17(16),1528,4,4,3,-,1,86.1,0.4,2,6.66
184,"185Óscar ValentínRayo Vallecano, 27, DMC",Óscar Valentín,27, DMC,,,29(6),2580,-,-,8,-,0.3,83.8,1.1,-,6.65
185,"186Thierry CorreiaValencia, 23, D(R),M(R)",Thierry Correia,23, D(R),M(R),,18(1),1424,-,1,5,-,0.2,70.7,1,-,6.65
186,"187Rubén DuarteDeportivo Alaves, 26, D(CL)",Rubén Duarte,26, D(CL),,,31(3),2630,-,4,10,1,0.3,67.7,1.6,-,6.65
187,"188NachoReal Madrid, 32, D(CLR)",Nacho,32, D(CLR),,,17(11),1549,3,-,7,-,0.4,93,1,-,6.65
188,"189Fran GarcíaRayo Vallecano, 22, D(L)",Fran García,22, D(L),,,34,3027,1,-,4,-,0.7,80.1,0.7,-,6.65
189,"190Francis CoquelinVillarreal, 31, M(CLR)",Francis Coquelin,31, M(CLR),,,8(12),828,2,1,3,-,0.3,86,0.8,1,6.65
190,"191Jesús NavasSevilla, 36, D(R),M(R)",Jesús Navas,36, D(R),M(R),,19(6),1788,-,3,4,-,0.4,81,0.6,1,6.64
191,"192Alberto MorenoVillarreal, 29, D(L),M(L)",Alberto Moreno,29, D(L),M(L),,13(11),1223,3,2,3,-,0.9,85.6,0.3,1,6.64
192,"193David SoriaGetafe, 29, GK",David Soria,29, GK,,,38,3415,-,-,4,-,-,51,0.4,1,6.64
193,"194Shkodran MustafiLevante, 30, D(CR)",Shkodran Mustafi,30, D(CR),,,8(3),658,1,-,1,-,0.4,78.4,2.2,1,6.64
194,"195Yangel HerreraEspanyol, 24, M(C)",Yangel Herrera,24, M(C),,,19(4),1650,1,1,5,1,0.7,81.7,2.4,3,6.64
195,"196Matías DituroCelta Vigo, 35, GK",Matías Dituro,35, GK,,,38,3420,-,-,1,-,-,60.2,0.2,2,6.64
196,"197Yeremi PinoVillarreal, 19, AM(R)",Yeremi Pino,19, AM(R),,,21(10),1688,6,4,2,-,0.9,78.9,0.5,2,6.63
197,"198Youssouf SabalyReal Betis, 29, D(LR),M(R)",Youssouf Sabaly,29, D(LR),M(R),,9(1),789,-,1,1,-,0.4,84.6,1,-,6.63
198,"199José GayàValencia, 27, D(L),M(L)",José Gayà,27, D(L),M(L),,22(2),1875,2,4,6,2,0.8,75.7,0.3,1,6.63
199,"200Pedro BigasElche, 32, D(CL)",Pedro Bigas,32, D(CL),,,19,1556,1,-,6,-,0.6,86.9,1.9,-,6.63
200,"201Aïssa MandiVillarreal, 30, D(CLR)",Aïssa Mandi,30, D(CLR),,,14(3),1374,1,-,3,-,0.6,93,1.5,-,6.63
201,"202Iddrisu BabaMallorca, 26, DMC",Iddrisu Baba,26, DMC,,,23(3),1945,1,1,9,-,0.9,79.8,1.6,3,6.63
202,"203Eric GarcíaBarcelona, 21, D(C)",Eric García,21, D(C),,,23(3),2044,-,-,5,1,0.2,93.2,1.2,-,6.62
203,"204Iván AlejoCadiz, 27, AM(R)",Iván Alejo,27, AM(R),,,11(9),1071,2,2,7,-,0.6,72,0.6,1,6.62
204,"205Joan JordánSevilla, 27, M(C)",Joan Jordán,27, M(C),,,31(5),2530,-,1,9,-,0.4,88.5,0.3,-,6.62
205,"206Boulaye DiaVillarreal, 25, AM(R),FW",Boulaye Dia,25, AM(R),FW,,13(12),1267,5,5,3,-,1.5,75.3,1.2,-,6.62
206,"207José Manuel CalderónReal Betis, 22, Forward",José Manuel Calderón,22, Forward,,,0(1),64,-,-,-,-,-,97.4,-,-,6.62
207,"208Óscar DuarteLevante, 33, D(C),DMC",Óscar Duarte,33, D(C),DMC,,20(3),1775,2,-,5,-,0.8,83.6,3,-,6.62
208,"209Hugo MalloCelta Vigo, 30, D(CR),M(R)",Hugo Mallo,30, D(CR),M(R),,21,1830,1,1,3,2,0.8,76.8,2,-,6.62
209,"210Leo RománMallorca, 21, Goalkeeper",Leo Román,21, Goalkeeper,,,2,180,-,-,-,-,-,66.7,-,-,6.62
210,"211Óscar GilEspanyol, 24, D(R)",Óscar Gil,24, D(R),,,20(2),1698,-,2,7,-,0.3,85.3,0.3,1,6.61
211,"212Jens JønssonCadiz, 29, D(C),DMC",Jens Jønsson,29, D(C),DMC,,17(5),1315,-,1,3,-,0.3,76.1,1.3,-,6.61
212,"213Jon MoncayolaOsasuna, 24, DMC",Jon Moncayola,24, DMC,,,33(3),2923,2,3,3,-,1.1,82.1,0.5,-,6.61
213,"214Fran BeltránCelta Vigo, 23, DMC",Fran Beltrán,23, DMC,,,31(6),2611,1,-,4,-,0.5,91.2,0.4,1,6.61
214,"215PepeluLevante, 23, DMC",Pepelu,23, DMC,,,23(6),2016,-,-,9,-,0.5,81.1,1.1,-,6.61
215,"216Maxime GonalonsGranada, 33, D(C),M(C)",Maxime Gonalons,33, D(C),M(C),,20(5),1556,-,2,6,-,0.4,84.5,1.4,2,6.61
216,"217Jon BautistaReal Sociedad, 26, FW",Jon Bautista,26, FW,,,0(1),45,-,-,-,-,1,85.7,1,-,6.61
217,"218Djené DakonamGetafe, 30, D(C)",Djené Dakonam,30, D(C),,,35,3117,-,1,11,1,0.1,77.5,1.5,1,6.61
218,"219Kiko CasillaElche, 35, GK",Kiko Casilla,35, GK,,,14,1260,-,-,3,-,-,61.9,0.2,-,6.61
219,"220Rubén RochinaGranada, 31, M(CLR)",Rubén Rochina,31, M(CLR),,,8(7),739,1,3,3,-,1,72.8,0.4,1,6.61
220,"221Jaume CostaMallorca, 34, D(LR),M(L)",Jaume Costa,34, D(LR),M(L),,21(4),1831,-,4,5,1,0.4,75.4,1,-,6.61
221,"222Jesús VázquezValencia, 19, Defender",Jesús Vázquez,19, Defender,,,8(7),813,-,-,-,-,0.3,72.8,0.8,-,6.6
222,"223Luis AbramGranada, 26, D(C)",Luis Abram,26, D(C),,,6(2),560,-,-,2,-,0.3,84.8,0.9,-,6.6
223,"224IscoReal Madrid, 30, M(CLR),FW",Isco,30, M(CLR),FW,,3(11),323,1,-,1,-,0.6,90.7,0.3,-,6.6
224,"225Unai SimónAthletic Bilbao, 24, GK",Unai Simón,24, GK,,,34,3060,-,-,3,-,-,66.6,0.2,-,6.6
225,"226Maximiliano GómezValencia, 25, FW",Maximiliano Gómez,25, FW,,,21(8),1961,5,1,5,1,1.5,64.8,2.9,1,6.6
226,"227Antonio PuertasGranada, 30, M(LR)",Antonio Puertas,30, M(LR),,,25(8),2272,6,1,4,-,1,72.5,1.5,1,6.59
227,"228Anthony LozanoCadiz, 29, AM(L),FW",Anthony Lozano,29, AM(L),FW,,21(10),1680,7,2,8,-,1.6,67.1,1.4,2,6.59
228,"229Rubén SobrinoValencia, 30, AM(LR),FW",Rubén Sobrino,30, AM(LR),FW,,0(1),13,-,-,-,-,-,100,1,-,6.59
229,"230Eden HazardReal Madrid, 31, M(CLR),FW",Eden Hazard,31, M(CLR),FW,,7(11),714,-,1,2,-,0.7,90.9,0.1,-,6.59
230,"231Íñigo LekueAthletic Bilbao, 29, D(LR),M(LR)",Íñigo Lekue,29, D(LR),M(LR),,22(3),1928,-,2,3,-,0.3,72.5,0.7,-,6.59
231,"232Willian JoséReal Betis, 30, FW",Willian José,30, FW,,,19(13),1612,8,4,1,-,1.1,78.3,0.7,1,6.59
232,"233Daniel WassValencia, 33, D(LR),M(CLR)",Daniel Wass,33, D(LR),M(CLR),,19,1592,1,1,6,-,1.5,81.2,1.5,-,6.59
233,"234Martín MerquelanzRayo Vallecano, 26, Forward",Martín Merquelanz,26, Forward,,,3(1),176,-,-,-,-,0.5,73.7,0.8,-,6.58
234,"235Matt MiazgaDeportivo Alaves, 26, D(C)",Matt Miazga,26, D(C),,,9(2),831,-,-,2,-,0.6,75.9,2.9,-,6.58
235,"236Joseph AidooCelta Vigo, 26, D(C)",Joseph Aidoo,26, D(C),,,30(2),2641,-,-,1,-,0.2,81.2,1.9,1,6.58
236,"237Álex ColladoGranada, 23, AM(C)",Álex Collado,23, AM(C),,,13(4),1027,2,1,1,-,1,81.2,0.4,1,6.58
237,"238Paul AkouokouReal Betis, 24, DMC",Paul Akouokou,24, DMC,,,6(2),518,-,-,2,1,0.3,87.6,0.8,-,6.58
238,"239Unai GarcíaOsasuna, 30, D(C)",Unai García,30, D(C),,,15(3),1407,-,-,5,-,0.4,75.1,1.9,-,6.58
239,"240Youssef En-NesyriSevilla, 25, FW",Youssef En-Nesyri,25, FW,,,15(8),1282,5,1,1,-,1.6,66.5,2,-,6.58
240,"241Adnan JanuzajReal Sociedad, 27, AM(CLR)",Adnan Januzaj,27, AM(CLR),,,17(16),1626,3,-,5,-,1.3,75.6,0.3,1,6.57
241,"242Kieran TrippierAtletico, 31, D(R),M(R)",Kieran Trippier,31, D(R),M(R),,12(3),979,-,-,1,-,0.1,78.7,1.9,-,6.57
242,"243IzaCadiz, 29, D(R)",Iza,29, D(R),,,17(8),1546,-,1,2,-,0.4,78,0.6,2,6.57
243,"244Alexander SørlothReal Sociedad, 26, FW",Alexander Sørloth,26, FW,,,20(13),1760,4,-,2,-,1.1,73.6,1.5,1,6.56
244,"245Jofre CarrerasEspanyol, 20, Forward",Jofre Carreras,20, Forward,,,0(3),17,-,1,-,-,-,80,0.3,-,6.56
245,"246Omar MascarellElche, 29, DMC",Omar Mascarell,29, DMC,,,30(2),2504,-,-,6,-,0.4,85.4,1.3,-,6.56
246,"247Luis RiojaDeportivo Alaves, 28, AM(L)",Luis Rioja,28, AM(L),,,36(1),3128,1,3,3,-,1.2,69.6,0.5,-,6.56
247,"248Gareth BaleReal Madrid, 32, M(CLR),FW",Gareth Bale,32, M(CLR),FW,,4(1),283,1,-,2,-,3,72.9,1.4,-,6.56
248,"249Jasper CillessenValencia, 33, GK",Jasper Cillessen,33, GK,,,17,1458,-,1,1,-,-,61.2,0.1,-,6.56
249,"250NetoBarcelona, 32, GK",Neto,32, GK,,,3,270,-,-,-,-,-,79.5,-,-,6.56
250,"251Iván BalliuRayo Vallecano, 30, D(R)",Iván Balliu,30, D(R),,,35,3148,1,2,10,1,0.4,76.3,0.7,-,6.56
251,"252Raúl GarcíaAthletic Bilbao, 35, M(CLR),FW",Raúl García,35, M(CLR),FW,,24(11),1816,6,2,4,-,1.3,62,1.6,-,6.56
252,"253Mikel BalenziagaAthletic Bilbao, 34, D(L)",Mikel Balenziaga,34, D(L),,,23(3),2027,-,-,2,-,0.3,77.6,1.3,-,6.55
253,"254Manu SánchezOsasuna, 21, D(L)",Manu Sánchez,21, D(L),,,25(8),2260,1,3,5,-,0.2,74.7,0.3,1,6.55
254,"255Borja IglesiasReal Betis, 29, FW",Borja Iglesias,29, FW,,,18(15),1574,10,-,4,-,1.2,71.1,0.7,3,6.55
255,"256Rafa MirSevilla, 24, FW",Rafa Mir,24, FW,,,18(16),1804,10,-,6,-,1.8,67.6,1.7,1,6.54
256,"257Luis SuárezAtletico, 35, AM(CLR),FW",Luis Suárez,35, AM(CLR),FW,,20(15),1837,11,2,7,-,1.5,73.7,0.6,2,6.54
257,"258Ander BarrenetxeaReal Sociedad, 20, AM(LR)",Ander Barrenetxea,20, AM(LR),,,6(5),549,1,1,-,-,0.7,73.3,0.4,-,6.54
258,"259Luuk de JongBarcelona, 31, AM(C),FW",Luuk de Jong,31, AM(C),FW,,6(15),643,6,-,1,-,1.1,72,1.6,-,6.54
259,"260Takefusa KuboMallorca, 21, AM(CLR),FW",Takefusa Kubo,21, AM(CLR),FW,,17(11),1610,1,-,4,-,1.7,74.9,0.4,-,6.54
260,"261MarianoReal Madrid, 28, FW",Mariano,28, FW,,,3(6),340,1,1,2,-,1.6,70,1,-,6.54
261,"262Enis BardhiLevante, 26, M(CLR)",Enis Bardhi,26, M(CLR),,,17(13),1699,3,3,3,-,1.4,76.9,0.2,1,6.54
262,"263Lluís RecasensEspanyol, 20, Defender",Lluís Recasens,20, Defender,,,0(1),45,-,-,-,-,-,54.5,1,-,6.54
263,"264Álex FernándezCadiz, 29, AM(CL)",Álex Fernández,29, AM(CL),,,22(10),2051,3,2,2,-,0.7,81.8,0.6,1,6.54
264,"265Javier PuadoEspanyol, 24, AM(LR),FW",Javier Puado,24, AM(LR),FW,,26(4),2258,4,1,5,-,1.3,83.7,0.4,1,6.54
265,"266FaliCadiz, 28, D(C),DMC",Fali,28, D(C),DMC,,23(5),1813,-,2,6,-,0.5,76.7,1.1,-,6.54
266,"267Mario HermosoAtletico, 26, D(CL)",Mario Hermoso,26, D(CL),,,22(5),1872,2,1,6,1,0.6,87,1.8,1,6.54
267,"268Serge AurierVillarreal, 29, D(CLR),M(R)",Serge Aurier,29, D(CLR),M(R),,10(9),1003,-,1,4,-,0.6,85.9,1.1,-,6.53
268,"269Esteban SaveljichRayo Vallecano, 31, D(C)",Esteban Saveljich,31, D(C),,,21,1708,-,-,4,-,0.4,82.5,2.7,-,6.53
269,"270Sime VrsaljkoAtletico, 30, D(LR),M(R)",Sime Vrsaljko,30, D(LR),M(R),,10(11),910,1,2,4,-,0.2,77.2,1.6,1,6.53
270,"271Roger MartíLevante, 31, FW",Roger Martí,31, FW,,,25(4),2124,7,3,8,-,1.7,69.6,1.1,1,6.53
271,"272Samuel UmtitiBarcelona, 28, D(CL)",Samuel Umtiti,28, D(CL),,,1,90,-,-,1,-,-,87.2,3,-,6.53
272,"273Matheus CunhaAtletico, 23, AM(CL),FW",Matheus Cunha,23, AM(CL),FW,,8(21),1053,6,4,3,-,1.3,71,0.7,-,6.53
273,"274Nico GonzálezBarcelona, 20, M(C)",Nico González,20, M(C),,,12(15),1111,2,1,6,-,0.6,90,0.2,-,6.53
274,"275Sergi RobertoBarcelona, 30, D(R),M(CR)",Sergi Roberto,30, D(R),M(CR),,4(5),400,2,1,1,-,0.4,92,0.2,-,6.53
275,"276Antonio RaílloMallorca, 30, D(C)",Antonio Raíllo,30, D(C),,,17,1530,2,-,8,-,0.5,85.6,1.6,-,6.53
276,"277Kike PérezElche, 25, AM(C)",Kike Pérez,25, AM(C),,,5(7),518,2,-,1,-,0.8,74.9,1.2,-,6.53
277,"278Jonás RamalhoOsasuna, 28, D(CR)",Jonás Ramalho,28, D(CR),,,3,245,-,-,-,-,0.7,79.6,2.3,-,6.52
278,"279Ferran JutglàBarcelona, 23, Forward",Ferran Jutglà,23, Forward,,,4(2),303,1,-,1,-,1.7,85,1,-,6.52
279,"280FelipeAtletico, 33, D(C)",Felipe,33, D(C),,,15(11),1499,2,1,5,1,0.4,81.8,1.7,-,6.52
280,"281Salva SevillaMallorca, 38, M(CL)",Salva,38, M(CL),,,17(11),1510,5,3,2,-,0.9,84.2,0.1,-,6.52
281,"282Sergi GómezEspanyol, 30, D(CR)",Sergi Gómez,30, D(CR),,,31,2724,1,2,1,1,0.3,84.8,1.3,-,6.52
282,"283Pervis EstupiñánVillarreal, 24, D(L)",Pervis Estupiñán,24, D(L),,,17(11),1574,-,1,3,-,0.5,81.5,0.8,-,6.52
283,"284Pere MillaElche, 29, AM(CL),FW",Pere Milla,29, AM(CL),FW,,18(15),1640,8,3,5,-,0.9,72.4,1,2,6.51
284,"285Nemanja GudeljSevilla, 30, D(C),M(C)",Nemanja Gudelj,30, D(C),M(C),,9(12),1040,-,-,5,-,0.2,89.3,1.4,-,6.51
285,"286Néstor AraújoCelta Vigo, 30, D(C)",Néstor Araújo,30, D(C),,,29(5),2617,-,-,4,-,0.2,85.6,1.9,-,6.51
286,"287Óscar RodríguezGetafe, 23, AM(CLR)",Óscar Rodríguez,23, AM(CLR),,,9(9),946,-,1,3,-,1.4,79,0.5,-,6.51
287,"288Marc-André ter StegenBarcelona, 30, GK",Marc-André ter Stegen,30, GK,,,35,3150,-,-,3,-,-,85.9,0.2,-,6.51
288,"289Rubén SánchezEspanyol, 21, Defender",Rubén Sánchez,21, Defender,,,1(3),148,-,1,-,-,0.3,71.7,1.3,1,6.51
289,"290Sergio EscuderoGranada, 32, D(L),M(L)",Sergio Escudero,32, D(L),M(L),,15(12),1429,2,1,6,-,0.8,71.5,1.2,-,6.5
290,"291Gonzalo MeleroLevante, 28, AM(C),FW",Gonzalo Melero,28, AM(C),FW,,20(9),1697,7,2,5,-,0.8,85,1,2,6.5
291,"292Aridane HernándezOsasuna, 33, D(C)",Aridane Hernández,33, D(C),,,12(3),1159,-,-,1,-,0.1,79.7,1.5,-,6.5
292,"293Florian LejeuneDeportivo Alaves, 31, D(C)",Florian Lejeune,31, D(C),,,30,2700,-,-,7,1,0.7,78,2.4,-,6.5
293,"294Domingos DuarteGranada, 27, D(C)",Domingos Duarte,27, D(C),,,19(2),1689,1,-,7,1,0.3,77.3,1.9,-,6.5
294,"295Rubén SobrinoCadiz, 30, AM(LR),FW",Rubén Sobrino,30, AM(LR),FW,,19(14),1856,4,1,4,-,1,73.6,1.2,1,6.5
295,"296Víctor LaguardiaDeportivo Alaves, 32, D(C)",Víctor Laguardia,32, D(C),,,34,3044,3,2,9,-,0.4,75.2,1.9,1,6.5
296,"297Okay YokusluGetafe, 28, D(C),DMC",Okay Yokuslu,28, D(C),DMC,,5(6),463,-,-,1,-,0.4,79.5,0.9,1,6.49
297,"298JosanElche, 32, D(R),M(R)",Josan,32, D(R),M(R),,10(21),1200,2,3,2,-,0.4,78.7,0.1,-,6.49
298,"299Fernando PachecoDeportivo Alaves, 30, GK",Fernando Pacheco,30, GK,,,34,3054,-,-,1,-,-,59.7,0.1,1,6.49
299,"300Jorge MiramónLevante, 33, D(R),M(R)",Jorge Miramón,33, D(R),M(R),,22(7),1976,1,-,5,-,0.2,74.7,0.6,-,6.49
300,"301Héctor HerreraAtletico, 32, M(C)",Héctor Herrera,32, M(C),,,8(13),852,-,-,4,-,0.4,84.8,1.1,-,6.49
301,"302QuiniGranada, 32, D(LR)",Quini,32, D(LR),,,27(5),2305,-,1,11,-,0.5,69.6,0.8,-,6.49
302,"303Hugo DuroValencia, 22, AM(L),FW",Hugo Duro,22, AM(L),FW,,22(8),1847,7,1,2,1,1,71.8,1.3,-,6.49
303,"304Martin ValjentMallorca, 26, D(C)",Martin Valjent,26, D(C),,,36,3183,-,-,4,-,0.3,81.2,1.7,-,6.49
304,"305Óscar MinguezaBarcelona, 23, D(CR)",Óscar Mingueza,23, D(CR),,,9(10),892,-,1,2,-,0.1,89.3,0.5,-,6.49
305,"306Varazdat HaroyanCadiz, 29, D(C)",Varazdat Haroyan,29, D(C),,,16(1),1439,1,-,9,-,0.2,77.1,1.7,-,6.49
306,"307Sergi GuardiolaRayo Vallecano, 31, FW",Sergi Guardiola,31, FW,,,20(12),1716,8,2,3,-,1.6,69,0.8,1,6.49
307,"308Luis HernándezCadiz, 33, D(CR)",Luis Hernández,33, D(CR),,,15(1),1366,-,-,5,-,0.4,84.5,1,-,6.49
308,"309Aitor FernándezLevante, 31, GK",Aitor Fernández,31, GK,,,13,1167,-,-,1,1,-,65.1,0.2,1,6.49
309,"310Carlos NevaGranada, 25, D(L),M(L)",Carlos Neva,25, D(L),M(L),,24(2),2115,-,-,1,-,0.2,72.2,0.8,-,6.48
310,"311Antonio SiveraDeportivo Alaves, 25, GK",Antonio Sivera,25, GK,,,3(1),276,-,-,1,-,-,58.2,-,-,6.48
311,"312Unai VencedorAthletic Bilbao, 21, DMC",Unai Vencedor,21, DMC,,,29(5),2397,-,-,4,-,0.6,80.1,0.7,-,6.48
312,"313Aihen MuñozReal Sociedad, 24, D(L)",Aihen Muñoz,24, D(L),,,15(5),1345,-,-,2,1,0.4,78.6,1.3,-,6.48
313,"314Enzo RocoElche, 29, D(C)",Enzo Roco,29, D(C),,,29(1),2555,1,-,10,-,0.4,82.4,2,-,6.48
314,"315Germán SánchezGranada, 35, D(C)",Germán Sánchez,35, D(C),,,25(7),2298,2,1,9,1,0.4,74.5,2,-,6.47
315,"316Kike GarcíaOsasuna, 32, FW",Kike García,32, FW,,,18(15),1860,5,1,2,-,1.6,67.6,2.3,1,6.47
316,"317Karim RekikSevilla, 27, D(CL)",Karim Rekik,27, D(CL),,,11(7),1095,-,2,2,-,0.2,90.4,1.3,-,6.47
317,"318RodriReal Betis, 22, AM(R)",Rodri,22, AM(R),,,10(11),882,1,2,-,-,0.7,82.9,-,-,6.47
318,"319Mario GilaReal Madrid, 21, Defender",Mario Gila,21, Defender,,,0(2),24,-,-,-,-,-,86.4,-,-,6.47
319,"320Vicente IborraVillarreal, 34, M(C)",Vicente Iborra,34, M(C),,,12(8),1032,-,1,4,-,0.4,85.8,1.3,-,6.47
320,"321Renan LodiAtletico, 24, D(L),M(L)",Renan Lodi,24, D(L),M(L),,13(16),1181,2,2,5,-,0.3,81.6,1,2,6.47
321,"322Tete MorenteElche, 25, AM(CR)",Tete Morente,25, AM(CR),,,18(14),1636,3,3,4,-,0.9,74.4,0.7,2,6.47
322,"323Manolo ReinaMallorca, 37, GK",Manolo Reina,37, GK,,,23,1892,-,-,5,1,-,60.3,0.3,3,6.47
323,"324Juan CruzOsasuna, 29, D(CL)",Juan Cruz,29, D(CL),,,22(1),1935,-,-,4,-,0.1,82.9,1,-,6.46
324,"325Dimitri FoulquierValencia, 29, D(CLR),M(R)",Dimitri Foulquier,29, D(CLR),M(R),,25(4),2337,-,1,11,-,0.6,67.7,0.7,1,6.46
325,"326Gerard GumbauElche, 27, DMC",Gerard Gumbau,27, DMC,,,20(11),1891,-,4,8,1,0.7,84.1,0.6,1,6.46
326,"327Carlos DomínguezCelta Vigo, 21, D(C)",Carlos Domínguez,21, D(C),,,3(5),341,-,-,1,-,0.1,79.4,1.3,-,6.46
327,"328Chimy AvilaOsasuna, 28, AM(LR),FW",Chimy Avila,28, AM(LR),FW,,22(14),1875,6,1,7,1,1.8,60,1.4,1,6.46
328,"329Oussama IdrissiSevilla, 26, AM(LR)",Oussama Idrissi,26, AM(LR),,,2(3),127,-,-,1,-,0.8,82.2,-,-,6.46
329,"330Philippe CoutinhoBarcelona, 29, M(CLR)",Philippe Coutinho,29, M(CLR),,,5(7),500,2,-,1,-,2,86.8,0.2,-,6.46
330,"331Pathé CissRayo Vallecano, 28, DMC",Pathé Ciss,28, DMC,,,11(20),1087,2,1,5,-,0.6,83.3,1.1,1,6.46
331,"332Raúl TorrenteGranada, 21, D(C)",Raúl Torrente,21, D(C),,,15(3),1283,-,-,5,-,0.2,72.4,1.2,-,6.46
332,"333Dimitri FoulquierGranada, 29, D(CLR),M(R)",Dimitri Foulquier,29, D(CLR),M(R),,2,180,-,-,-,-,-,60.5,0.5,-,6.46
333,"334Jon PachecoReal Sociedad, 21, D(C)",Jon Pacheco,21, D(C),,,4(6),376,-,-,1,-,-,84.5,1.2,-,6.45
334,"335Hugo GuillamónValencia, 22, D(C),DMC",Hugo Guillamón,22, D(C),DMC,,28(3),2368,1,-,8,2,0.2,80.5,1.5,-,6.45
335,"336Óliver TorresSevilla, 27, M(CLR)",Óliver Torres,27, M(CLR),,,11(15),1008,2,3,2,-,0.5,82.1,0.2,-,6.45
336,"337Rúben VezoLevante, 28, D(CR)",Rúben Vezo,28, D(CR),,,27(5),2420,-,-,4,-,0.6,83.6,1.6,-,6.45
337,"338Renato TapiaCelta Vigo, 26, D(C),DMC",Renato Tapia,26, D(C),DMC,,13(16),1406,-,-,10,-,0.4,80,1,1,6.45
338,"339Gonzalo MontielSevilla, 25, D(CR),M(R)",Gonzalo Montiel,25, D(CR),M(R),,15(3),1073,1,2,7,-,0.3,78.4,0.6,-,6.45
339,"340Manu GarcíaDeportivo Alaves, 24, M(CL)",Manu García,24, M(CL),,,10(14),1075,-,1,3,-,0.3,78.7,0.1,-,6.45
340,"341Darío BenedettoElche, 32, FW",Darío Benedetto,32, FW,,,6(8),585,2,1,1,-,1.3,68.3,0.9,1,6.45
341,"342Stefan MitrovicGetafe, 32, D(C)",Stefan Mitrovic,32, D(C),,,31(1),2673,-,-,8,1,0.1,78.6,1.8,-,6.45
342,"343Paco AlcácerVillarreal, 28, AM(R),FW",Paco Alcácer,28, AM(R),FW,,10(8),792,1,3,1,-,1,71.2,0.6,-,6.45
343,"344Asier IllarramendiReal Sociedad, 32, M(C)",Asier Illarramendi,32, M(C),,,6(2),379,-,-,1,-,-,87.4,1.5,-,6.44
344,"345Carlos ClercLevante, 30, D(L),M(L)",Carlos Clerc,30, D(L),M(L),,18(1),1518,-,-,6,-,0.1,77.4,0.8,1,6.44
345,"346Tonny VilhenaEspanyol, 27, D(L),M(CL)",Tonny Vilhena,27, D(L),M(CL),,13(4),937,1,1,4,-,0.9,74,0.6,1,6.44
346,"347Radamel FalcaoRayo Vallecano, 36, FW",Radamel Falcao,36, FW,,,8(14),832,6,-,1,-,1.5,77.8,1.2,-,6.44
347,"348Claudio BravoReal Betis, 39, GK",Claudio Bravo,39, GK,,,17,1457,-,-,2,-,-,62.3,0.4,-,6.44
348,"349Nikola MarasRayo Vallecano, 26, D(C)",Nikola Maras,26, D(C),,,11(5),1041,-,-,4,-,0.1,81.1,1.9,-,6.44
349,"350Pedro OrtizSevilla, 21, Midfielder",Pedro Ortiz,21, Midfielder,,,0(1),6,-,-,-,-,1,100,-,-,6.44
350,"351Robert NavarroReal Sociedad, 20, Midfielder",Robert Navarro,20, Midfielder,,,3(3),199,-,-,-,-,1.2,85.2,0.2,-,6.44
351,"352Tomás AlarcónCadiz, 23, DMC",Tomás Alarcón,23, DMC,,,16(7),1425,-,1,5,-,0.7,76.2,0.7,-,6.44
352,"353Alberto PereaCadiz, 31, AM(LR)",Alberto Perea,31, AM(LR),,,8(10),776,-,1,2,-,0.9,80.7,0.1,-,6.44
353,"354Carles AleñáGetafe, 24, AM(CLR)",Carles Aleñá,24, AM(CLR),,,30(3),2344,1,2,6,1,1.4,81.5,0.4,-,6.44
354,"355CokeLevante, 35, D(CLR),M(R)",Coke,35, D(CLR),M(R),,1(5),114,1,-,1,-,0.2,80.7,0.7,-,6.44
355,"356Daniel CárdenasLevante, 25, GK",Daniel Cárdenas,25, GK,,,24,2160,-,-,3,-,-,64.4,0.1,-,6.43
356,"357Toni LatoValencia, 24, D(L)",Toni Lato,24, D(L),,,7(4),591,-,1,5,-,-,76.5,0.4,-,6.43
357,"358Brian OlivánMallorca, 28, D(CL)",Brian Oliván,28, D(CL),,,24(4),2189,1,-,7,-,0.7,68.2,0.8,-,6.43
358,"359SusoSevilla, 28, AM(CLR),FW",Suso,28, AM(CLR),FW,,6(2),390,-,1,-,-,0.8,80.4,-,-,6.43
359,"360Kike BarjaOsasuna, 25, AM(LR)",Kike Barja,25, AM(LR),,,9(12),863,2,-,2,-,0.8,77.7,0.4,-,6.43
360,"361Dani GarcíaAthletic Bilbao, 32, DMC",Dani García,32, DMC,,,27(5),2194,-,-,9,-,0.4,78.1,1.1,-,6.43
361,"362CoteOsasuna, 32, D(L)",Cote,32, D(L),,,12(11),1083,1,1,2,1,0.5,78.7,0.4,-,6.43
362,"363Álex SolaReal Sociedad, 22, Defender",Álex Sola,22, Defender,,,0(2),39,-,-,-,-,0.5,68.4,-,-,6.43
363,"364Manu MorlanesEspanyol, 23, DMC",Manu Morlanes,23, DMC,,,11(16),1143,2,-,6,1,0.3,86.4,0.7,-,6.42
364,"365Victor ChustCadiz, 22, D(C)",Victor Chust,22, D(C),,,20(5),1830,-,-,2,-,0.4,84.3,1.2,-,6.42
365,"366Mouctar DiakhabyValencia, 25, D(C)",Mouctar Diakhaby,25, D(C),,,21(8),1945,-,1,11,-,0.3,74.7,1.1,-,6.42
366,"367Alex TirleaDeportivo Alaves, 22, Defender",Alex Tirlea,22, Defender,,,0(1),14,-,-,-,-,-,71.4,-,-,6.42
367,"368Gonzalo VerdúElche, 33, D(C)",Gonzalo Verdú,33, D(C),,,17(3),1388,-,-,11,-,0.2,84.2,1.4,-,6.42
368,"369Antonio SánchezMallorca, 25, AM(CR)",Antonio Sánchez,25, AM(CR),,,19(10),1622,1,-,3,-,0.6,79.3,0.4,1,6.42
369,"370Martín AguirregabiriaDeportivo Alaves, 26, D(LR),M(R)",Martín Aguirregabiria,26, D(LR),M(R),,17(7),1619,-,1,4,-,0.2,68.4,1.3,-,6.42
370,"371Cristian TelloReal Betis, 30, M(LR)",Cristian Tello,30, M(LR),,,5(18),807,2,2,2,-,1.3,78.1,0.2,-,6.42
371,"372Igor ZubeldiaReal Sociedad, 25, D(C),DMC",Igor Zubeldia,25, D(C),DMC,,19(7),1649,-,1,7,-,0.3,87.6,1.6,-,6.41
372,"373Fernando CaleroEspanyol, 26, D(C)",Fernando Calero,26, D(C),,,13(3),1092,-,-,3,-,0.1,83.2,1.3,-,6.41
373,"374Marcos AndréValencia, 25, FW",Marcos André,25, FW,,,8(21),963,1,3,3,-,1,68.2,1.4,-,6.41
374,"375Keidi BareEspanyol, 24, DMC",Keidi Bare,24, DMC,,,18(7),1488,1,1,9,-,0.2,86.9,0.5,-,6.41
375,"376Moi GómezVillarreal, 27, M(CLR)",Moi Gómez,27, M(CLR),,,13(16),1280,2,2,2,-,0.4,82.8,0.4,-,6.41
376,"377Lee Kang-InMallorca, 21, AM(CR),FW",Lee Kang-In,21, AM(CR),FW,,15(15),1411,1,2,1,1,1.2,77.8,0.5,-,6.41
377,"378Óscar RodríguezSevilla, 23, AM(CLR)",Óscar Rodríguez,23, AM(CLR),,,4(7),416,-,-,1,-,1.3,83.2,0.3,-,6.41
378,"379Thiago GalhardoCelta Vigo, 32, AM(CL),FW",Thiago Galhardo,32, AM(CL),FW,,9(22),1135,2,2,5,-,1,63.8,1.5,-,6.4
379,"380Víctor DíazGranada, 33, D(CLR)",Víctor Díaz,33, D(CLR),,,19(4),1506,1,-,5,-,0.6,74.8,1.3,-,6.4
380,"381Joseba ZalduaReal Sociedad, 29, D(R)",Joseba Zaldua,29, D(R),,,14(10),1173,-,-,6,-,0.3,79.1,0.8,-,6.4
381,"382Randy NtekaRayo Vallecano, 24, AM(C),FW",Randy Nteka,24, AM(C),FW,,16(18),1462,3,-,3,-,0.9,67.3,1.8,1,6.4
382,"383Mario GasparVillarreal, 31, D(CR),M(R)",Mario Gaspar,31, D(CR),M(R),,7(5),622,-,-,1,-,0.3,79.2,0.7,-,6.4
383,"384Ludwig AugustinssonSevilla, 28, D(L),M(L)",Ludwig Augustinsson,28, D(L),M(L),,9(10),790,-,1,3,-,0.2,84.8,0.8,-,6.4
384,"385Nemanja RadojaLevante, 29, DMC",Nemanja Radoja,29, DMC,,,17(2),1224,-,-,3,-,0.3,84.1,0.9,-,6.4
385,"386Yunus MusahValencia, 19, M(CR)",Yunus Musah,19, M(CR),,,13(16),1262,1,-,5,-,0.2,77.4,0.6,-,6.4
386,"387Andrés GuardadoReal Betis, 35, D(L),M(CL)",Andrés Guardado,35, D(L),M(CL),,17(11),1394,-,1,4,-,0.5,84.8,0.4,-,6.4
387,"388Uros RacicValencia, 24, DMC",Uros Racic,24, DMC,,,13(15),1201,-,-,1,1,0.6,73.5,1.2,-,6.4
388,"389Rober PierLevante, 27, D(C),DMC",Rober Pier,27, D(C),DMC,,21(6),2009,1,-,3,1,0.3,79.9,1,-,6.4
389,"390Lucas PérezElche, 33, AM(CR),FW",Lucas Pérez,33, AM(CR),FW,,16(2),1279,2,1,-,-,0.8,78.8,0.1,-,6.4
390,"391FlorentinoGetafe, 22, M(C)",Florentino,22, M(C),,,9(13),986,-,1,2,-,0.1,78.9,0.8,-,6.4
391,"392David LópezEspanyol, 32, D(C),DMC",David López,32, D(C),DMC,,8(10),744,-,-,1,-,0.3,82.9,1.2,-,6.4
392,"393RoberReal Betis, 21, Forward",Rober,21, Forward,,,1(3),132,-,-,-,-,0.5,80,0.3,-,6.39
393,"394Guido CarrilloElche, 31, FW",Guido Carrillo,31, FW,,,11(18),1157,2,-,3,-,0.8,70.2,2.9,-,6.39
394,"395Darko BrasanacOsasuna, 30, M(CR)",Darko Brasanac,30, M(CR),,,27(8),2412,1,2,9,-,0.5,76.4,0.9,-,6.39
395,"396Aleix VidalEspanyol, 32, D(R),M(LR)",Aleix Vidal,32, D(R),M(LR),,21(10),1908,2,-,10,-,0.2,82.7,0.3,-,6.39
396,"397JoaquínReal Betis, 40, M(CLR),FW",Joaquín,40, M(CLR),FW,,2(19),455,-,1,-,-,0.5,85,0.1,-,6.39
397,"398SonLevante, 28, D(LR)",Son,28, D(LR),,,22(4),1979,1,-,5,1,0.5,73.2,0.4,-,6.39
398,"399Fernando NiñoMallorca, 21, FW",Fernando Niño,21, FW,,,9(14),879,2,-,2,-,1,67.9,2,1,6.39
399,"400Dani CeballosReal Madrid, 25, M(CL)",Dani Ceballos,25, M(CL),,,2(9),269,-,-,1,-,0.9,91.9,-,-,6.39
400,"401Ángel RodríguezMallorca, 35, FW",Ángel Rodríguez,35, FW,,,19(10),1551,4,2,4,-,1,73.3,0.7,-,6.37
401,"402Óscar MelendoEspanyol, 24, AM(CR),FW",Óscar Melendo,24, AM(CR),FW,,14(7),999,-,-,-,-,0.4,91.1,0.3,-,6.37
402,"403Ander GuevaraReal Sociedad, 24, DMC",Ander Guevara,24, DMC,,,11(6),872,-,-,2,-,0.1,86.5,0.9,-,6.37
403,"404Unai DufurOsasuna, 23, Defender",Unai Dufur,23, Defender,,,1,90,-,-,-,-,1,71.4,2,-,6.37
404,"405Mickaël MalsaLevante, 26, DMC",Mickaël Malsa,26, DMC,,,11(15),1137,1,2,7,-,0.5,80.7,0.4,-,6.37
405,"406BebéRayo Vallecano, 31, AM(LR),FW",Bebé,31, AM(LR),FW,,6(23),852,1,2,2,-,1.7,76.7,0.3,-,6.37
406,"407Pablo MartínezLevante, 24, M(C)",Pablo Martínez,24, M(C),,,7(6),655,-,1,2,-,0.8,72,0.8,-,6.37
407,"408Ilaix MoribaValencia, 19, M(C)",Ilaix Moriba,19, M(C),,,9(5),819,-,-,7,1,1,77,1,-,6.37
408,"409Nico WilliamsAthletic Bilbao, 19, M(R)",Nico Williams,19, M(R),,,11(23),1330,-,-,4,-,1,78.1,0.3,-,6.36
409,"410Toni MoyaDeportivo Alaves, 24, DMC",Toni Moya,24, DMC,,,17(11),1386,-,1,2,-,0.4,75,0.4,1,6.36
410,"411JasonDeportivo Alaves, 27, M(R)",Jason,27, M(R),,,10(4),683,-,1,1,-,0.6,58.8,0.6,1,6.36
411,"412Diego GonzálezElche, 27, D(CL)",Diego González,27, D(CL),,,19(9),1790,-,-,3,1,0.1,82.7,1,-,6.36
412,"413Njegos PetrovicGranada, 22, DMC",Njegos Petrovic,22, DMC,,,10(5),918,-,1,5,-,0.5,80,0.8,-,6.36
413,"414Ezequiel PonceElche, 25, AM(L),FW",Ezequiel Ponce,25, AM(L),FW,,5(8),664,1,-,1,1,1.2,77.7,1.3,-,6.36
414,"415Santiago AriasGranada, 30, D(R)",Santiago Arias,30, D(R),,,4(8),434,1,-,1,-,0.3,78.3,0.8,-,6.36
415,"416Jan OblakAtletico, 29, GK",Jan Oblak,29, GK,,,38,3420,-,-,1,-,-,51.9,0.2,-,6.35
416,"417Franco RussoMallorca, 27, D(C)",Franco Russo,27, D(C),,,17(2),1465,1,-,3,2,0.3,76.4,1.5,1,6.35
417,"418Giovanni GonzálezMallorca, 27, D(R)",Giovanni González,27, D(R),,,3(6),364,1,-,1,-,0.3,75.8,0.7,-,6.35
418,"419Bryan GilValencia, 21, AM(CLR)",Bryan Gil,21, AM(CLR),,,9(4),758,-,1,3,-,0.8,74.9,0.2,-,6.35
419,"420Hélder CostaValencia, 28, AM(CLR)",Hélder Costa,28, AM(CLR),,,13(9),1119,-,1,3,-,0.4,70.8,0.4,-,6.34
420,"421Anthony MartialSevilla, 26, AM(LR),FW",Anthony Martial,26, AM(LR),FW,,7(2),495,-,1,1,-,0.8,84.1,0.7,-,6.34
421,"422Okay YokusluCelta Vigo, 28, D(C),DMC",Okay Yokuslu,28, D(C),DMC,,1(7),133,-,-,-,-,0.3,90,0.8,-,6.34
422,"423Luka JovicReal Madrid, 24, FW",Luka Jovic,24, FW,,,1(14),360,1,3,1,-,1.1,77.6,0.5,-,6.34
423,"424Fede San EmeterioCadiz, 25, DMC",Fede San Emeterio,25, DMC,,,10(2),836,-,-,3,-,-,81,0.9,-,6.34
424,"425Jeison MurilloCelta Vigo, 30, D(C)",Jeison Murillo,30, D(C),,,13(7),1118,-,-,5,1,0.3,89.2,1.6,-,6.34
425,"426Munir El-HaddadiSevilla, 26, AM(LR),FW",Munir El-Haddadi,26, AM(LR),FW,,5(12),471,2,-,3,-,0.7,79,0.5,-,6.33
426,"427Dani GómezLevante, 23, FW",Dani Gómez,23, FW,,,11(17),1060,4,2,1,-,1.1,80.9,0.1,-,6.33
427,"428Rodrigo BattagliaMallorca, 30, M(C)",Rodrigo Battaglia,30, M(C),,,12(14),1176,-,-,3,1,0.2,83.7,1.3,-,6.33
428,"429Raúl ParraCadiz, 22, Defender",Raúl Parra,22, Defender,,,1(1),88,-,-,-,-,-,56,-,-,6.33
429,"430Jon GuridiReal Sociedad, 27, M(C)",Jon Guridi,27, M(C),,,1(7),200,1,-,-,-,0.3,73.1,0.1,-,6.32
430,"431Cristo RomeroReal Sociedad, 22, Defender",Cristo Romero,22, Defender,,,0(1),16,-,-,-,-,1,85.7,-,-,6.32
431,"432Gonzalo VillarGetafe, 24, M(C)",Gonzalo Villar,24, M(C),,,2(8),292,-,1,-,-,0.2,84.7,0.4,-,6.32
432,"433Unai LópezRayo Vallecano, 26, M(CR)",Unai López,26, M(CR),,,13(14),1155,-,-,5,-,0.7,86.4,0.3,1,6.32
433,"434Mikel VesgaAthletic Bilbao, 29, DMC",Mikel Vesga,29, DMC,,,17(15),1357,2,-,3,2,0.4,77.7,1.3,-,6.32
434,"435Javi MartínezOsasuna, 22, M(CR)",Javi Martínez,22, M(CR),,,9(17),870,1,1,1,-,0.3,77.8,0.4,-,6.31
435,"436Raúl GutiElche, 25, M(C)",Raúl Guti,25, M(C),,,17(14),1629,-,-,2,1,0.6,84.3,0.4,-,6.31
436,"437Denis CheryshevValencia, 31, AM(L),FW",Denis Cheryshev,31, AM(L),FW,,5(12),561,-,1,1,-,0.6,70.2,0.3,-,6.31
437,"438Sandro RamírezGetafe, 26, AM(LR),FW",Sandro Ramírez,26, AM(LR),FW,,19(10),1477,3,-,7,-,1.7,79.2,0.5,-,6.31
438,"439Roberto TorresOsasuna, 33, AM(CLR)",Roberto Torres,33, AM(CLR),,,6(22),799,2,2,3,-,0.5,69.1,0.1,-,6.3
439,"440Clément LengletBarcelona, 26, D(C)",Clément Lenglet,26, D(C),,,7(14),818,-,1,4,-,0.1,91,0.8,-,6.3
440,"441Sergio AgüeroBarcelona, 34, AM(CL),FW",Sergio Agüero,34, AM(CL),FW,,2(2),151,1,-,-,-,1.5,74.4,0.8,-,6.3
441,"442Carlos MartínAtletico, 20, Forward",Carlos Martín,20, Forward,,,0(1),5,-,-,1,-,-,50,1,-,6.3
442,"443Jesús OwonoDeportivo Alaves, 21, GK",Jesús Owono,21, GK,,,1,90,-,-,-,-,-,42.9,-,-,6.3
443,"444Salvi SánchezCadiz, 31, AM(R)",Salvi Sánchez,31, AM(R),,,17(6),1403,2,1,1,1,0.9,67.7,0.7,-,6.3
444,"445Ángel MontoroGranada, 33, M(C)",Ángel Montoro,33, M(C),,,13(11),1331,1,1,5,-,0.9,77.6,0.3,-,6.29
445,"446Ximo NavarroDeportivo Alaves, 32, D(CLR)",Ximo Navarro,32, D(CLR),,,16(2),1351,-,-,4,1,0.6,74.4,0.5,1,6.29
446,"447Riqui PuigBarcelona, 22, M(C)",Riqui Puig,22, M(C),,,2(13),475,1,-,-,-,0.6,92.7,0.1,-,6.29
447,"448Luca ZidaneRayo Vallecano, 24, GK",Luca Zidane,24, GK,,,8,646,-,-,-,1,-,69.3,0.1,-,6.29
448,"449Beñat TurrientesReal Sociedad, 20, Midfielder",Beñat Turrientes,20, Midfielder,,,1(7),201,-,-,1,-,0.9,88.9,0.1,-,6.29
449,"450Edgar MéndezDeportivo Alaves, 32, M(LR),FW",Edgar Méndez,32, M(LR),FW,,17(15),1614,1,1,6,-,0.8,62.5,1.1,-,6.29
450,"451Hugo DuroGetafe, 22, AM(L),FW",Hugo Duro,22, AM(L),FW,,0(1),11,-,-,-,-,2,40,2,-,6.29
451,"452Marc CucurellaGetafe, 23, D(CL),M(L)",Marc Cucurella,23, D(CL),M(L),,0(1),22,-,-,-,-,1,78.9,-,-,6.29
452,"453Rubén PeñaVillarreal, 30, D(R),M(LR)",Rubén Peña,30, D(R),M(LR),,1(6),127,-,-,1,-,0.4,79.5,0.3,-,6.28
453,"454JasonValencia, 27, M(R)",Jason,27, M(R),,,1(4),74,-,-,2,-,0.4,90.5,0.2,-,6.28
454,"455Emerson RoyalBarcelona, 23, D(R),M(R)",Emerson Royal,23, D(R),M(R),,1(2),90,-,-,-,-,-,86.5,-,-,6.28
455,"456José Ángel CarmonaSevilla, 20, Defender",José Ángel Carmona,20, Defender,,,0(1),23,-,-,-,-,-,66.7,-,-,6.28
456,"457Sergio SantosReal Madrid, 21, Defender",Sergio Santos,21, Defender,,,0(1),10,-,-,-,-,-,100,-,-,6.28
457,"458Iván MarconeElche, 32, DMC",Iván Marcone,32, DMC,,,10(10),807,-,-,5,-,0.1,82.3,0.3,-,6.28
458,"459Amath NdiayeMallorca, 25, AM(L)",Amath Ndiaye,25, AM(L),,,9(10),884,-,1,5,-,0.6,81.2,0.3,-,6.28
459,"460PortuReal Sociedad, 30, AM(CLR),FW",Portu,30, AM(CLR),FW,,17(20),1587,1,2,5,-,0.7,76.8,0.4,-,6.28
460,"461NolitoCelta Vigo, 35, AM(CL)",Nolito,35, AM(CL),,,15(17),1384,2,-,1,-,0.6,78,0.4,-,6.28
461,"462Abdón PratsMallorca, 29, FW",Abdón Prats,29, FW,,,8(17),636,3,-,4,-,0.7,67.5,1.2,-,6.27
462,"463Nicolás MelamedEspanyol, 21, AM(L)",Nicolás Melamed,21, AM(L),,,7(24),1102,2,-,3,1,0.6,87.6,0.3,-,6.27
463,"464Alberto SoroGranada, 23, AM(LR)",Alberto Soro,23, AM(LR),,,7(9),575,-,-,-,-,0.4,75.5,0.6,-,6.27
464,"465Näis DjouahraReal Sociedad, 22, Midfielder",Näis Djouahra,22, Midfielder,,,1(6),209,-,-,-,-,0.7,78.5,0.3,-,6.27
465,"466Aarón EscandellGranada, 26, GK",Aarón Escandell,26, GK,,,4(1),284,-,-,1,1,-,51.3,-,-,6.27
466,"467Juan IglesiasGetafe, 23, D(R),M(R)",Juan Iglesias,23, D(R),M(R),,7(13),713,-,1,1,-,0.3,52.6,0.5,-,6.27
467,"468Asier VillalibreAthletic Bilbao, 24, FW",Asier Villalibre,24, FW,,,3(16),540,2,-,-,-,1,62.2,1,-,6.27
468,"469Allan-Roméo NyomGetafe, 34, D(LR),M(R)",Allan-Roméo Nyom,34, D(LR),M(R),,3(2),244,-,-,1,-,-,65.6,1,-,6.26
469,"470Santiago ArzamendiaCadiz, 24, M(L)",Santiago Arzamendia,24, M(L),,,5(9),464,1,-,2,-,0.5,66.2,0.9,1,6.26
470,"471Alejandro PrimoLevante, 17, Goalkeeper",Alejandro Primo,17, Goalkeeper,,,1,90,-,-,-,-,-,80,-,-,6.26
471,"472Aitor RuibalReal Betis, 26, D(R),M(LR)",Aitor Ruibal,26, D(R),M(LR),,9(10),858,-,-,6,-,1.1,79.7,0.3,-,6.26
472,"473Nicolas JacksonVillarreal, 20, Forward",Nicolas Jackson,20, Forward,,,0(9),158,-,-,1,-,0.6,76,1.4,-,6.26
473,"474Unai NúñezAthletic Bilbao, 25, D(C)",Unai Núñez,25, D(C),,,7(2),621,-,-,2,-,0.7,86.1,1.3,-,6.25
474,"475Mario SuárezRayo Vallecano, 35, D(C),M(C)",Mario Suárez,35, D(C),M(C),,8(6),710,-,-,2,-,0.6,77.9,2.1,1,6.25
475,"476Tomás PinaDeportivo Alaves, 34, M(C)",Tomás Pina,34, M(C),,,16(13),1444,-,-,4,-,0.2,78.5,1.1,-,6.24
476,"477Julen LobeteReal Sociedad, 21, Forward",Julen Lobete,21, Forward,,,2(11),276,2,-,-,-,0.8,80,0.3,-,6.24
477,"478Iván RomeroSevilla, 21, Forward",Iván Romero,21, Forward,,,2(3),178,-,-,-,-,0.4,82.4,0.2,-,6.24
478,"479José MariCadiz, 34, DMC",José Mari,34, DMC,,,4(7),384,-,-,1,1,0.4,84,0.4,-,6.24
479,"480Myrto UzuniGranada, 27, AM(L),FW",Myrto Uzuni,27, AM(L),FW,,9(6),859,1,1,4,-,0.7,71.3,0.4,-,6.24
480,"481Antonio BarragánElche, 34, D(CR),M(R)",Antonio Barragán,34, D(CR),M(R),,12(4),1023,-,-,5,-,0.1,82.5,0.5,-,6.24
481,"482Mario HernándezRayo Vallecano, 23, Defender",Mario Hernández,23, Defender,,,5(4),394,1,-,3,-,0.3,68.5,0.2,-,6.24
482,"483Fran MéridaEspanyol, 32, AM(C)",Fran Mérida,32, AM(C),,,4(7),265,-,-,2,1,0.4,69,-,-,6.24
483,"484Javier PastoreElche, 32, AM(CLR)",Javier Pastore,32, AM(CLR),,,7(7),526,-,-,2,1,0.6,77.4,0.3,-,6.24
484,"485KoffiGetafe, 20, Defender",Koffi,20, Defender,,,1(2),78,-,1,-,-,0.3,70.4,0.7,-,6.23
485,"486Nicolás SerranoAthletic Bilbao, 19, Forward",Nicolás Serrano,19, Forward,,,3(11),308,1,-,-,-,0.6,77.7,0.1,-,6.23
486,"487Darío PovedaGetafe, 25, Forward",Darío Poveda,25, Forward,,,3(12),372,1,-,-,-,0.3,58.8,0.8,-,6.23
487,"488Clément GrenierMallorca, 31, M(CL)",Clément Grenier,31, M(CL),,,0(5),57,1,-,1,-,0.2,74.4,0.2,-,6.23
488,"489Javi LlabrésMallorca, 19, Midfielder",Javi Llabrés,19, Midfielder,,,1(4),129,-,-,-,-,1,82.8,0.2,-,6.23
489,"490VitoloGetafe, 32, M(CLR),FW",Vitolo,32, M(CLR),FW,,1(6),217,-,-,-,-,0.1,80.2,0.6,-,6.23
490,"491Oier ZarragaAthletic Bilbao, 23, M(R)",Oier Zarraga,23, M(R),,,8(23),1151,1,-,5,-,0.6,80,0.3,-,6.23
491,"492Ander MartínReal Sociedad, 21, Forward",Ander Martín,21, Forward,,,1(4),85,-,-,-,-,0.6,79.1,0.4,-,6.23
492,"493Martín CalderónCadiz, 23, Midfielder",Martín Calderón,23, Midfielder,,,1(5),111,-,-,1,-,0.3,75.6,1,-,6.22
493,"494Rober IbáñezOsasuna, 29, AM(R)",Rober Ibáñez,29, AM(R),,,1(3),91,-,-,-,-,0.8,80.6,-,-,6.22
494,"495Jaume DoménechValencia, 31, GK",Jaume Doménech,31, GK,,,4(1),343,-,-,2,-,-,58,-,-,6.22
495,"496Gabriel VeigaCelta Vigo, 20, Midfielder",Gabriel Veiga,20, Midfielder,,,0(7),102,-,-,-,-,0.3,79.7,0.1,-,6.22
496,"497Iñigo PérezOsasuna, 34, D(L),M(CL)",Iñigo Pérez,34, D(L),M(CL),,4(6),337,1,-,-,-,0.4,74.8,0.2,-,6.22
497,"498MiguelónEspanyol, 26, D(R)",Miguelón,26, D(R),,,1(1),70,-,-,-,-,-,73.7,-,-,6.22
498,"499Álvaro JiménezCadiz, 27, M(R)",Álvaro Jiménez,27, M(R),,,1(8),228,-,-,-,-,0.3,76.1,0.2,-,6.21
499,"500Pablo PiattiElche, 33, M(CLR)",Pablo Piatti,33, M(CLR),,,3(7),307,-,-,-,-,0.4,76.3,0.7,-,6.21
500,"501Nikola VukcevicLevante, 30, DMC",Nikola Vukcevic,30, DMC,,,0(6),114,-,-,1,-,0.2,82.2,1,-,6.21
501,"502Jakub JanktoGetafe, 26, M(CLR)",Jakub Jankto,26, M(CLR),,,7(8),585,-,2,1,1,0.4,70.6,0.1,-,6.2
502,"503Carlos BaccaGranada, 35, FW",Carlos Bacca,35, FW,,,5(13),509,-,1,3,-,0.5,65.6,0.4,-,6.2
503,"504Yusuf DemirBarcelona, 19, Forward",Yusuf Demir,19, Forward,,,2(4),191,-,-,-,-,0.2,90.7,-,-,6.2
504,"505TachiDeportivo Alaves, 24, D(C)",Tachi,24, D(C),,,2(3),238,-,-,1,-,-,62.8,0.8,-,6.2
505,"506Germán ValeraReal Sociedad, 20, Forward",Germán Valera,20, Forward,,,0(3),49,-,-,-,-,0.3,82.4,0.3,-,6.2
506,"507Roberto SoldadoLevante, 37, FW",Roberto Soldado,37, FW,,,7(11),664,3,2,5,2,0.9,66.2,0.3,-,6.2
507,"508Loren MorónEspanyol, 28, FW",Loren Morón,28, FW,,,4(17),556,1,-,-,-,0.5,58.8,0.9,-,6.2
508,"509Matías ArezoGranada, 19, Forward",Matías Arezo,19, Forward,,,1(7),156,-,-,1,-,0.6,51.5,0.9,-,6.2
509,"510Miguel De la FuenteDeportivo Alaves, 22, FW",Miguel De la Fuente,22, FW,,,10(12),828,1,1,2,-,1,66.4,0.6,-,6.19
510,"511Jordi MboulaMallorca, 23, AM(R)",Jordi Mboula,23, AM(R),,,5(6),433,-,-,2,-,0.5,64.5,0.9,-,6.19
511,"512PeterReal Madrid, 19, Midfielder",Peter,19, Midfielder,,,0(3),25,-,-,-,-,0.7,81.3,-,-,6.19
512,"513Sergio PostigoLevante, 33, D(C)",Sergio Postigo,33, D(C),,,10(3),849,-,-,3,-,0.2,83.5,0.9,-,6.19
513,"514MonchuGranada, 22, M(C)",Monchu,22, M(C),,,7(7),665,-,-,3,1,0.6,80.4,0.8,-,6.18
514,"515Facundo PellistriDeportivo Alaves, 20, AM(R)",Facundo Pellistri,20, AM(R),,,6(15),665,-,-,-,-,0.3,77,0.4,-,6.18
515,"516José PozoRayo Vallecano, 26, AM(C)",José Pozo,26, AM(C),,,0(5),68,-,-,-,-,0.6,91.8,0.2,-,6.18
516,"517Diego CondeGetafe, 23, Goalkeeper",Diego Conde,23, Goalkeeper,,,0(1),5,-,-,-,-,-,-,-,-,6.18
517,"518Isma RuizGranada, 21, Midfielder",Isma Ruiz,21, Midfielder,,,3(5),282,-,-,1,-,0.5,83.7,0.4,-,6.18
518,"519Enric FranquesaLevante, 25, Defender",Enric Franquesa,25, Defender,,,6(10),618,-,-,1,-,0.1,73.9,0.5,-,6.18
519,"520Daniel VillahermosaEspanyol, 21, Midfielder",Daniel Villahermosa,21, Midfielder,,,0(1),22,-,-,-,-,-,57.1,-,-,6.17
520,"521Daniel WassAtletico, 33, D(LR),M(CLR)",Daniel Wass,33, D(LR),M(CLR),,0(1),45,-,-,1,-,-,76.5,-,-,6.17
521,"522Saul GarcíaDeportivo Alaves, 27, Defender",Saul García,27, Defender,,,0(1),3,-,-,-,-,-,33.3,-,-,6.17
522,"523Koba KoindrediValencia, 20, Midfielder",Koba Koindredi,20, Midfielder,,,1(9),175,-,-,1,-,0.1,68.2,0.5,-,6.16
523,"524Diego LainezReal Betis, 21, AM(R)",Diego Lainez,21, AM(R),,,1(6),136,-,-,-,-,0.1,79.6,-,-,6.16
524,"525José MacíasGetafe, 22, Forward",José Macías,22, Forward,,,2(5),202,-,-,1,-,0.6,73.2,0.6,-,6.16
525,"526Pere PonsDeportivo Alaves, 29, M(C)",Pere Pons,29, M(C),,,17(10),1376,1,-,2,-,0.6,73.1,0.6,-,6.16
526,"527Manu VallejoDeportivo Alaves, 25, FW",Manu Vallejo,25, FW,,,2(9),366,1,1,-,-,0.3,75.8,0.5,-,6.15
527,"528José FontánCelta Vigo, 22, D(CL)",José Fontán,22, D(CL),,,3(6),274,-,-,3,-,0.1,85.5,0.4,-,6.15
528,"529Kévin RodriguesRayo Vallecano, 28, D(L),M(L)",Kévin Rodrigues,28, D(L),M(L),,5(8),434,-,-,-,-,0.3,71.2,0.8,-,6.15
529,"530Iván ChapelaCadiz, 23, Forward",Iván Chapela,23, Forward,,,4(5),400,-,-,-,-,0.3,69.3,0.4,-,6.15
530,"531Alex PetxarromanAthletic Bilbao, 25, Defender",Alex Petxarroman,25, Defender,,,1(16),401,-,-,4,-,0.1,75.2,0.4,-,6.15
531,"532Oier SanjurjoOsasuna, 36, D(CR),M(C)",Oier Sanjurjo,36, D(CR),M(C),,9(17),751,1,-,3,-,0.3,72.2,0.8,1,6.15
532,"533Orbelín PinedaCelta Vigo, 26, Midfielder",Orbelín Pineda,26, Midfielder,,,0(7),94,-,-,-,-,0.7,87.7,0.1,-,6.14
533,"534BaldeBarcelona, 18, Defender",Balde,18, Defender,,,2(3),188,-,-,-,-,0.2,95.7,-,-,6.14
534,"535Dídac ViláEspanyol, 32, D(L),M(L)",Dídac Vilá,32, D(L),M(L),,1(8),197,-,-,3,-,-,80,0.3,-,6.14
535,"536Augusto SolariCelta Vigo, 30, AM(CR)",Augusto Solari,30, AM(CR),,,4(22),700,-,-,5,-,0.3,69.3,0.2,-,6.14
536,"537Sergio RicoMallorca, 28, GK",Sergio Rico,28, GK,,,14,1260,-,-,-,-,-,62.9,0.1,-,6.13
537,"538Wu LeiEspanyol, 30, AM(CLR),FW",Wu Lei,30, AM(CLR),FW,,4(19),461,1,-,-,-,0.3,69.9,0.3,-,6.13
538,"539Álvaro BastidaCadiz, 18, Midfielder",Álvaro Bastida,18, Midfielder,,,2(4),195,-,-,1,-,-,77.4,0.2,-,6.13
539,"540Jaime MataGetafe, 33, FW",Jaime Mata,33, FW,,,5(18),664,1,-,7,-,0.4,68.4,1.1,-,6.13
540,"541John GuidettiDeportivo Alaves, 30, FW",John Guidetti,30, FW,,,2(8),274,-,-,2,-,1,77.1,0.1,-,6.12
541,"542Javier LópezDeportivo Alaves, 20, D(L)",Javier López,20, D(L),,,4(5),458,-,-,2,-,-,77.4,-,-,6.12
542,"543Alejandro CanteroLevante, 21, FW",Alejandro Cantero,21, FW,,,4(21),597,-,1,1,-,0.6,68.3,0.1,-,6.12
543,"544Hugo ÁlvarezCelta Vigo, 18, Midfielder",Hugo Álvarez,18, Midfielder,,,0(1),10,-,-,-,-,1,33.3,-,-,6.12
544,"545Landry DimataEspanyol, 24, FW",Landry Dimata,24, FW,,,4(13),537,-,-,-,-,0.5,72.8,1.1,-,6.12
545,"546Marcos MauroCadiz, 31, D(C)",Marcos Mauro,31, D(C),,,1(2),136,-,-,1,-,-,52,1.3,-,6.12
546,"547Jaume GrauOsasuna, 25, DMC",Jaume Grau,25, DMC,,,0(1),2,-,-,-,-,-,50,-,-,6.11
547,"548Loren MorónReal Betis, 28, FW",Loren Morón,28, FW,,,0(1),3,-,-,-,-,-,-,-,-,6.11
548,"549Mamadou SyllaDeportivo Alaves, 28, FW",Mamadou Sylla,28, FW,,,4(9),391,-,-,1,-,0.2,61.9,0.8,-,6.11
549,"550JosemaElche, 26, D(CL)",Josema,26, D(CL),,,1(5),181,-,-,-,-,-,67.4,0.5,-,6.11
550,"551Luismi CruzSevilla, 21, Midfielder",Luismi Cruz,21, Midfielder,,,0(2),12,-,-,-,-,-,33.3,-,-,6.1
551,"552Jonathan SilvaGetafe, 27, D(CL),M(L)",Jonathan Silva,27, D(CL),M(L),,1(8),222,-,-,4,-,0.1,69.4,0.1,-,6.1
552,"553Yan EtekiGranada, 24, DMC",Yan Eteki,24, DMC,,,2(10),337,-,-,3,-,0.1,74.8,0.6,-,6.1
553,"554Dani RabaVillarreal, 26, AM(CR)",Dani Raba,26, AM(CR),,,0(7),83,-,-,1,-,-,70.3,0.3,-,6.1
554,"555Marc PubillLevante, 18, Defender",Marc Pubill,18, Defender,,,5(6),512,-,1,1,-,0.5,79.2,0.5,-,6.1
555,"556Martín CáceresLevante, 35, D(CLR),M(R)",Martín Cáceres,35, D(CLR),M(R),,9(1),670,-,-,2,-,-,82,0.7,-,6.09
556,"557Juan CalaCadiz, 32, D(C)",Juan Cala,32, D(C),,,11(4),948,-,-,7,1,0.3,73.9,1.1,-,6.09
557,"558Unai RoperoDeportivo Alaves, 20, Midfielder",Unai Ropero,20, Midfielder,,,0(1),11,-,-,-,-,-,100,-,-,6.08
558,"559Víctor CamarasaReal Betis, 28, M(CR)",Víctor Camarasa,28, M(CR),,,0(7),102,-,-,-,-,0.1,82,0.3,-,6.08
559,"560Rubén IranzoValencia, 19, Defender",Rubén Iranzo,19, Defender,,,1(3),134,-,-,2,-,0.3,80.9,-,-,6.08
560,"561Mamadou SyllaRayo Vallecano, 28, FW",Mamadou Sylla,28, FW,,,1(11),247,-,-,2,-,0.9,72.6,1.2,-,6.07
561,"562Estanis PedrolaBarcelona, 18, Forward",Estanis Pedrola,18, Forward,,,0(1),10,-,-,-,-,-,-,-,-,6.07
562,"563Manu VallejoValencia, 25, FW",Manu Vallejo,25, FW,,,0(9),90,-,-,3,-,0.3,65.5,0.2,-,6.07
563,"564Eray CömertValencia, 24, D(C)",Eray Cömert,24, D(C),,,5(3),408,-,-,2,-,0.4,84.5,0.3,-,6.07
564,"565Milutin OsmajicCadiz, 22, Forward",Milutin Osmajic,22, Forward,,,2(8),251,-,-,-,-,0.4,54.3,1.2,-,6.06
565,"566Aleix FebasMallorca, 26, AM(C)",Aleix Febas,26, AM(C),,,1(3),115,-,-,1,-,-,86.8,0.3,-,6.06
566,"567Florin AndoneCadiz, 29, FW",Florin Andone,29, FW,,,1(4),174,-,-,1,-,0.6,65.8,1.4,-,6.06
567,"568Álvaro VadilloEspanyol, 27, AM(LR)",Álvaro Vadillo,27, AM(LR),,,0(3),6,-,-,1,-,-,77.8,0.3,-,6.06
568,"569Iker BenitoOsasuna, 19, Forward",Iker Benito,19, Forward,,,1(3),117,-,-,1,-,0.8,78.3,0.3,-,6.06
569,"570Carlo GarcíaVillarreal, 21, Midfielder",Carlo García,21, Midfielder,,,0(1),6,-,-,-,-,-,100,-,-,6.05
570,"571Joan SastreMallorca, 25, D(R)",Joan Sastre,25, D(R),,,2(5),255,-,-,1,-,0.3,74.7,0.7,-,6.05
571,"572Lago JuniorMallorca, 31, M(L)",Lago Junior,31, M(L),,,1(5),175,-,-,-,-,1,65,0.7,-,6.05
572,"573Dani RabaGranada, 26, AM(CR)",Dani Raba,26, AM(CR),,,0(2),24,-,-,-,-,-,66.7,-,-,6.05
573,"574Tomás MendesDeportivo Alaves, 17, Midfielder",Tomás Mendes,17, Midfielder,,,0(1),8,-,-,-,-,-,80,-,-,6.04
574,"575Víctor GómezEspanyol, 22, D(R),M(R)",Víctor Gómez,22, D(R),M(R),,0(1),3,-,-,-,-,-,100,-,-,6.04
575,"576Yacine QasmiRayo Vallecano, 31, Forward",Yacine Qasmi,31, Forward,,,0(1),3,-,-,-,-,-,50,1,-,6.03
576,"577Aleksander SedlarMallorca, 30, D(C)",Aleksander Sedlar,30, D(C),,,3(7),401,-,-,3,1,-,81.7,0.8,-,6.02
577,"578Erick CabacoGetafe, 27, D(C)",Erick Cabaco,27, D(C),,,6(5),405,-,1,2,1,0.1,66.3,0.7,-,6.02
578,"579Alejandro AsensioRayo Vallecano, 21, Forward",Alejandro Asensio,21, Forward,,,0(2),12,-,-,-,-,0.5,85.7,0.5,-,6.02
579,"580Mario DominguezValencia, 18, Midfielder",Mario Dominguez,18, Midfielder,,,0(2),23,-,-,-,-,-,66.7,-,-,6.02
580,"581David TimorGetafe, 32, D(C),M(C)",David Timor,32, D(C),M(C),,3(4),339,-,-,2,-,1.1,81.5,1,-,6.01
581,"582Álvaro SanzBarcelona, 21, Midfielder",Álvaro Sanz,21, Midfielder,,,0(2),27,-,-,-,-,-,83.3,-,-,6.01
582,"583Ander CapaAthletic Bilbao, 30, D(R),M(R)",Ander Capa,30, D(R),M(R),,0(1),3,-,-,-,-,1,50,-,-,6.01
583,"584Omar FarajLevante, 20, Forward",Omar Faraj,20, Forward,,,0(1),3,-,-,-,-,-,-,-,-,6.01
584,"585Adrián ButzkeGranada, 23, FW",Adrián Butzke,23, FW,,,0(1),1,-,-,-,-,-,-,-,-,6.0
585,"586Benjamin LecomteAtletico, 31, GK",Benjamin Lecomte,31, GK,,,1,1,-,-,1,-,-,-,-,-,6.0
586,"587Giuliano SimeoneAtletico, 19, Forward",Giuliano Simeone,19, Forward,,,0(1),1,-,-,-,-,-,33.3,1,-,6.0
587,"588Luca KoleoshoEspanyol, 17, Midfielder",Luca Koleosho,17, Midfielder,,,0(1),1,-,-,-,-,-,100,-,-,6.0
588,"589Miguel BaezaCelta Vigo, 22, Midfielder",Miguel Baeza,22, Midfielder,,,0(1),1,-,-,-,-,-,100,-,-,6.0
589,"590Mika MármolBarcelona, 20, Defender",Mika Mármol,20, Defender,,,0(1),1,-,-,-,-,-,80,-,-,6.0
590,"591Nikita IosifovVillarreal, 21, Midfielder",Nikita Iosifov,21, Midfielder,,,0(1),1,-,-,-,-,-,100,-,-,6.0
591,"592Peru NolaskoainAthletic Bilbao, 23, Defender",Peru Nolaskoain,23, Defender,,,0(1),1,-,-,-,-,-,100,-,-,6.0
592,"593Raúl GarcíaReal Betis, 21, Forward",Raúl García,21, Forward,,,0(1),1,-,-,-,-,-,-,-,-,6.0
593,"594Valentino FattoreSevilla, 20, Defender",Valentino Fattore,20, Defender,,,0(1),1,-,-,-,-,-,-,-,-,6.0
594,"595GoriEspanyol, 20, Midfielder",Gori,20, Midfielder,,,0(1),8,-,-,1,-,-,83.3,-,-,5.99
595,"596Iván MartínDeportivo Alaves, 23, Midfielder",Iván Martín,23, Midfielder,,,2(4),166,-,-,-,-,0.2,82,0.5,-,5.99
596,"597Álvaro AguirreRayo Vallecano, 22, Forward",Álvaro Aguirre,22, Forward,,,0(1),8,-,-,-,-,-,100,-,-,5.98
597,"598Matthew HoppeMallorca, 21, FW",Matthew Hoppe,21, FW,,,1(4),130,-,1,-,-,0.4,70.6,0.4,-,5.98
598,"599Javier SerranoAtletico, 19, Midfielder",Javier Serrano,19, Midfielder,,,1(4),67,-,-,1,1,-,78.4,0.8,-,5.97
599,"600BarberoOsasuna, 23, Forward",Barbero,23, Forward,,,0(6),16,-,-,-,-,-,63.6,0.3,-,5.97
600,"601Andrés MartínRayo Vallecano, 22, Forward",Andrés Martín,22, Forward,,,1(6),182,-,-,-,-,0.7,63.6,0.3,-,5.96
601,"602Jesús SantiagoValencia, 18, Midfielder",Jesús Santiago,18, Midfielder,,,0(3),81,-,-,-,-,-,80,-,-,5.96
602,"603Jon MorcilloAthletic Bilbao, 23, AM(L)",Jon Morcillo,23, AM(L),,,0(7),49,-,-,2,-,0.1,76.9,-,-,5.96
603,"604Javi DíazSevilla, 25, Goalkeeper",Javi Díaz,25, Goalkeeper,,,1,90,-,-,-,-,-,81.3,-,-,5.94
604,"605Juan LatasaReal Madrid, 21, Forward",Juan Latasa,21, Forward,,,0(1),8,-,-,-,-,1,80,-,-,5.94
605,"606Cristhian MosqueraValencia, 17, Defender",Cristhian Mosquera,17, Defender,,,3(3),211,-,-,1,-,0.2,85.5,0.2,-,5.91
606,"607Hugo SoteloCelta Vigo, 18, Midfielder",Hugo Sotelo,18, Midfielder,,,0(1),1,-,-,-,-,-,100,-,-,5.91
607,"608Chema RodríguezGetafe, 30, D(CL)",Chema Rodríguez,30, D(CL),,,2,47,-,-,1,1,0.5,73.3,-,-,5.89
608,"609Juanlu SánchezSevilla, 18, Midfielder",Juanlu Sánchez,18, Midfielder,,,0(1),4,-,-,1,-,-,50,-,-,5.89
609,"610Marc TenasDeportivo Alaves, 21, Forward",Marc Tenas,21, Forward,,,0(3),51,-,-,2,-,-,73.7,0.3,-,5.88
610,"611Dominik GreifMallorca, 25, GK",Dominik Greif,25, GK,,,1,90,-,-,-,-,-,56,-,-,5.86
611,"612Jesús AresoOsasuna, 22, Defender",Jesús Areso,22, Defender,,,2(1),189,-,-,1,-,-,84.2,1,-,5.83
612,"613Javier OntiverosOsasuna, 24, AM(LR)",Javier Ontiveros,24, AM(LR),,,0(3),36,-,-,-,-,0.7,79.3,0.3,-,5.81
613,"614Pedro BenitoCadiz, 22, Forward",Pedro Benito,22, Forward,,,0(1),31,-,-,-,-,-,75,-,-,5.81
614,"615Sergio BarciaGranada, 21, Midfielder",Sergio Barcia,21, Midfielder,,,1,77,-,-,-,-,-,36.4,1,-,5.62
615,"616Juan PérezOsasuna, 25, GK",Juan Pérez,25, GK,,,2,180,-,-,-,-,-,40,-,-,5.44
616,"617Joan GarcíaEspanyol, 21, Goalkeeper",Joan García,21, Goalkeeper,,,1(1),107,-,-,-,-,-,72,-,-,5.0
617,"618Josep GayáMallorca, 21, Defender",Josep Gayá,21, Defender,,,1,59,-,-,-,-,-,82.1,-,-,4.74
